signal_id,eskalatsiya,oof_blend,oof_lgb,oof_lr
SG_000002,0,0.988007,0.38141,0.390112
SG_000003,0,0.935136,0.323803,0.299123
SG_000004,0,0.085114,0.079066,0.097587
SG_000005,0,0.7645,0.220723,0.238991
SG_000006,0,0.271186,0.106386,0.127335
SG_000008,0,0.417764,0.127155,0.150079
SG_000012,1,0.76645,0.222469,0.238076
SG_000013,0,0.4273,0.14183,0.123032
SG_000014,0,0.365429,0.121726,0.135013
SG_000015,0,0.037136,0.074005,0.067159
SG_000016,0,0.838593,0.263652,0.254418
SG_000017,0,0.66285,0.169645,0.235139
SG_000019,0,0.899214,0.286684,0.311896
SG_000020,0,0.423657,0.125394,0.158179
SG_000021,1,0.485757,0.15442,0.133004
SG_000022,0,0.924093,0.307033,0.315883
SG_000023,0,0.597007,0.171034,0.174573
SG_000025,0,0.122307,0.083125,0.110941
SG_000027,0,0.304836,0.107276,0.143694
SG_000028,0,0.180214,0.105017,0.061519
SG_000029,0,0.701164,0.229305,0.170487
SG_000030,0,0.785643,0.23176,0.242477
SG_000031,1,0.576564,0.151215,0.19962
SG_000035,0,0.538293,0.163128,0.148544
SG_000037,0,0.316014,0.118815,0.115037
SG_000038,0,0.655186,0.194368,0.182323
SG_000040,0,0.89875,0.32318,0.240443
SG_000041,0,0.923264,0.316398,0.289886
SG_000042,0,0.808829,0.267517,0.213977
SG_000043,0,0.398221,0.124777,0.144931
SG_000044,0,0.447229,0.149437,0.120118
SG_000045,1,0.6951,0.19725,0.208681
SG_000046,0,0.230364,0.09276,0.148098
SG_000047,1,0.923986,0.307302,0.314931
SG_000051,0,0.158093,0.097357,0.08779
SG_000052,0,0.83225,0.251673,0.268824
SG_000056,1,0.98305,0.368166,0.40236
SG_000057,0,0.74385,0.195085,0.274998
SG_000060,0,0.110614,0.089043,0.083607
SG_000063,1,0.209121,0.097639,0.120926
SG_000064,0,0.1555,0.087921,0.118218
SG_000065,1,0.3091,0.118385,0.112325
SG_000066,0,0.499436,0.152044,0.144241
SG_000067,0,0.109786,0.084063,0.100601
SG_000068,1,0.894529,0.304156,0.261518
SG_000069,0,0.26555,0.108901,0.117053
SG_000070,0,0.5845,0.147761,0.2167
SG_000071,0,0.599729,0.167878,0.182064
SG_000074,0,0.739136,0.188354,0.291324
SG_000076,0,0.403479,0.1296,0.136068
SG_000077,0,0.526614,0.14683,0.17284
SG_000078,1,0.87055,0.276735,0.276031
SG_000079,0,0.475186,0.140396,0.152794
SG_000082,0,0.963993,0.34057,0.353472
SG_000084,0,0.580679,0.16833,0.167363
SG_000085,0,0.868636,0.279059,0.268577
SG_000088,0,0.255114,0.106416,0.117875
SG_000089,0,0.1885,0.098102,0.106376
SG_000090,0,0.217493,0.101731,0.111332
SG_000091,0,0.497314,0.139745,0.168627
SG_000093,0,0.367614,0.120463,0.139681
SG_000094,0,0.026714,0.068346,0.069399
SG_000095,0,0.892593,0.311035,0.248767
SG_000096,0,0.954929,0.355022,0.289826
SG_000097,0,0.573243,0.151998,0.194614
SG_000098,0,0.427421,0.131308,0.14543
SG_000101,0,0.960036,0.341677,0.323308
SG_000102,0,0.790621,0.219641,0.279006
SG_000103,0,0.3589,0.104837,0.188273
SG_000104,0,0.271714,0.10582,0.129431
SG_000108,0,0.127936,0.090952,0.091061
SG_000109,0,0.336921,0.122576,0.116009
SG_000110,0,0.270714,0.106303,0.127334
SG_000111,1,0.751436,0.221134,0.222799
SG_000112,0,0.329486,0.123081,0.110139
SG_000113,0,0.284414,0.122803,0.075746
SG_000114,0,0.331664,0.108707,0.155276
SG_000115,0,0.247736,0.107379,0.11093
SG_000116,0,0.569793,0.164531,0.16634
SG_000117,0,0.742307,0.205599,0.243237
SG_000119,0,0.28605,0.113833,0.11344
SG_000121,0,0.742657,0.217963,0.218489
SG_000122,1,0.898,0.317632,0.246214
SG_000123,0,0.663286,0.191135,0.193431
SG_000124,1,0.932579,0.316361,0.312088
SG_000126,0,0.170707,0.092902,0.113791
SG_000127,0,0.214843,0.098192,0.122354
SG_000128,0,0.640564,0.179979,0.191607
SG_000130,0,0.483507,0.160075,0.122579
SG_000131,1,0.061236,0.078988,0.076631
SG_000132,0,0.221529,0.101954,0.113086
SG_000133,0,0.460014,0.133775,0.159748
SG_000134,0,0.199486,0.091843,0.133257
SG_000135,0,0.974229,0.418729,0.289697
SG_000136,0,0.409671,0.142276,0.11116
SG_000138,0,0.783821,0.218435,0.269785
SG_000139,1,0.62165,0.195987,0.156034
SG_000140,0,0.255457,0.101523,0.134335
SG_000141,0,0.874579,0.292227,0.253157
SG_000142,0,0.041971,0.077408,0.056665
SG_000143,0,0.8579,0.277573,0.254955
SG_000144,0,0.424036,0.134754,0.136191
SG_000145,0,0.533536,0.176898,0.127538
SG_000148,1,0.182793,0.103977,0.073548
SG_000150,0,0.699407,0.182053,0.246886
SG_000151,0,0.210121,0.108984,0.074764
SG_000152,1,0.346336,0.117169,0.13726
SG_000154,1,0.7992,0.220252,0.294383
SG_000155,0,0.909514,0.312206,0.271562
SG_000156,1,0.471057,0.126335,0.188658
SG_000157,1,0.931764,0.339699,0.265245
SG_000158,1,0.107914,0.092945,0.054464
SG_000159,0,0.785786,0.249998,0.214342
SG_000160,0,0.525629,0.138881,0.192
SG_000162,1,0.74215,0.222164,0.211863
SG_000164,0,0.283143,0.09725,0.165613
SG_000166,0,0.770064,0.239966,0.211934
SG_000167,0,0.748914,0.234471,0.200956
SG_000168,0,0.396886,0.125234,0.142914
SG_000169,0,0.913386,0.301054,0.304006
SG_000170,0,0.519529,0.156021,0.14935
SG_000171,0,0.159843,0.087164,0.122952
SG_000172,1,0.167707,0.100376,0.080011
SG_000174,0,0.504093,0.13331,0.192398
SG_000175,0,0.71225,0.207316,0.207606
SG_000176,0,0.18505,0.090841,0.127681
SG_000177,0,0.229379,0.105017,0.107023
SG_000180,1,0.310886,0.10242,0.163621
SG_000181,1,0.4195,0.132051,0.139661
SG_000182,1,0.818857,0.238116,0.276613
SG_000183,0,0.231721,0.098972,0.129134
SG_000184,0,0.329479,0.123233,0.109494
SG_000185,0,0.761264,0.208089,0.263684
SG_000186,1,0.230679,0.104167,0.111016
SG_000188,0,0.792186,0.250979,0.219124
SG_000189,0,0.178679,0.093532,0.116415
SG_000190,0,0.807564,0.213674,0.403762
SG_000191,0,0.54545,0.159379,0.159468
SG_000194,0,0.212914,0.100805,0.112304
SG_000197,0,0.046086,0.071201,0.084446
SG_000198,0,0.93185,0.319036,0.301726
SG_000199,1,0.234186,0.098398,0.132548
SG_000200,0,0.814414,0.273991,0.211085
SG_000202,0,0.737857,0.200125,0.249709
SG_000204,1,0.858836,0.278075,0.255156
SG_000206,0,0.554714,0.156345,0.171885
SG_000208,0,0.432564,0.127487,0.158703
SG_000209,0,0.355843,0.12263,0.127149
SG_000210,0,0.6619,0.192646,0.189526
SG_000212,0,0.961293,0.33437,0.374952
SG_000213,0,0.638421,0.188188,0.178277
SG_000215,0,0.102079,0.082391,0.100029
SG_000216,0,0.202529,0.10172,0.101632
SG_000220,0,0.036664,0.077876,0.035991
SG_000221,0,0.056729,0.07718,0.07885
SG_000222,0,0.350057,0.115178,0.145261
SG_000223,1,0.747607,0.237032,0.196503
SG_000224,1,0.596121,0.1574,0.200421
SG_000225,1,0.841807,0.271659,0.244588
SG_000226,0,0.180693,0.103004,0.076736
SG_000228,0,0.9627,0.342618,0.333961
SG_000230,1,0.45815,0.130974,0.165681
SG_000231,0,0.329764,0.115144,0.134469
SG_000233,0,0.240507,0.109941,0.097361
SG_000234,0,0.069479,0.075432,0.095029
SG_000235,0,0.436229,0.128823,0.156895
SG_000236,0,0.155293,0.097183,0.086166
SG_000237,0,0.17155,0.097231,0.098874
SG_000238,0,0.879436,0.317418,0.224515
SG_000239,0,0.164771,0.088646,0.122137
SG_000241,0,0.792864,0.243969,0.230604
SG_000243,1,0.548479,0.175839,0.137063
SG_000245,0,0.8955,0.295667,0.278996
SG_000247,0,0.340607,0.117169,0.134149
SG_000248,0,0.621593,0.185741,0.169935
SG_000249,0,0.764079,0.212155,0.255653
SG_000251,0,0.422114,0.142325,0.118346
SG_000252,0,0.093329,0.078999,0.103305
SG_000254,0,0.762493,0.236244,0.210303
SG_000255,0,0.796686,0.278479,0.190622
SG_000256,1,0.886064,0.293008,0.269196
SG_000257,0,0.246493,0.099031,0.137106
SG_000258,0,0.422607,0.13479,0.135218
SG_000259,1,0.021836,0.066681,0.066139
SG_000260,0,0.882986,0.30259,0.247835
SG_000261,0,0.306557,0.102684,0.159869
SG_000263,1,0.411421,0.143767,0.109422
SG_000264,0,0.170157,0.098287,0.092996
SG_000265,0,0.545221,0.17056,0.142237
SG_000266,0,0.521414,0.140248,0.184855
SG_000267,0,0.489293,0.157507,0.130038
SG_000268,0,0.627879,0.176403,0.18759
SG_000272,0,0.20965,0.102481,0.103451
SG_000273,0,0.074793,0.076063,0.097696
SG_000274,0,0.013179,0.069305,0.025336
SG_000275,1,0.856343,0.297452,0.223149
SG_000276,0,0.338164,0.122954,0.1155
SG_000277,0,0.421971,0.13508,0.134351
SG_000278,0,0.156693,0.083064,0.131256
SG_000279,0,0.012907,0.067564,0.042861
SG_000280,0,0.421479,0.134439,0.135383
SG_000281,0,0.42535,0.131103,0.144795
SG_000282,0,0.248686,0.100246,0.134926
SG_000283,1,0.939643,0.346217,0.270391
SG_000285,0,0.421436,0.124782,0.159422
SG_000288,0,0.166707,0.095371,0.102392
SG_000289,0,0.547621,0.155694,0.16796
SG_000292,0,0.800114,0.272761,0.199856
SG_000293,0,0.585379,0.156958,0.192777
SG_000294,0,0.032679,0.058528,0.085947
SG_000295,0,0.832129,0.256949,0.257598
SG_000296,0,0.956793,0.367237,0.281672
SG_000297,0,0.314664,0.112973,0.132705
SG_000298,0,0.665207,0.191815,0.193468
SG_000299,0,0.996764,0.454313,0.383518
SG_000300,1,0.525486,0.170347,0.13176
SG_000303,0,0.92505,0.326913,0.272125
SG_000305,0,0.911693,0.34646,0.232334
SG_000307,0,0.94345,0.341932,0.282422
SG_000308,0,0.569671,0.164772,0.165931
SG_000310,1,0.755464,0.224193,0.222177
SG_000311,0,0.299471,0.104212,0.15005
SG_000312,0,0.659886,0.188123,0.194554
SG_000313,0,0.461721,0.116091,0.226677
SG_000315,0,0.343157,0.115219,0.141308
SG_000316,0,0.1896,0.095044,0.117928
SG_000317,0,0.378771,0.133005,0.114269
SG_000318,0,0.467443,0.139844,0.149206
SG_000322,1,0.781286,0.274475,0.183238
SG_000323,1,0.788214,0.261682,0.202549
SG_000324,0,0.434979,0.132894,0.146435
SG_000326,1,0.734436,0.200625,0.243893
SG_000327,0,0.563793,0.15959,0.171331
SG_000330,0,0.279,0.120449,0.082779
SG_000331,0,0.878564,0.312465,0.230203
SG_000332,0,0.275371,0.102781,0.140621
SG_000336,1,0.869307,0.299565,0.235375
SG_000337,0,0.380243,0.110655,0.181789
SG_000338,0,0.102986,0.080378,0.106414
SG_000340,1,0.155143,0.101471,0.050365
SG_000342,0,0.629143,0.184323,0.177369
SG_000343,0,0.579921,0.156002,0.191165
SG_000344,0,0.248914,0.096455,0.147233
SG_000346,0,0.296879,0.094707,0.185496
SG_000348,0,0.856064,0.29013,0.232596
SG_000352,0,0.710129,0.214627,0.194897
SG_000353,1,0.927793,0.354715,0.246278
SG_000354,0,0.12535,0.091051,0.088274
SG_000355,0,0.47715,0.136042,0.164718
SG_000356,0,0.328029,0.119767,0.119726
SG_000358,0,0.805964,0.239194,0.254426
SG_000359,0,0.272257,0.109977,0.117637
SG_000361,0,0.990579,0.402229,0.356136
SG_000362,0,0.655171,0.191724,0.186007
SG_000363,0,0.655393,0.180508,0.203469
SG_000364,0,0.446186,0.128512,0.164424
SG_000365,1,0.002071,0.059433,0.024487
SG_000367,0,0.534229,0.163787,0.145349
SG_000369,0,0.208486,0.089454,0.144349
SG_000371,1,0.772814,0.232781,0.226332
SG_000372,0,0.133486,0.084446,0.114532
SG_000373,1,0.635171,0.171543,0.203311
SG_000374,1,0.9295,0.319026,0.297367
SG_000375,0,0.379,0.115007,0.164029
SG_000376,0,0.490771,0.137141,0.171725
SG_000377,1,0.051829,0.073901,0.08403
SG_000379,0,0.750764,0.223142,0.218346
SG_000380,0,0.064114,0.083472,0.051266
SG_000381,0,0.274979,0.10501,0.134071
SG_000382,0,0.5927,0.148506,0.223382
SG_000383,0,0.70955,0.206122,0.20713
SG_000384,0,0.883471,0.322517,0.223478
SG_000385,0,0.754721,0.231245,0.210034
SG_000387,0,0.655086,0.175591,0.211826
SG_000388,0,0.769264,0.214071,0.259526
SG_000389,0,0.665557,0.197413,0.184206
SG_000390,0,0.4634,0.123653,0.192566
SG_000391,0,0.494793,0.146895,0.15138
SG_000392,0,0.4334,0.124797,0.166982
SG_000393,0,0.604479,0.162066,0.196526
SG_000396,0,0.835379,0.275983,0.22989
SG_000399,1,0.152071,0.096135,0.088714
SG_000400,0,0.390186,0.133789,0.119337
SG_000403,0,0.914521,0.321775,0.263821
SG_000404,0,0.775507,0.224245,0.245139
SG_000405,1,0.057821,0.081934,0.051552
SG_000406,0,0.467443,0.144212,0.140766
SG_000407,0,0.461836,0.128596,0.17516
SG_000408,1,0.71855,0.224656,0.188539
SG_000409,0,0.747107,0.24165,0.19039
SG_000410,0,0.97965,0.360256,0.435432
SG_000411,1,0.106179,0.09095,0.068454
SG_000412,0,0.121279,0.091676,0.081882
SG_000413,0,0.678243,0.189962,0.207852
SG_000416,0,0.771264,0.240159,0.212794
SG_000417,0,0.379971,0.136869,0.105421
SG_000418,0,0.139014,0.086768,0.111332
SG_000421,1,0.797886,0.250333,0.226259
SG_000423,0,0.224936,0.105137,0.103742
SG_000424,0,0.386493,0.148677,0.077512
SG_000426,0,0.052071,0.081345,0.041302
SG_000427,0,0.081886,0.08088,0.089423
SG_000428,0,0.706586,0.232105,0.171394
SG_000429,0,0.108393,0.085917,0.093667
SG_000432,0,0.7273,0.21905,0.203168
SG_000433,0,0.055043,0.07479,0.084309
SG_000434,1,0.609507,0.171635,0.182565
SG_000437,0,0.852686,0.30401,0.212295
SG_000438,0,0.375107,0.136558,0.103137
SG_000439,0,0.506057,0.137353,0.181809
SG_000441,0,0.185636,0.0901,0.130415
SG_000442,0,0.588464,0.170934,0.168289
SG_000443,0,0.872086,0.2714,0.29595
SG_000445,0,0.912193,0.312957,0.274119
SG_000446,0,0.52795,0.172079,0.130898
SG_000447,0,0.038036,0.076194,0.056706
SG_000448,1,0.171314,0.098638,0.092208
SG_000449,0,0.62415,0.175728,0.185795
SG_000451,1,0.977307,0.370555,0.331112
SG_000453,0,0.259371,0.115582,0.088064
SG_000455,0,0.135986,0.089268,0.102831
SG_000456,1,0.85745,0.27502,0.259432
SG_000457,0,0.833357,0.255772,0.262342
SG_000458,1,0.883493,0.316304,0.231519
SG_000459,0,0.809964,0.260652,0.224084
SG_000461,0,0.0833,0.087795,0.051913
SG_000463,0,0.628086,0.172935,0.19426
SG_000464,0,0.714086,0.217126,0.194444
SG_000465,0,0.321471,0.129345,0.08334
SG_000466,1,0.152029,0.089532,0.112324
SG_000467,0,0.418186,0.120822,0.169378
SG_000468,1,0.530593,0.146364,0.176839
SG_000469,0,0.852379,0.291519,0.226482
SG_000470,1,0.577607,0.159273,0.182059
SG_000472,0,0.19675,0.096928,0.116093
SG_000473,0,0.474107,0.128806,0.183383
SG_000477,0,0.294721,0.107057,0.138773
SG_000478,0,0.590707,0.166307,0.178862
SG_000479,0,0.290836,0.117729,0.102384
SG_000481,0,0.472979,0.142375,0.147151
SG_000483,0,0.732843,0.215585,0.213449
SG_000485,0,0.092993,0.085728,0.080262
SG_000486,0,0.200721,0.086732,0.146598
SG_000489,0,0.698043,0.216022,0.183684
SG_000490,0,0.364543,0.12328,0.130274
SG_000491,0,0.625171,0.162942,0.212922
SG_000492,0,0.749771,0.209155,0.244046
SG_000493,0,0.14,0.091674,0.097538
SG_000495,0,0.677729,0.193756,0.200988
SG_000499,0,0.893607,0.286192,0.299653
SG_000500,0,0.644593,0.197743,0.168352
SG_000502,0,0.834829,0.280993,0.222449
SG_000503,0,0.265429,0.102451,0.136617
SG_000504,0,0.682736,0.203299,0.189242
SG_000505,1,0.947471,0.327383,0.322526
SG_000507,0,0.52055,0.161864,0.140556
SG_000508,0,0.108343,0.088174,0.084683
SG_000509,1,0.656236,0.187267,0.193049
SG_000510,0,0.070479,0.081237,0.076662
SG_000512,0,0.551007,0.135874,0.225701
SG_000514,0,0.827443,0.255498,0.254239
SG_000515,1,0.498879,0.172146,0.113793
SG_000516,0,0.359357,0.129034,0.1122
SG_000517,0,0.136371,0.082511,0.121033
SG_000518,0,0.006721,0.060688,0.047096
SG_000519,0,0.782414,0.234759,0.234095
SG_000520,0,0.237836,0.093346,0.150366
SG_000521,0,0.379114,0.123891,0.136791
SG_000522,0,0.17495,0.097083,0.101758
SG_000523,0,0.834479,0.252136,0.271344
SG_000525,0,0.939036,0.321032,0.315503
SG_000528,1,0.343307,0.122864,0.119149
SG_000529,0,0.966693,0.373672,0.294959
SG_000531,0,0.320193,0.12261,0.105534
SG_000532,0,0.098386,0.086697,0.081401
SG_000533,1,0.739786,0.228592,0.20055
SG_000534,1,0.640329,0.178258,0.194455
SG_000537,1,0.800714,0.23631,0.253589
SG_000538,0,0.614729,0.178196,0.175629
SG_000539,0,0.183943,0.098148,0.103375
SG_000540,0,0.478171,0.146673,0.142468
SG_000541,0,0.505143,0.1378,0.18015
SG_000542,1,0.420121,0.139965,0.122833
SG_000543,1,0.910786,0.311781,0.274344
SG_000544,0,0.114279,0.093875,0.057053
SG_000545,0,0.931807,0.341612,0.262598
SG_000546,0,0.773071,0.23624,0.220722
SG_000547,1,0.110529,0.083315,0.102926
SG_000548,0,0.161286,0.098543,0.084089
SG_000549,0,0.481843,0.164231,0.11495
SG_000550,0,0.182043,0.101668,0.086298
SG_000552,0,0.153357,0.085592,0.123343
SG_000553,0,0.642436,0.191821,0.176604
SG_000554,0,0.299943,0.117294,0.109945
SG_000555,0,0.221964,0.092028,0.144963
SG_000556,0,0.546029,0.151375,0.175992
SG_000557,0,0.618014,0.17364,0.184737
SG_000558,1,0.8402,0.269123,0.246596
SG_000559,0,0.886586,0.286207,0.284484
SG_000560,0,0.31765,0.113224,0.133368
SG_000562,0,0.365821,0.119097,0.142887
SG_000564,0,0.084421,0.081041,0.091009
SG_000565,0,0.074964,0.080932,0.083062
SG_000566,0,0.816643,0.283549,0.201959
SG_000568,0,0.109364,0.094118,0.036765
SG_000569,0,0.284464,0.11574,0.105463
SG_000570,0,0.441307,0.119096,0.193583
SG_000571,0,0.609936,0.188799,0.158168
SG_000573,1,0.948421,0.327165,0.328619
SG_000574,0,0.224936,0.101404,0.117178
SG_000575,0,0.192121,0.098724,0.106314
SG_000576,0,0.630593,0.187273,0.17433
SG_000577,0,0.315171,0.115198,0.126071
SG_000578,0,0.1447,0.09283,0.097067
SG_000579,0,0.170214,0.097127,0.098425
SG_000581,0,0.811021,0.252747,0.238292
SG_000582,0,0.201786,0.094943,0.125349
SG_000584,0,0.825329,0.230739,0.318288
SG_000586,0,0.338043,0.110267,0.154138
SG_000587,0,0.801407,0.237259,0.25311
SG_000589,0,0.402093,0.113528,0.186139
SG_000590,0,0.965936,0.33883,0.396917
SG_000592,1,0.70355,0.20408,0.204988
SG_000595,0,0.118979,0.088278,0.093609
SG_000596,0,0.289871,0.119415,0.096437
SG_000597,0,0.866507,0.280301,0.263534
SG_000599,0,0.414271,0.120021,0.170154
SG_000600,0,0.575471,0.157193,0.184634
SG_000601,0,0.204114,0.093095,0.132465
SG_000602,0,0.505671,0.142674,0.166987
SG_000604,0,0.348979,0.119617,0.132065
SG_000605,0,0.716321,0.214851,0.199584
SG_000606,0,0.239407,0.101159,0.126604
SG_000607,0,0.654193,0.206874,0.164176
SG_000608,0,0.823186,0.26737,0.229224
SG_000609,1,0.917871,0.313298,0.284787
SG_000611,0,0.206246,0.100552,0.108608
SG_000612,0,0.402521,0.13394,0.125976
SG_000613,0,0.516079,0.175457,0.119438
SG_000618,0,0.019586,0.068834,0.054524
SG_000620,0,0.204436,0.100234,0.108762
SG_000622,0,0.026407,0.069374,0.066186
SG_000623,0,0.116829,0.090269,0.084119
SG_000624,0,0.227986,0.108788,0.092597
SG_000625,0,0.943936,0.328209,0.309849
SG_000626,0,0.310257,0.110342,0.138086
SG_000627,0,0.781921,0.261975,0.196387
SG_000628,0,0.455779,0.123711,0.186332
SG_000630,0,0.631086,0.191259,0.169673
SG_000631,0,0.638386,0.195405,0.168006
SG_000632,0,0.1527,0.083665,0.127627
SG_000635,0,0.400293,0.13485,0.122537
SG_000636,1,0.723793,0.206309,0.220766
SG_000637,0,0.282493,0.11297,0.114172
SG_000639,0,0.201757,0.107387,0.074301
SG_000641,0,0.865879,0.286505,0.250867
SG_000642,0,0.238586,0.104504,0.114243
SG_000644,1,0.859893,0.267612,0.279645
SG_000645,0,0.264714,0.118707,0.076894
SG_000647,0,0.20665,0.101746,0.104152
SG_000649,0,0.738879,0.203004,0.244591
SG_000650,0,0.812014,0.26831,0.215696
SG_000651,0,0.9917,0.408174,0.35852
SG_000652,0,0.494014,0.143879,0.15711
SG_000653,0,0.961164,0.401598,0.26897
SG_000654,0,0.427221,0.162381,0.077457
SG_000655,0,0.403557,0.135923,0.122175
SG_000656,0,0.3727,0.114762,0.161257
SG_000658,0,0.291343,0.114128,0.115328
SG_000659,0,0.682136,0.202912,0.189049
SG_000660,0,0.497621,0.137845,0.174704
SG_000661,0,0.814036,0.248261,0.248966
SG_000663,1,0.879507,0.315511,0.227422
SG_000664,1,0.415686,0.118955,0.175349
SG_000667,1,0.451571,0.129861,0.164034
SG_000668,0,0.958421,0.357133,0.295763
SG_000669,0,0.7734,0.240292,0.214676
SG_000670,0,0.071693,0.083731,0.065189
SG_000671,0,0.166914,0.095117,0.103664
SG_000673,1,0.514071,0.164487,0.133307
SG_000675,1,0.354907,0.116382,0.144144
SG_000676,0,0.53045,0.145747,0.178017
SG_000680,0,0.461457,0.133937,0.160283
SG_000681,1,0.6079,0.16932,0.185063
SG_000682,0,0.2515,0.091613,0.164576
SG_000683,0,0.765743,0.239541,0.208401
SG_000684,0,0.666293,0.216872,0.160953
SG_000685,0,0.759579,0.260738,0.180774
SG_000686,0,0.725193,0.23802,0.177947
SG_000687,0,0.522807,0.158629,0.147102
SG_000688,0,0.2859,0.106341,0.135837
SG_000689,0,0.764307,0.223099,0.233865
SG_000690,0,0.156707,0.080566,0.137369
SG_000694,0,0.9902,0.392497,0.376872
SG_000697,1,0.957393,0.34801,0.303454
SG_000699,1,0.864536,0.303454,0.224729
SG_000700,0,0.409679,0.127672,0.144179
SG_000701,0,0.060064,0.07316,0.092828
SG_000702,0,0.082243,0.075961,0.103101
SG_000703,0,0.327679,0.111488,0.144287
SG_000704,0,0.090186,0.075026,0.109626
SG_000705,0,0.406871,0.123334,0.153755
SG_000707,0,0.46895,0.132811,0.168068
SG_000708,0,0.3528,0.119056,0.136006
SG_000710,0,0.624721,0.175053,0.18735
SG_000711,0,0.306136,0.103959,0.155017
SG_000712,0,0.720171,0.197972,0.233119
SG_000714,0,0.238307,0.089476,0.162879
SG_000715,0,0.6091,0.164484,0.195401
SG_000718,0,0.413314,0.123378,0.157738
SG_000720,0,0.968771,0.375845,0.29823
SG_000721,0,0.148243,0.093118,0.098476
SG_000723,0,0.274036,0.111517,0.113854
SG_000724,0,0.231571,0.107108,0.101207
SG_000725,0,0.412557,0.108918,0.216418
SG_000726,0,0.486107,0.144909,0.149978
SG_000728,0,0.6915,0.163863,0.306927
SG_000729,0,0.253757,0.09629,0.150369
SG_000730,0,0.5669,0.157695,0.177525
SG_000731,1,0.422357,0.133672,0.137698
SG_000732,0,0.346664,0.119723,0.13051
SG_000733,1,0.789636,0.281741,0.182516
SG_000735,1,0.730886,0.208787,0.2231
SG_000736,0,0.1052,0.093435,0.036462
SG_000738,0,0.440829,0.151992,0.111116
SG_000740,0,0.808086,0.26194,0.220283
SG_000741,0,0.86865,0.277601,0.271027
SG_000744,0,0.5231,0.157431,0.148678
SG_000745,0,0.537807,0.167682,0.142401
SG_000746,0,0.922771,0.304465,0.319414
SG_000747,1,0.856214,0.269793,0.268576
SG_000748,0,0.861143,0.281198,0.253583
SG_000749,1,0.142193,0.090045,0.104346
SG_000752,0,0.787536,0.226243,0.256949
SG_000753,0,0.990679,0.456766,0.330514
SG_000754,0,0.347879,0.121536,0.125571
SG_000755,0,0.321936,0.119165,0.117843
SG_000756,0,0.233779,0.108894,0.096685
SG_000757,0,0.758886,0.229513,0.216408
SG_000758,0,0.269964,0.096619,0.159822
SG_000760,0,0.405357,0.136857,0.121343
SG_000761,0,0.780864,0.246077,0.214765
SG_000763,0,0.726864,0.202663,0.231313
SG_000765,0,0.496157,0.148716,0.148635
SG_000766,0,0.2605,0.109539,0.111825
SG_000767,0,0.291186,0.116221,0.108083
SG_000771,0,0.006514,0.059831,0.047153
SG_000772,0,0.282807,0.113734,0.111785
SG_000773,0,0.427664,0.142456,0.121788
SG_000774,0,0.242671,0.102278,0.124315
SG_000775,0,0.570886,0.196145,0.127175
SG_000776,0,0.098343,0.090301,0.061052
SG_000777,0,0.476079,0.149395,0.136455
SG_000778,0,0.322386,0.110251,0.144743
SG_000779,0,0.096457,0.071398,0.119344
SG_000780,0,0.811914,0.242858,0.255782
SG_000781,0,0.394679,0.112697,0.183989
SG_000782,1,0.684307,0.183522,0.226001
SG_000783,0,0.111771,0.085378,0.097433
SG_000784,0,0.332871,0.120201,0.121147
SG_000785,0,0.114093,0.092858,0.067273
SG_000786,0,0.529964,0.17218,0.131929
SG_000787,0,0.451579,0.113617,0.231478
SG_000789,0,0.109164,0.077293,0.117135
SG_000791,0,0.560736,0.147234,0.196994
SG_000792,0,0.298707,0.106489,0.1422
SG_000793,0,0.461457,0.134571,0.158137
SG_000794,1,0.801736,0.26956,0.204874
SG_000795,0,0.301614,0.115219,0.11801
SG_000796,0,0.299721,0.106696,0.142162
SG_000800,0,0.539664,0.13826,0.205648
SG_000801,0,0.856607,0.284172,0.24235
SG_000804,0,0.876036,0.291115,0.256586
SG_000805,0,0.148657,0.08533,0.121193
SG_000806,0,0.545757,0.135309,0.222273
SG_000807,0,0.421064,0.133852,0.136666
SG_000808,1,0.905679,0.311142,0.267593
SG_000810,0,0.660507,0.174417,0.220536
SG_000813,0,0.040221,0.067717,0.085126
SG_000814,0,0.161736,0.097321,0.091204
SG_000815,0,0.546857,0.146825,0.187326
SG_000818,0,0.971264,0.394668,0.29038
SG_000819,0,0.096971,0.078379,0.107133
SG_000822,0,0.711193,0.219022,0.189728
SG_000823,0,0.570629,0.147681,0.204507
SG_000824,0,0.725821,0.214787,0.207968
SG_000825,0,0.849493,0.285128,0.232115
SG_000827,0,0.721014,0.197711,0.234975
SG_000828,0,0.598907,0.139571,0.270354
SG_000829,0,0.176014,0.094874,0.110414
SG_000830,1,0.816629,0.238297,0.272261
SG_000831,1,0.344686,0.113703,0.147237
SG_000832,1,0.863807,0.275149,0.268584
SG_000833,0,0.267464,0.114207,0.10024
SG_000834,0,0.244871,0.104849,0.117075
SG_000835,0,0.651071,0.169676,0.221325
SG_000836,0,0.314871,0.115051,0.126571
SG_000837,1,0.446643,0.145555,0.127061
SG_000838,0,0.574736,0.151266,0.197955
SG_000839,0,0.769579,0.233556,0.221547
SG_000841,0,0.313171,0.123401,0.098248
SG_000842,0,0.631571,0.181865,0.182478
SG_000843,0,0.9476,0.332995,0.307401
SG_000844,0,0.459143,0.138372,0.147925
SG_000845,0,0.807393,0.255257,0.229949
SG_000846,0,0.420571,0.117441,0.183553
SG_000847,1,0.65225,0.188461,0.188218
SG_000848,0,0.274864,0.100548,0.148126
SG_000850,0,0.681243,0.18626,0.21692
SG_000852,0,0.177886,0.104439,0.062631
SG_000853,0,0.158329,0.088633,0.118113
SG_000854,0,0.700121,0.195911,0.216448
SG_000855,0,0.103171,0.089461,0.073908
SG_000858,0,0.54815,0.155679,0.168278
SG_000859,0,0.143686,0.094387,0.089338
SG_000860,0,0.093629,0.088161,0.068755
SG_000861,0,0.883829,0.266651,0.374759
SG_000862,0,0.135171,0.086299,0.110407
SG_000863,0,0.8888,0.328972,0.222453
SG_000866,0,0.889307,0.333443,0.218674
SG_000867,0,0.816036,0.271752,0.215486
SG_000868,0,0.271421,0.114566,0.101336
SG_000869,1,0.314957,0.120444,0.109462
SG_000870,0,0.767164,0.229741,0.224393
SG_000871,0,0.940286,0.33195,0.292648
SG_000872,0,0.023857,0.073007,0.043665
SG_000873,1,0.8925,0.301968,0.262511
SG_000874,0,0.800771,0.243301,0.240633
SG_000876,0,0.4997,0.158994,0.133515
SG_000877,0,0.65275,0.181363,0.199573
SG_000878,0,0.280886,0.113185,0.112437
SG_000879,0,0.463086,0.143594,0.139629
SG_000880,0,0.789129,0.217665,0.28207
SG_000881,0,0.397971,0.136521,0.1174
SG_000882,1,0.386179,0.128442,0.129478
SG_000884,0,0.3863,0.120546,0.149832
SG_000885,1,0.809679,0.246264,0.246714
SG_000886,0,0.294364,0.106485,0.139834
SG_000887,0,0.828636,0.285751,0.209758
SG_000892,0,0.935093,0.322137,0.30205
SG_000893,0,0.239157,0.084232,0.179754
SG_000894,0,0.040421,0.078045,0.048522
SG_000895,0,0.422071,0.127263,0.152499
SG_000896,0,0.43565,0.131674,0.149575
SG_000897,0,0.522807,0.142855,0.178745
SG_000898,0,0.596779,0.169514,0.176719
SG_000899,1,0.658207,0.200201,0.175063
SG_000900,1,0.3102,0.112205,0.132575
SG_000901,0,0.764479,0.207815,0.269075
SG_000902,0,0.734436,0.206279,0.232475
SG_000904,0,0.012,0.065261,0.04992
SG_000905,0,0.41385,0.1246,0.154957
SG_000906,0,0.9493,0.379951,0.259264
SG_000908,1,0.498214,0.142866,0.161774
SG_000914,0,0.623636,0.156054,0.231956
SG_000915,0,0.173293,0.102797,0.069092
SG_000916,1,0.993257,0.469113,0.346807
SG_000918,0,0.638493,0.180001,0.189875
SG_000919,0,0.666743,0.193598,0.192145
SG_000921,0,0.848507,0.281213,0.237967
SG_000922,0,0.690114,0.192351,0.214161
SG_000923,0,0.258564,0.104527,0.126076
SG_000924,0,0.020571,0.064514,0.068816
SG_000925,0,0.351071,0.114756,0.147596
SG_000926,0,0.859243,0.29301,0.233131
SG_000927,0,0.6757,0.185357,0.21367
SG_000929,0,0.852664,0.286455,0.234748
SG_000930,0,0.94005,0.349113,0.268238
SG_000931,0,0.658893,0.200701,0.174945
SG_000932,0,0.960121,0.33537,0.3564
SG_000933,0,0.3648,0.117217,0.147394
SG_000936,0,0.269943,0.099636,0.148274
SG_000937,0,0.615179,0.175801,0.179113
SG_000939,0,0.433786,0.143814,0.123108
SG_000941,0,0.033586,0.068435,0.077198
SG_000942,0,0.522307,0.164873,0.137608
SG_000944,0,0.160614,0.082901,0.133562
SG_000947,1,0.800079,0.232903,0.260345
SG_000949,0,0.048821,0.07889,0.059689
SG_000951,0,0.109493,0.084351,0.099898
SG_000952,1,0.839043,0.27013,0.243681
SG_000953,0,0.737021,0.207401,0.233232
SG_000955,0,0.788096,0.225471,0.259885
SG_000956,0,0.13085,0.096411,0.063139
SG_000957,0,0.430007,0.125226,0.163157
SG_000958,0,0.123107,0.083581,0.110418
SG_000960,0,0.190929,0.102457,0.090027
SG_000961,0,0.381957,0.114609,0.167401
SG_000962,1,0.836029,0.277636,0.227454
SG_000964,0,0.513257,0.129373,0.213468
SG_000966,0,0.073764,0.082592,0.073919
SG_000967,0,0.277564,0.119402,0.086467
SG_000969,0,0.751143,0.227263,0.212942
SG_000971,0,0.100329,0.089197,0.072054
SG_000972,0,0.312514,0.097587,0.184963
SG_000974,0,0.481736,0.137877,0.163304
SG_000976,1,0.791986,0.262778,0.204474
SG_000978,0,0.241836,0.112893,0.085943
SG_000979,0,0.60935,0.177044,0.173342
SG_000982,0,0.73425,0.204192,0.236377
SG_000983,0,0.072407,0.085532,0.04955
SG_000984,0,0.2655,0.114046,0.099373
SG_000986,0,0.1508,0.095745,0.089642
SG_000989,0,0.397093,0.126098,0.140842
SG_000992,0,0.379157,0.125289,0.1328
SG_000993,0,0.297621,0.123675,0.084561
SG_000994,0,0.635436,0.211347,0.146958
SG_000995,0,0.192471,0.095942,0.116747
SG_000996,0,0.154021,0.092684,0.104022
SG_000997,0,0.838121,0.299654,0.203735
SG_000998,0,0.88615,0.273671,0.3246
SG_000999,0,0.957993,0.364205,0.287044
SG_001000,0,0.219864,0.108472,0.087324
SG_001001,1,0.242214,0.102368,0.123834
SG_001003,0,0.56815,0.167215,0.161852
SG_001005,0,0.701021,0.213889,0.188557
SG_001006,0,0.368407,0.118603,0.14542
SG_001007,1,0.257121,0.102578,0.131519
SG_001008,0,0.156571,0.097206,0.087281
SG_001011,0,0.747436,0.203537,0.255047
SG_001012,1,0.61445,0.182144,0.169751
SG_001013,0,0.813393,0.250289,0.244566
SG_001015,1,0.779664,0.258696,0.197949
SG_001016,0,0.888993,0.310949,0.244292
SG_001017,0,0.712343,0.204578,0.212259
SG_001018,0,0.613907,0.186117,0.163993
SG_001019,0,0.13245,0.089351,0.100208
SG_001020,0,0.637136,0.173557,0.200037
SG_001021,0,0.111807,0.088906,0.085194
SG_001022,0,0.898914,0.303039,0.270719
SG_001024,0,0.413593,0.127704,0.146388
SG_001025,0,0.59955,0.168308,0.180962
SG_001026,0,0.995729,0.413339,0.414832
SG_001029,0,0.447343,0.120242,0.193415
SG_001033,0,0.045693,0.072295,0.082393
SG_001034,0,0.8054,0.227914,0.282658
SG_001035,1,0.498593,0.180719,0.101361
SG_001036,0,0.734229,0.232385,0.191362
SG_001037,0,0.551036,0.149331,0.184374
SG_001038,1,0.850079,0.260531,0.278932
SG_001039,0,0.469729,0.16594,0.105177
SG_001040,0,0.59655,0.153767,0.210282
SG_001041,1,0.62825,0.174487,0.191365
SG_001043,1,0.760568,0.209145,0.259164
SG_001044,0,0.273707,0.101264,0.144884
SG_001045,0,0.194207,0.094302,0.122982
SG_001046,0,0.252014,0.104274,0.123379
SG_001047,1,0.936693,0.328771,0.290704
SG_001050,0,0.342136,0.110506,0.155688
SG_001051,0,0.943957,0.320249,0.342476
SG_001053,0,0.581286,0.168663,0.167137
SG_001054,0,0.743293,0.21675,0.221947
SG_001055,0,0.083793,0.080345,0.093294
SG_001056,0,0.080614,0.088142,0.039598
SG_001057,0,0.763679,0.242016,0.203966
SG_001059,0,0.40585,0.115439,0.181455
SG_001061,0,0.581171,0.17466,0.157752
SG_001062,0,0.162107,0.093487,0.106284
SG_001063,0,0.914564,0.337603,0.243
SG_001064,0,0.724379,0.205882,0.222133
SG_001065,0,0.199,0.102051,0.09785
SG_001068,0,0.698793,0.207919,0.195212
SG_001069,0,0.628582,0.169485,0.201215
SG_001072,0,0.228086,0.095871,0.137514
SG_001073,1,0.502936,0.141845,0.167356
SG_001074,0,0.461707,0.137981,0.150152
SG_001077,0,0.841086,0.254855,0.276494
SG_001079,0,0.382871,0.137139,0.106792
SG_001080,0,0.952657,0.333495,0.321209
SG_001082,0,0.4463,0.132634,0.153619
SG_001083,0,0.9335,0.331493,0.279534
SG_001084,1,0.716836,0.204521,0.21646
SG_001087,0,0.697414,0.201752,0.203482
SG_001088,0,0.241943,0.100794,0.129206
SG_001089,0,0.488336,0.142372,0.15606
SG_001090,0,0.1,0.080498,0.104095
SG_001091,1,0.527136,0.151358,0.162985
SG_001092,0,0.325743,0.108983,0.150697
SG_001093,1,0.394443,0.147092,0.089723
SG_001094,0,0.7047,0.210347,0.195847
SG_001095,0,0.140614,0.095562,0.080902
SG_001096,0,0.815493,0.242929,0.260811
SG_001097,0,0.354743,0.111023,0.162556
SG_001098,1,0.93615,0.319029,0.312805
SG_001099,0,0.309014,0.124842,0.090543
SG_001103,0,0.209093,0.091246,0.139821
SG_001104,0,0.078029,0.083702,0.073992
SG_001105,0,0.31795,0.120088,0.112662
SG_001110,0,0.455279,0.125135,0.181244
SG_001112,0,0.3997,0.122708,0.151289
SG_001113,0,0.699393,0.207685,0.196197
SG_001114,1,0.747093,0.247399,0.184951
SG_001115,0,0.425707,0.125607,0.158977
SG_001116,0,0.339836,0.109106,0.159659
SG_001118,1,0.22745,0.105789,0.102747
SG_001119,0,0.076736,0.081274,0.083289
SG_001120,0,0.088114,0.081722,0.091476
SG_001122,1,0.504064,0.147294,0.155984
SG_001124,0,0.625186,0.162076,0.2148
SG_001127,0,0.870564,0.298966,0.237872
SG_001129,0,0.541657,0.160572,0.154699
SG_001130,0,0.470264,0.126329,0.188246
SG_001131,0,0.948164,0.33411,0.306151
SG_001132,0,0.259,0.116267,0.084138
SG_001134,0,0.693457,0.194233,0.214076
SG_001136,0,0.720064,0.197709,0.233814
SG_001137,0,0.079929,0.084352,0.073506
SG_001138,0,0.684479,0.207473,0.184682
SG_001139,1,0.965443,0.338015,0.396412
SG_001140,0,0.12855,0.091188,0.090627
SG_001141,0,0.931579,0.302333,0.534398
SG_001142,0,0.554421,0.173232,0.143627
SG_001144,0,0.950579,0.3372,0.305182
SG_001145,0,0.076643,0.081261,0.083206
SG_001146,0,0.477929,0.13574,0.165829
SG_001147,0,0.760614,0.218215,0.238711
SG_001148,0,0.310193,0.113515,0.128549
SG_001149,1,0.794143,0.251852,0.220109
SG_001150,0,0.358543,0.11721,0.143725
SG_001151,0,0.965386,0.351828,0.321116
SG_001152,0,0.353029,0.115529,0.145944
SG_001154,1,0.973064,0.361071,0.336432
SG_001156,0,0.653871,0.178962,0.204928
SG_001158,1,0.262393,0.110199,0.111165
SG_001160,0,0.56015,0.15671,0.175043
SG_001162,0,0.585879,0.165199,0.176916
SG_001164,0,0.558286,0.165697,0.157256
SG_001165,0,0.521386,0.157159,0.148364
SG_001166,0,0.514786,0.126429,0.22847
SG_001168,0,0.4803,0.136783,0.165172
SG_001169,0,0.513529,0.12877,0.216675
SG_001170,0,0.2435,0.098102,0.138567
SG_001171,0,0.937021,0.314526,0.336997
SG_001172,0,0.947893,0.325532,0.335349
SG_001173,0,0.578607,0.177118,0.152558
SG_001174,1,0.939229,0.30921,0.59343
SG_001175,0,0.127314,0.093056,0.081382
SG_001176,0,0.559793,0.162844,0.162774
SG_001177,1,0.930729,0.324211,0.28856
SG_001178,0,0.034057,0.069093,0.076495
SG_001179,0,0.138771,0.092067,0.095234
SG_001183,0,0.275414,0.111417,0.11497
SG_001185,1,0.873521,0.322052,0.213877
SG_001186,0,0.8762,0.273408,0.298566
SG_001187,0,0.743143,0.230542,0.200526
SG_001189,0,0.114343,0.093456,0.06209
SG_001191,1,0.929864,0.309912,0.325928
SG_001193,0,0.643979,0.19233,0.176777
SG_001194,0,0.576879,0.172859,0.157749
SG_001195,0,0.059871,0.082089,0.05521
SG_001197,0,0.967929,0.35596,0.322519
SG_001198,0,0.563264,0.183282,0.137499
SG_001199,1,0.6976,0.205245,0.198383
SG_001200,1,0.8518,0.274717,0.252391
SG_001204,1,0.540657,0.154513,0.165403
SG_001206,1,0.773029,0.232902,0.226365
SG_001207,0,0.905329,0.33118,0.239271
SG_001209,0,0.221914,0.097517,0.128667
SG_001212,0,0.766914,0.259731,0.18698
SG_001214,1,0.197357,0.105002,0.083166
SG_001216,0,0.84375,0.24847,0.300219
SG_001218,0,0.304021,0.111619,0.131059
SG_001219,0,0.1626,0.102081,0.058172
SG_001220,1,0.942921,0.328736,0.305224
SG_001221,0,0.425871,0.115619,0.195768
SG_001222,1,0.923371,0.302056,0.336188
SG_001223,0,0.393121,0.105916,0.211791
SG_001224,0,0.911664,0.312041,0.275101
SG_001227,0,0.863693,0.277387,0.264346
SG_001228,0,0.340271,0.118312,0.130728
SG_001231,0,0.636471,0.178799,0.190908
SG_001232,0,0.774329,0.254692,0.198464
SG_001233,1,0.418571,0.130024,0.14337
SG_001234,0,0.246614,0.09962,0.135559
SG_001235,1,0.104136,0.082517,0.100712
SG_001238,0,0.939714,0.350044,0.267433
SG_001239,0,0.776043,0.235423,0.224915
SG_001240,0,0.207964,0.088562,0.145972
SG_001241,0,0.5014,0.154883,0.140885
SG_001242,0,0.873057,0.284155,0.265788
SG_001244,0,0.779093,0.235802,0.228116
SG_001246,0,0.148943,0.085941,0.120024
SG_001247,0,0.215864,0.103431,0.104163
SG_001249,0,0.637257,0.211765,0.147629
SG_001250,0,0.532157,0.14623,0.178354
SG_001251,0,0.242914,0.118077,0.042615
SG_001253,1,0.412714,0.144499,0.108534
SG_001254,0,0.322557,0.116716,0.125241
SG_001256,0,0.520186,0.178964,0.117591
SG_001258,1,0.717243,0.200914,0.223524
SG_001259,0,0.009829,0.06396,0.047672
SG_001260,0,0.737186,0.223047,0.205777
SG_001261,0,0.34385,0.109258,0.161596
SG_001263,0,0.5703,0.172499,0.153963
SG_001265,0,0.69065,0.185215,0.230147
SG_001266,1,0.625014,0.167509,0.203767
SG_001268,0,0.504371,0.146698,0.157847
SG_001269,0,0.943429,0.32071,0.336095
SG_001270,0,0.127586,0.092689,0.083612
SG_001271,0,0.1852,0.097304,0.107512
SG_001272,0,0.346307,0.116366,0.13954
SG_001273,0,0.631879,0.173757,0.195385
SG_001274,0,0.705264,0.20472,0.205437
SG_001275,0,0.111714,0.090684,0.076436
SG_001276,0,0.158921,0.10142,0.060245
SG_001277,0,0.679479,0.19352,0.203143
SG_001278,0,0.299171,0.115917,0.114215
SG_001280,0,0.121221,0.082946,0.110697
SG_001281,0,0.282407,0.112618,0.114893
SG_001282,0,0.210393,0.093844,0.133745
SG_001283,1,0.25555,0.113156,0.095732
SG_001284,0,0.832793,0.285549,0.214037
SG_001286,0,0.836764,0.281246,0.223687
SG_001288,0,0.405414,0.120079,0.163678
SG_001289,0,0.287014,0.104709,0.141168
SG_001290,0,0.521921,0.14206,0.180445
SG_001291,0,0.367993,0.125998,0.124922
SG_001292,0,0.352093,0.119458,0.134277
SG_001294,0,0.872736,0.319355,0.215271
SG_001295,1,0.840493,0.287552,0.21875
SG_001297,0,0.589157,0.161704,0.185433
SG_001299,0,0.993636,0.416047,0.370057
SG_001300,0,0.193379,0.096107,0.116837
SG_001301,0,0.262207,0.104326,0.128674
SG_001302,1,0.5982,0.173038,0.171933
SG_001304,0,0.961257,0.356175,0.302931
SG_001307,1,0.068964,0.082167,0.070749
SG_001308,0,0.600964,0.174916,0.170596
SG_001310,0,0.700893,0.205102,0.201497
SG_001311,1,0.130429,0.086659,0.106297
SG_001315,0,0.9291,0.317944,0.29881
SG_001317,0,0.743193,0.234555,0.196111
SG_001320,1,0.855686,0.265348,0.275862
SG_001323,0,0.448964,0.123794,0.181213
SG_001324,0,0.4895,0.16032,0.125504
SG_001325,0,0.045171,0.068295,0.088889
SG_001326,0,0.222579,0.094268,0.138747
SG_001328,0,0.494243,0.165601,0.120938
SG_001329,0,0.554779,0.137116,0.225094
SG_001330,0,0.292214,0.104667,0.144216
SG_001332,0,0.160879,0.08289,0.133879
SG_001333,1,0.128307,0.084794,0.110645
SG_001334,0,0.4236,0.125395,0.15814
SG_001337,0,0.253129,0.09487,0.154878
SG_001338,0,0.921914,0.333164,0.258663
SG_001339,0,0.957514,0.395582,0.265557
SG_001340,0,0.04865,0.073452,0.082664
SG_001341,1,0.383536,0.116545,0.161388
SG_001342,0,0.824429,0.258335,0.244265
SG_001343,0,0.197993,0.094185,0.125424
SG_001344,1,0.883893,0.266307,0.381505
SG_001345,1,0.92955,0.309587,0.326526
SG_001346,0,0.468043,0.147776,0.134894
SG_001347,0,0.228607,0.112994,0.07136
SG_001348,0,0.310843,0.110686,0.137636
SG_001351,0,0.035393,0.072321,0.07097
SG_001353,1,0.731771,0.191706,0.267793
SG_001355,0,0.14855,0.098882,0.067223
SG_001356,0,0.429507,0.120216,0.180221
SG_001357,0,0.272636,0.120777,0.073582
SG_001358,0,0.942993,0.327757,0.308069
SG_001359,1,0.988936,0.40916,0.337046
SG_001360,0,0.266893,0.106281,0.125217
SG_001363,0,0.480714,0.156122,0.127535
SG_001365,0,0.547007,0.149245,0.18189
SG_001366,0,0.6484,0.173873,0.209587
SG_001367,0,0.392186,0.134997,0.117258
SG_001368,0,0.239407,0.103685,0.117843
SG_001369,0,0.805671,0.238384,0.255299
SG_001370,0,0.884564,0.27981,0.298639
SG_001371,0,0.595321,0.168017,0.178524
SG_001372,0,0.413586,0.137627,0.124333
SG_001373,0,0.628786,0.196707,0.159999
SG_001375,0,0.877643,0.302585,0.241385
SG_001376,0,0.245086,0.105452,0.11504
SG_001377,0,0.582379,0.178253,0.153606
SG_001378,0,0.307014,0.105474,0.150193
SG_001379,1,0.058129,0.069029,0.097847
SG_001380,0,0.702864,0.203951,0.204781
SG_001381,0,0.200157,0.106167,0.078355
SG_001382,0,0.117679,0.080266,0.115623
SG_001383,0,0.273621,0.102758,0.139739
SG_001384,0,0.819571,0.249281,0.254739
SG_001385,1,0.611929,0.202898,0.142658
SG_001386,0,0.359457,0.142832,0.067028
SG_001387,0,0.511279,0.173409,0.119345
SG_001388,1,0.66885,0.171951,0.23687
SG_001391,1,0.746057,0.223316,0.21381
SG_001392,0,0.113393,0.090508,0.07889
SG_001393,0,0.6038,0.169561,0.181697
SG_001394,0,0.106407,0.0697,0.126843
SG_001396,0,0.051343,0.075298,0.078791
SG_001398,0,0.737471,0.208921,0.23058
SG_001399,0,0.757157,0.220102,0.231061
SG_001400,0,0.748293,0.221341,0.219026
SG_001403,1,0.860486,0.270818,0.273709
SG_001404,1,0.949636,0.351183,0.283785
SG_001406,1,0.785764,0.261363,0.200232
SG_001407,0,0.085329,0.086285,0.068616
SG_001408,0,0.951271,0.330527,0.324696
SG_001409,0,0.012186,0.064661,0.05211
SG_001410,0,0.346864,0.116845,0.138374
SG_001411,0,0.750843,0.236235,0.199913
SG_001413,1,0.922986,0.33195,0.261709
SG_001414,1,0.93295,0.333114,0.275679
SG_001416,0,0.196821,0.097747,0.112988
SG_001417,1,0.805093,0.250555,0.234311
SG_001418,1,0.89195,0.291499,0.282105
SG_001420,0,0.232364,0.112328,0.079381
SG_001422,0,0.922857,0.312358,0.298512
SG_001424,0,0.546671,0.144996,0.191715
SG_001425,1,0.865579,0.28238,0.257452
SG_001426,1,0.962421,0.339235,0.347999
SG_001427,1,0.406121,0.133152,0.130225
SG_001428,0,0.553286,0.151197,0.181725
SG_001429,0,0.358521,0.116792,0.144726
SG_001430,0,0.741071,0.190684,0.288647
SG_001431,0,0.364021,0.113938,0.15797
SG_001434,0,0.320986,0.102565,0.169952
SG_001435,0,0.506379,0.157168,0.139854
SG_001436,0,0.03295,0.073583,0.062472
SG_001437,0,0.713229,0.211903,0.200818
SG_001438,1,0.11275,0.076238,0.121495
SG_001439,0,0.92285,0.33402,0.258916
SG_001440,0,0.106764,0.093595,0.040804
SG_001442,0,0.095243,0.090194,0.054801
SG_001443,0,0.769093,0.228807,0.229061
SG_001444,1,0.113086,0.090093,0.081507
SG_001445,0,0.042993,0.077646,0.057168
SG_001449,0,0.728943,0.211914,0.215033
SG_001450,1,0.941286,0.335339,0.288852
SG_001451,0,0.955614,0.327319,0.396758
SG_001452,0,0.415793,0.131304,0.139164
SG_001454,0,0.664807,0.196985,0.184398
SG_001455,0,0.021221,0.064638,0.06933
SG_001456,1,0.107736,0.084632,0.097458
SG_001457,0,0.043164,0.071262,0.081654
SG_001459,0,0.64035,0.184098,0.185501
SG_001460,0,0.216886,0.092779,0.140357
SG_001461,0,0.727507,0.21476,0.209667
SG_001462,0,0.021964,0.055699,0.075808
SG_001463,0,0.929179,0.319875,0.293615
SG_001464,0,0.758257,0.260012,0.180545
SG_001466,1,0.543264,0.152843,0.170931
SG_001467,0,0.133914,0.087941,0.104785
SG_001468,0,0.885029,0.284547,0.285459
SG_001471,0,0.0949,0.085566,0.083202
SG_001473,0,0.572471,0.176623,0.149454
SG_001474,0,0.140164,0.083172,0.12165
SG_001475,0,0.6743,0.187832,0.20738
SG_001477,1,0.38605,0.119791,0.152177
SG_001479,0,0.309521,0.113653,0.127735
SG_001481,0,0.696179,0.197094,0.209932
SG_001482,0,0.477564,0.152053,0.132276
SG_001483,0,0.137921,0.081336,0.124635
SG_001485,0,0.425479,0.137849,0.13053
SG_001486,0,0.095564,0.079515,0.103545
SG_001488,0,0.833079,0.269532,0.23803
SG_001489,0,0.498029,0.13856,0.172766
SG_001490,0,0.834614,0.261689,0.25276
SG_001491,0,0.077807,0.078836,0.092647
SG_001492,1,0.682879,0.204324,0.187402
SG_001495,0,0.212507,0.095669,0.129438
SG_001496,0,0.863779,0.298509,0.230245
SG_001497,1,0.116143,0.080823,0.113445
SG_001498,0,0.652186,0.183649,0.195535
SG_001499,0,0.314214,0.109406,0.142812
SG_001501,1,0.872743,0.283416,0.266363
SG_001502,0,0.698264,0.216662,0.183296
SG_001503,0,0.232014,0.083814,0.175713
SG_001504,1,0.933707,0.334339,0.274613
SG_001507,0,0.106714,0.09329,0.046879
SG_001508,0,0.900379,0.329542,0.234668
SG_001509,0,0.762979,0.239857,0.205494
SG_001511,0,0.537893,0.170977,0.137762
SG_001512,0,0.181821,0.097369,0.104957
SG_001513,0,0.9294,0.310676,0.32084
SG_001515,0,0.476157,0.143893,0.146352
SG_001516,0,0.600736,0.166779,0.185341
SG_001517,0,0.077564,0.077718,0.095891
SG_001518,0,0.904579,0.307808,0.271606
SG_001519,1,0.906693,0.322582,0.251574
SG_001521,0,0.2823,0.109203,0.125942
SG_001522,0,0.977707,0.378941,0.317841
SG_001523,0,0.06455,0.074785,0.092547
SG_001524,0,0.539721,0.175283,0.132954
SG_001526,0,0.341436,0.116083,0.137878
SG_001530,1,0.0985,0.086722,0.081307
SG_001532,0,0.065236,0.080592,0.074412
SG_001533,1,0.350393,0.115378,0.144729
SG_001534,0,0.352636,0.128422,0.109537
SG_001535,1,0.057336,0.067958,0.098646
SG_001536,0,0.196864,0.097542,0.113893
SG_001537,0,0.455136,0.13044,0.165141
SG_001538,0,0.342143,0.117629,0.133313
SG_001539,0,0.698214,0.229502,0.167984
SG_001540,0,0.140264,0.099329,0.04326
SG_001544,0,0.260043,0.111487,0.105103
SG_001546,0,0.208764,0.104354,0.095246
SG_001547,0,0.946379,0.397076,0.248651
SG_001548,0,0.279629,0.116609,0.099141
SG_001550,0,0.195707,0.103776,0.087719
SG_001551,0,0.345871,0.126476,0.110563
SG_001552,0,0.251614,0.100987,0.134114
SG_001553,0,0.971293,0.351893,0.356847
SG_001554,0,0.074943,0.074923,0.100069
SG_001555,0,0.255571,0.094497,0.157293
SG_001556,0,0.030664,0.071446,0.066377
SG_001559,0,0.739171,0.215669,0.219496
SG_001560,1,0.652921,0.18817,0.188905
SG_001564,0,0.871807,0.289849,0.2529
SG_001565,1,0.110929,0.089877,0.080071
SG_001566,0,0.216986,0.103975,0.102912
SG_001574,0,0.550864,0.174421,0.140268
SG_001575,0,0.1079,0.078245,0.114412
SG_001577,0,0.509393,0.162527,0.13337
SG_001578,1,0.917043,0.308297,0.295222
SG_001579,0,0.769671,0.243105,0.207501
SG_001580,0,0.143593,0.088519,0.109363
SG_001581,1,0.8929,0.313014,0.245539
SG_001582,0,0.436129,0.13422,0.143701
SG_001583,0,0.525614,0.139826,0.189035
SG_001585,0,0.75855,0.209654,0.254477
SG_001586,1,0.772971,0.219708,0.251545
SG_001587,0,0.979429,0.373756,0.333845
SG_001588,0,0.875693,0.275313,0.28987
SG_001589,0,0.041021,0.07501,0.06816
SG_001593,1,0.479571,0.135892,0.166619
SG_001594,0,0.963257,0.364159,0.298916
SG_001596,1,0.846571,0.296682,0.214129
SG_001597,0,0.500214,0.139072,0.173123
SG_001598,0,0.713529,0.201145,0.219153
SG_001599,0,0.316143,0.124868,0.095891
SG_001600,0,0.7723,0.242388,0.210859
SG_001602,1,0.665607,0.180594,0.212173
SG_001603,0,0.06005,0.077727,0.080731
SG_001605,0,0.502714,0.146136,0.158163
SG_001606,1,0.894186,0.32096,0.238167
SG_001607,0,0.815407,0.25688,0.236301
SG_001608,1,0.929414,0.311141,0.319054
SG_001611,0,0.195321,0.105929,0.07491
SG_001614,0,0.72445,0.221691,0.197094
SG_001616,0,0.276486,0.108046,0.125898
SG_001617,0,0.516493,0.15468,0.149616
SG_001618,0,0.152057,0.091337,0.106436
SG_001619,1,0.869107,0.281215,0.265458
SG_001620,0,0.889471,0.30196,0.258468
SG_001621,0,0.652486,0.194832,0.179422
SG_001622,1,0.69955,0.201225,0.205603
SG_001625,1,0.757757,0.223731,0.224732
SG_001626,0,0.477171,0.13814,0.159819
SG_001627,0,0.15265,0.083844,0.127203
SG_001628,0,0.542857,0.129191,0.247727
SG_001629,0,0.055436,0.082293,0.040809
SG_001630,0,0.909679,0.332525,0.242818
SG_001632,0,0.360679,0.120315,0.136539
SG_001633,1,0.727379,0.237497,0.180622
SG_001635,0,0.308829,0.109884,0.138601
SG_001637,0,0.692314,0.185016,0.232029
SG_001639,1,0.818,0.260424,0.233901
SG_001640,1,0.938,0.326067,0.30082
SG_001641,1,0.919286,0.3206,0.272706
SG_001642,0,0.699321,0.202645,0.203875
SG_001643,0,0.091964,0.083522,0.088589
SG_001644,0,0.30535,0.122901,0.094467
SG_001645,0,0.0246,0.064677,0.073528
SG_001646,1,0.621264,0.174901,0.185206
SG_001648,0,0.759993,0.247257,0.195154
SG_001649,0,0.334936,0.116054,0.134484
SG_001651,1,0.245843,0.107737,0.10853
SG_001652,0,0.8456,0.272041,0.249017
SG_001655,0,0.283457,0.117384,0.098844
SG_001656,1,0.482579,0.168844,0.108125
SG_001657,0,0.201564,0.087821,0.144345
SG_001659,1,0.944129,0.395601,0.246011
SG_001660,0,0.761807,0.215251,0.246383
SG_001661,0,0.320114,0.11784,0.120472
SG_001662,1,0.678529,0.179443,0.227952
SG_001664,0,0.65365,0.193951,0.181842
SG_001665,0,0.025864,0.074184,0.037946
SG_001666,1,0.5123,0.14663,0.163409
SG_001669,1,0.568986,0.192105,0.13097
SG_001671,0,0.52535,0.156018,0.153028
SG_001672,0,0.49265,0.146624,0.150757
SG_001673,0,0.886821,0.302142,0.253912
SG_001674,0,0.352764,0.118647,0.136911
SG_001675,0,0.478186,0.167607,0.108005
SG_001676,0,0.266036,0.100966,0.142024
SG_001677,0,0.945986,0.336878,0.295525
SG_001678,0,0.300229,0.117328,0.109866
SG_001679,0,0.495864,0.159736,0.130226
SG_001680,0,0.660314,0.197874,0.179739
SG_001681,0,0.873486,0.296949,0.243361
SG_001682,1,0.855964,0.278245,0.251221
SG_001684,0,0.180021,0.089718,0.128229
SG_001685,0,0.253443,0.085951,0.184203
SG_001687,0,0.087507,0.081897,0.090596
SG_001690,0,0.2011,0.091928,0.134091
SG_001691,0,0.53655,0.136699,0.208427
SG_001692,0,0.444771,0.140684,0.135085
SG_001693,1,0.935814,0.314808,0.329453
SG_001694,0,0.063136,0.080101,0.074635
SG_001695,1,0.479693,0.186895,0.07528
SG_001696,0,0.177743,0.095992,0.107342
SG_001697,0,0.548514,0.151096,0.178444
SG_001699,0,0.101621,0.084283,0.094336
SG_001700,0,0.887643,0.339367,0.212129
SG_001701,0,0.151814,0.098448,0.075085
SG_001702,0,0.302521,0.107916,0.140683
SG_001703,0,0.208857,0.098333,0.118204
SG_001705,0,0.468629,0.137622,0.155471
SG_001706,0,0.060729,0.075231,0.088407
SG_001707,0,0.727621,0.200095,0.237711
SG_001708,0,0.931429,0.314308,0.314084
SG_001709,0,0.176257,0.088619,0.128581
SG_001710,1,0.872407,0.272636,0.291834
SG_001712,0,0.824221,0.272826,0.22247
SG_001713,1,0.215393,0.101518,0.11104
SG_001714,0,0.16685,0.096387,0.099144
SG_001715,1,0.904021,0.293372,0.304269
SG_001716,0,0.734321,0.215896,0.214317
SG_001717,0,0.545593,0.185881,0.124488
SG_001718,0,0.413757,0.137397,0.124749
SG_001721,1,0.461893,0.122239,0.196934
SG_001722,0,0.9484,0.328344,0.322868
SG_001724,0,0.852693,0.283705,0.238803
SG_001725,0,0.599564,0.167632,0.182914
SG_001727,0,0.708493,0.205666,0.20683
SG_001729,0,0.364943,0.119421,0.141153
SG_001730,0,0.705914,0.205353,0.205171
SG_001732,0,0.965021,0.415495,0.272309
SG_001736,0,0.829729,0.264093,0.241648
SG_001741,0,0.477207,0.127701,0.189384
SG_001742,0,0.2907,0.108455,0.132744
SG_001743,0,0.213871,0.101947,0.107975
SG_001746,0,0.96115,0.365165,0.291911
SG_001747,0,0.267443,0.111772,0.108732
SG_001748,0,0.661171,0.179945,0.209314
SG_001749,0,0.4474,0.132132,0.155405
SG_001752,0,0.15525,0.096151,0.091393
SG_001753,1,0.775029,0.230225,0.232495
SG_001754,0,0.992793,0.400916,0.383468
SG_001755,0,0.151621,0.093269,0.100361
SG_001756,0,0.155364,0.092135,0.106318
SG_001757,0,0.9169,0.323115,0.265708
SG_001758,0,0.876207,0.295806,0.24887
SG_001759,0,0.268157,0.098561,0.150832
SG_001760,0,0.299864,0.105605,0.14539
SG_001762,0,0.226336,0.097643,0.130655
SG_001763,0,0.295464,0.108223,0.13609
SG_001764,0,0.402421,0.130381,0.134019
SG_001765,1,0.205493,0.09359,0.131914
SG_001766,0,0.840979,0.273165,0.241031
SG_001770,1,0.465893,0.14161,0.144522
SG_001771,0,0.443736,0.140816,0.134124
SG_001772,0,0.036243,0.069725,0.077394
SG_001773,0,0.807279,0.268867,0.21073
SG_001774,0,0.143314,0.092204,0.098192
SG_001775,1,0.8574,0.27053,0.269388
SG_001777,0,0.258479,0.100539,0.139035
SG_001778,0,0.116186,0.09373,0.063036
SG_001779,0,0.0222,0.069751,0.056256
SG_001780,0,0.372479,0.119675,0.144587
SG_001781,1,0.309414,0.113075,0.129528
SG_001782,0,0.469357,0.15097,0.130101
SG_001783,1,0.199657,0.095297,0.123158
SG_001784,0,0.808814,0.247436,0.244341
SG_001785,0,0.07995,0.086414,0.057887
SG_001787,0,0.727821,0.229368,0.189719
SG_001794,0,0.672079,0.195053,0.19347
SG_001795,1,0.482979,0.140876,0.15618
SG_001798,0,0.952936,0.322837,0.461183
SG_001799,0,0.268636,0.118783,0.080929
SG_001800,1,0.98385,0.379588,0.34871
SG_001801,0,0.032743,0.063341,0.083495
SG_001802,0,0.081743,0.078935,0.095334
SG_001805,0,0.533307,0.151664,0.166261
SG_001807,0,0.95355,0.371916,0.27084
SG_001808,0,0.121364,0.092745,0.076756
SG_001809,1,0.7234,0.224501,0.192813
SG_001810,0,0.312814,0.12652,0.086732
SG_001812,0,0.691886,0.205356,0.193354
SG_001813,0,0.898021,0.274949,0.546286
SG_001814,1,0.972536,0.366741,0.319756
SG_001816,0,0.389614,0.133551,0.119577
SG_001817,0,0.691286,0.197812,0.204393
SG_001818,1,0.080436,0.080747,0.088931
SG_001820,1,0.952614,0.32313,0.421601
SG_001821,0,0.133443,0.093648,0.084161
SG_001822,0,0.206886,0.091291,0.138587
SG_001823,0,0.672829,0.176711,0.227732
SG_001826,0,0.187757,0.095007,0.117019
SG_001828,0,0.312807,0.131682,0.061973
SG_001829,1,0.828571,0.254652,0.257478
SG_001832,0,0.541436,0.157337,0.160749
SG_001834,0,0.260621,0.108539,0.114846
SG_001835,0,0.548714,0.157462,0.164908
SG_001837,1,0.490279,0.162346,0.123127
SG_001838,0,0.451064,0.119059,0.20236
SG_001839,0,0.116157,0.077298,0.121471
SG_001840,0,0.42205,0.14179,0.120053
SG_001841,0,0.0026,0.061282,0.019243
SG_001842,0,0.523771,0.147334,0.168979
SG_001843,1,0.619329,0.156368,0.226085
SG_001845,0,0.285564,0.114133,0.112176
SG_001850,0,0.422286,0.110557,0.217154
SG_001852,0,0.301429,0.11266,0.12621
SG_001853,0,0.423229,0.136336,0.132477
SG_001854,1,0.011607,0.065482,0.048055
SG_001855,0,0.02255,0.065206,0.070567
SG_001856,0,0.885371,0.28305,0.28976
SG_001857,0,0.250779,0.099342,0.138499
SG_001859,0,0.805679,0.237116,0.259251
SG_001861,0,0.153657,0.098016,0.079112
SG_001863,0,0.385271,0.128328,0.1293
SG_001866,0,0.261343,0.115532,0.090252
SG_001868,0,0.706279,0.226044,0.177911
SG_001869,0,0.644293,0.178352,0.197768
SG_001870,0,0.537557,0.144162,0.186842
SG_001871,0,0.164229,0.096801,0.095639
SG_001873,0,0.830364,0.282105,0.2158
SG_001874,0,0.47665,0.139472,0.155737
SG_001875,0,0.335436,0.11196,0.147428
SG_001878,1,0.762471,0.227913,0.223404
SG_001879,0,0.05795,0.074433,0.087855
SG_001880,0,0.116721,0.084945,0.102575
SG_001881,0,0.404736,0.1251,0.147742
SG_001882,0,0.918393,0.307892,0.299193
SG_001887,0,0.87315,0.279944,0.274231
SG_001889,0,0.490764,0.151839,0.140013
SG_001891,0,0.348757,0.121766,0.125354
SG_001896,1,0.817336,0.228085,0.308507
SG_001898,0,0.828414,0.295115,0.199416
SG_001899,0,0.0951,0.088351,0.069617
SG_001900,1,0.244264,0.114692,0.078318
SG_001902,0,0.372436,0.119116,0.146405
SG_001905,0,0.5372,0.18305,0.123129
SG_001907,0,0.642129,0.19386,0.173968
SG_001908,0,0.689407,0.187437,0.222804
SG_001910,0,0.928971,0.339063,0.261345
SG_001911,0,0.068729,0.075581,0.09433
SG_001913,0,0.092686,0.081777,0.095005
SG_001916,1,0.245521,0.116546,0.066538
SG_001917,0,0.822336,0.269279,0.225231
SG_001918,0,0.060229,0.080422,0.069556
SG_001920,0,0.9459,0.348504,0.278594
SG_001921,0,0.804929,0.240113,0.251715
SG_001922,0,0.167893,0.090992,0.117404
SG_001923,1,0.712157,0.233607,0.174174
SG_001926,0,0.797321,0.236583,0.247895
SG_001927,0,0.950721,0.347968,0.289002
SG_001929,1,0.855579,0.296114,0.223831
SG_001931,0,0.150057,0.088588,0.113427
SG_001935,0,0.03995,0.073851,0.071659
SG_001937,1,0.561957,0.160662,0.16766
SG_001938,0,0.076943,0.079435,0.090542
SG_001939,1,0.163121,0.099483,0.080528
SG_001940,0,0.353757,0.124243,0.121834
SG_001941,0,0.472314,0.152915,0.128257
SG_001942,0,0.937157,0.383793,0.241442
SG_001943,0,0.1991,0.108206,0.065397
SG_001944,1,0.783893,0.25878,0.201346
SG_001945,0,0.737886,0.19814,0.25488
SG_001946,0,0.163307,0.090092,0.117454
SG_001948,0,0.069814,0.07436,0.09745
SG_001949,0,0.13755,0.083701,0.118933
SG_001950,0,0.74885,0.250355,0.183081
SG_001951,0,0.1874,0.09673,0.111431
SG_001952,0,0.332057,0.110644,0.149239
SG_001956,0,0.327871,0.114781,0.134743
SG_001957,0,0.429229,0.140188,0.12749
SG_001958,1,0.965514,0.347925,0.330734
SG_001959,0,0.075379,0.086422,0.047029
SG_001960,0,0.760707,0.249225,0.193241
SG_001961,0,0.928079,0.30364,0.357479
SG_001962,1,0.910179,0.298426,0.30297
SG_001964,1,0.858971,0.31332,0.208477
SG_001965,0,0.087929,0.080485,0.095818
SG_001966,0,0.458693,0.146356,0.132429
SG_001967,0,0.168607,0.098954,0.088388
SG_001968,0,0.809021,0.264547,0.217494
SG_001969,0,0.147571,0.095511,0.087681
SG_001970,0,0.794514,0.232477,0.253454
SG_001972,0,0.843021,0.235601,0.420652
SG_001973,0,0.224793,0.096535,0.133528
SG_001974,0,0.131136,0.098244,0.028033
SG_001978,1,0.641657,0.180647,0.191513
SG_001979,0,0.9306,0.319846,0.297492
SG_001983,1,0.987264,0.37324,0.493286
SG_001984,1,0.881429,0.280576,0.288948
SG_001985,0,0.065493,0.084456,0.045537
SG_001986,0,0.793529,0.24677,0.226949
SG_001987,0,0.432164,0.13333,0.143734
SG_001988,0,0.225271,0.100758,0.119976
SG_001989,0,0.73585,0.222755,0.205138
SG_001991,0,0.673879,0.210077,0.173397
SG_001992,0,0.095336,0.083849,0.090277
SG_001993,0,0.104821,0.080113,0.10804
SG_001994,1,0.496121,0.130607,0.19447
SG_001995,0,0.936543,0.332613,0.284093
SG_001996,0,0.695429,0.210862,0.187781
SG_001997,0,0.205029,0.091626,0.136926
SG_001998,1,0.88945,0.304778,0.253185
SG_002001,0,0.475171,0.15425,0.12737
SG_002003,0,0.952121,0.325418,0.369605
SG_002005,0,0.4939,0.138004,0.171445
SG_002006,0,0.356814,0.113128,0.15605
SG_002007,0,0.487129,0.168856,0.111309
SG_002010,0,0.790329,0.219733,0.277302
SG_002011,0,0.300314,0.109316,0.135649
SG_002012,0,0.096621,0.084252,0.090406
SG_002013,0,0.288136,0.103058,0.147202
SG_002014,0,0.798943,0.246689,0.233566
SG_002015,1,0.212007,0.104477,0.097139
SG_002017,0,0.645236,0.185183,0.188004
SG_002018,0,0.821357,0.253114,0.250298
SG_002019,0,0.617493,0.18137,0.172945
SG_002020,1,0.925014,0.319519,0.285674
SG_002022,0,0.533657,0.138953,0.198457
SG_002023,1,0.955,0.360648,0.284729
SG_002025,0,0.84095,0.258046,0.268511
SG_002026,0,0.135664,0.09397,0.084442
SG_002028,1,0.955607,0.367381,0.278861
SG_002029,0,0.544729,0.163934,0.151088
SG_002030,0,0.143793,0.098216,0.066091
SG_002031,0,0.042621,0.075084,0.070119
SG_002032,0,0.814521,0.217707,0.40063
SG_002033,0,0.146536,0.091191,0.103515
SG_002034,0,0.063914,0.081952,0.0645
SG_002035,0,0.372121,0.117952,0.148884
SG_002036,1,0.680364,0.189408,0.210502
SG_002040,0,0.798036,0.238051,0.245957
SG_002041,1,0.794836,0.242375,0.235114
SG_002042,0,0.156643,0.080268,0.138141
SG_002043,0,0.754129,0.253943,0.1835
SG_002046,0,0.854743,0.290171,0.231266
SG_002047,0,0.1593,0.094754,0.100123
SG_002049,1,0.744993,0.235854,0.195777
SG_002051,0,0.285371,0.11095,0.122457
SG_002053,0,0.038593,0.075746,0.060252
SG_002054,0,0.784479,0.245493,0.218809
SG_002055,0,0.620886,0.164374,0.205655
SG_002056,0,0.229921,0.097677,0.132237
SG_002057,0,0.005886,0.054145,0.048747
SG_002058,0,0.877186,0.273993,0.298907
SG_002059,0,0.223929,0.101154,0.117462
SG_002060,0,0.24455,0.09599,0.14577
SG_002061,0,0.347257,0.121666,0.124806
SG_002062,0,0.052279,0.076741,0.07587
SG_002064,0,0.097757,0.083455,0.093593
SG_002065,0,0.127136,0.079756,0.122572
SG_002066,0,0.2139,0.099638,0.116518
SG_002070,1,0.891479,0.288425,0.288084
SG_002071,0,0.441636,0.132098,0.152001
SG_002072,0,0.129157,0.076108,0.130975
SG_002073,1,0.680221,0.190591,0.208759
SG_002076,0,0.77365,0.195189,0.4206
SG_002077,0,0.391986,0.115649,0.17052
SG_002079,1,0.850179,0.288216,0.228232
SG_002080,0,0.639564,0.171197,0.20728
SG_002082,0,0.689971,0.220056,0.173062
SG_002083,0,0.370379,0.123702,0.132226
SG_002084,0,0.910914,0.321032,0.259303
SG_002085,0,0.227286,0.112447,0.073319
SG_002086,0,0.463479,0.137151,0.153352
SG_002087,1,0.969264,0.381831,0.293728
SG_002088,0,0.251764,0.113215,0.09246
SG_002089,0,0.207621,0.096845,0.123217
SG_002091,0,0.361193,0.122795,0.129865
SG_002092,1,0.376279,0.12063,0.143836
SG_002093,0,0.040779,0.073089,0.075031
SG_002094,0,0.48055,0.166841,0.111134
SG_002095,0,0.554457,0.146112,0.195294
SG_002096,1,0.669764,0.187409,0.204361
SG_002098,0,0.074357,0.083408,0.07105
SG_002099,0,0.434507,0.142922,0.124624
SG_002100,0,0.609457,0.155965,0.216951
SG_002101,0,0.029929,0.074562,0.048098
SG_002102,0,0.186179,0.107812,0.038449
SG_002104,0,0.5135,0.129279,0.214308
SG_002106,0,0.291443,0.123776,0.078085
SG_002107,0,0.327457,0.116018,0.130518
SG_002108,0,0.1802,0.097577,0.103233
SG_002109,0,0.238921,0.090806,0.158938
SG_002111,1,0.738879,0.226594,0.202736
SG_002112,0,0.69955,0.201192,0.205691
SG_002113,1,0.14795,0.093577,0.096615
SG_002114,1,0.650989,0.196558,0.175347
SG_002115,0,0.680036,0.168174,0.263211
SG_002116,1,0.675157,0.197549,0.19136
SG_002117,0,0.106886,0.085828,0.092539
SG_002118,0,0.277829,0.112206,0.113867
SG_002119,0,0.854036,0.279513,0.246539
SG_002120,1,0.585079,0.1632,0.179766
SG_002121,0,0.685329,0.191447,0.212068
SG_002124,1,0.759621,0.23444,0.210469
SG_002126,0,0.789971,0.235634,0.241281
SG_002127,0,0.529129,0.163889,0.142577
SG_002128,0,0.384879,0.12074,0.148291
SG_002130,0,0.157871,0.088565,0.117952
SG_002132,0,0.55385,0.150652,0.183265
SG_002133,0,0.634907,0.19799,0.161924
SG_002134,0,0.914164,0.316278,0.27309
SG_002135,1,0.835529,0.259807,0.257004
SG_002136,0,0.500186,0.139265,0.172347
SG_002138,0,0.262507,0.101432,0.138492
SG_002139,0,0.089871,0.080629,0.096707
SG_002140,0,0.023421,0.06647,0.06867
SG_002141,0,0.486779,0.155549,0.131996
SG_002143,0,0.736714,0.22074,0.208862
SG_002144,0,0.023471,0.072887,0.043322
SG_002145,0,0.770186,0.242853,0.208426
SG_002146,1,0.763243,0.25615,0.188085
SG_002147,0,0.910829,0.300282,0.300008
SG_002148,0,0.721264,0.189256,0.258776
SG_002149,0,0.86965,0.277474,0.272985
SG_002153,1,0.7177,0.215774,0.199382
SG_002154,0,0.244186,0.114144,0.081249
SG_002155,0,0.069614,0.082505,0.069118
SG_002156,1,0.950829,0.346807,0.290285
SG_002157,0,0.596807,0.160212,0.194287
SG_002158,0,0.363829,0.123672,0.12864
SG_002159,0,0.141771,0.08995,0.104329
SG_002160,1,0.971757,0.370017,0.31112
SG_002161,0,0.704271,0.206822,0.201947
SG_002162,0,0.900821,0.308128,0.265524
SG_002163,1,0.674529,0.187421,0.208082
SG_002164,0,0.314029,0.122818,0.100947
SG_002165,0,0.527543,0.147186,0.172321
SG_002167,0,0.388671,0.116389,0.165086
SG_002168,0,0.866714,0.280044,0.264408
SG_002169,0,0.237479,0.094885,0.145155
SG_002170,0,0.892921,0.290797,0.285074
SG_002173,0,0.088064,0.081859,0.091201
SG_002174,0,0.511107,0.140684,0.176266
SG_002175,0,0.547943,0.175786,0.136866
SG_002178,0,0.004414,0.062864,0.02483
SG_002179,0,0.112621,0.087166,0.092174
SG_002180,0,0.545921,0.16777,0.146717
SG_002182,0,0.425279,0.144128,0.117217
SG_002183,1,0.247336,0.10344,0.123521
SG_002187,1,0.428636,0.127067,0.156926
SG_002188,0,0.731214,0.222783,0.201042
SG_002189,0,0.330486,0.115332,0.134291
SG_002190,0,0.370986,0.118862,0.146156
SG_002193,0,0.833271,0.274035,0.230876
SG_002195,0,0.944821,0.36052,0.267202
SG_002196,0,0.870307,0.268276,0.299992
SG_002197,0,0.951043,0.3215,0.421336
SG_002198,0,0.772264,0.217864,0.253988
SG_002199,0,0.599929,0.161277,0.194406
SG_002201,0,0.162093,0.094417,0.102804
SG_002202,0,0.88335,0.287644,0.273802
SG_002203,0,0.074186,0.083129,0.071866
SG_002204,0,0.685464,0.227702,0.162114
SG_002205,1,0.816671,0.275306,0.210993
SG_002206,0,0.549079,0.14695,0.188764
SG_002207,0,0.335343,0.117022,0.131521
SG_002208,1,0.61265,0.178114,0.174357
SG_002210,0,0.605893,0.170355,0.182008
SG_002211,0,0.4865,0.142688,0.154526
SG_002212,0,0.443929,0.141503,0.132741
SG_002214,0,0.470064,0.138121,0.155105
SG_002215,0,0.395321,0.122569,0.149071
SG_002216,0,0.612471,0.176757,0.176006
SG_002217,0,0.191479,0.099821,0.101836
SG_002218,0,0.551986,0.145259,0.195166
SG_002219,0,0.332,0.131598,0.085242
SG_002221,0,0.401129,0.120744,0.158364
SG_002222,0,0.790236,0.242355,0.230049
SG_002224,0,0.543014,0.159679,0.156915
SG_002225,0,0.199021,0.097668,0.114364
SG_002226,0,0.120629,0.090895,0.084637
SG_002229,0,0.922236,0.345697,0.245339
SG_002230,0,0.426129,0.111212,0.217694
SG_002231,0,0.753807,0.218989,0.22924
SG_002232,1,0.517814,0.161639,0.139381
SG_002234,1,0.326686,0.101528,0.178577
SG_002235,0,0.288279,0.114495,0.112649
SG_002236,0,0.712157,0.19478,0.232619
SG_002237,0,0.866807,0.282277,0.259324
SG_002238,0,0.154214,0.084953,0.125458
SG_002239,0,0.078607,0.085799,0.061627
SG_002240,0,0.877857,0.272049,0.306844
SG_002242,0,0.488271,0.15248,0.137761
SG_002243,0,0.426021,0.120471,0.176725
SG_002244,0,0.648171,0.19623,0.174111
SG_002245,0,0.495821,0.146232,0.153621
SG_002246,0,0.023457,0.070434,0.056712
SG_002247,0,0.762336,0.212761,0.252355
SG_002249,1,0.133229,0.090124,0.098106
SG_002250,0,0.822093,0.250766,0.255109
SG_002253,1,0.1264,0.09489,0.068462
SG_002256,0,0.140143,0.093148,0.092288
SG_002257,0,0.878621,0.2824,0.277778
SG_002258,0,0.244171,0.097408,0.141067
SG_002259,0,0.383264,0.126108,0.133254
SG_002261,0,0.510614,0.157103,0.142472
SG_002264,0,0.672457,0.200563,0.184672
SG_002265,0,0.3025,0.108282,0.139548
SG_002267,0,0.608114,0.173586,0.177803
SG_002268,0,0.607921,0.179857,0.168102
SG_002269,0,0.515457,0.143711,0.172184
SG_002271,0,0.780357,0.248005,0.211661
SG_002272,0,0.144471,0.094077,0.091596
SG_002273,0,0.087671,0.080912,0.094039
SG_002274,0,0.225814,0.106614,0.098716
SG_002275,1,0.254136,0.111459,0.101485
SG_002276,0,0.261071,0.09588,0.156158
SG_002279,0,0.262479,0.119093,0.07271
SG_002282,1,0.644793,0.185408,0.187108
SG_002285,0,0.015943,0.069369,0.0418
SG_002287,0,0.997736,0.442902,0.417974
SG_002289,1,0.201771,0.101605,0.101764
SG_002290,0,0.4197,0.12593,0.1544
SG_002293,0,0.553171,0.161975,0.160053
SG_002295,0,0.249657,0.10108,0.132518
SG_002297,0,0.917357,0.319098,0.272059
SG_002299,0,0.772071,0.236154,0.220046
SG_002300,0,0.133529,0.089183,0.101296
SG_002302,0,0.3491,0.128305,0.10767
SG_002303,0,0.082071,0.085013,0.072235
SG_002305,0,0.855279,0.296372,0.223372
SG_002306,0,0.995786,0.447479,0.37456
SG_002307,0,0.321179,0.100604,0.178612
SG_002308,0,0.611257,0.137219,0.317278
SG_002309,0,0.676143,0.197638,0.191871
SG_002310,0,0.731371,0.213289,0.215231
SG_002312,1,0.817807,0.257591,0.238237
SG_002313,1,0.240293,0.089751,0.163284
SG_002314,0,0.8266,0.27806,0.217055
SG_002315,0,0.284943,0.11134,0.121158
SG_002316,0,0.355479,0.11488,0.149546
SG_002317,0,0.688271,0.199092,0.199082
SG_002318,0,0.459825,0.136639,0.152357
SG_002321,0,0.589336,0.17741,0.159163
SG_002323,0,0.0485,0.08112,0.027365
SG_002325,0,0.35185,0.113386,0.152268
SG_002326,0,0.896557,0.297198,0.27704
SG_002327,1,0.366907,0.144166,0.072053
SG_002329,1,0.259414,0.102141,0.134214
SG_002330,0,0.514193,0.14703,0.163489
SG_002331,0,0.662,0.199952,0.177916
SG_002333,0,0.582779,0.189644,0.141058
SG_002334,0,0.548157,0.161127,0.157747
SG_002335,0,0.622207,0.159166,0.220166
SG_002336,0,0.65735,0.185598,0.196649
SG_002337,0,0.218336,0.112069,0.064025
SG_002338,0,0.730907,0.211217,0.217758
SG_002339,0,0.438671,0.128948,0.158326
SG_002340,0,0.890743,0.293302,0.276113
SG_002342,0,0.172029,0.098659,0.092542
SG_002343,0,0.246429,0.112082,0.093467
SG_002344,0,0.494114,0.133664,0.183529
SG_002345,0,0.330907,0.119968,0.120884
SG_002348,0,0.546529,0.144417,0.193034
SG_002349,0,0.818179,0.266089,0.224745
SG_002350,0,0.492979,0.146965,0.150155
SG_002351,0,0.474207,0.156292,0.123665
SG_002353,0,0.391707,0.115623,0.170379
SG_002354,0,0.904471,0.28689,0.330328
SG_002355,0,0.536607,0.167827,0.141213
SG_002356,1,0.620779,0.179108,0.17875
SG_002358,1,0.848807,0.258972,0.279783
SG_002359,1,0.784679,0.253369,0.209085
SG_002360,0,0.599364,0.162948,0.190671
SG_002362,0,0.529079,0.151544,0.163803
SG_002363,1,0.656521,0.179797,0.205324
SG_002364,0,0.803436,0.221109,0.301128
SG_002365,0,0.1859,0.094052,0.119179
SG_002366,1,0.424293,0.154165,0.095743
SG_002367,0,0.372929,0.127203,0.12495
SG_002368,0,0.519643,0.159561,0.143373
SG_002369,0,0.483714,0.146068,0.14688
SG_002376,1,0.664271,0.187374,0.199394
SG_002377,0,0.754643,0.253736,0.184055
SG_002378,0,0.806457,0.213701,0.380498
SG_002379,0,0.763907,0.234019,0.215204
SG_002380,0,0.407364,0.129384,0.138527
SG_002382,0,0.352007,0.129521,0.105798
SG_002383,0,0.523871,0.138202,0.192815
SG_002384,0,0.167114,0.095849,0.101226
SG_002386,1,0.736171,0.213399,0.220098
SG_002388,0,0.411879,0.127596,0.145493
SG_002389,0,0.142414,0.096496,0.077519
SG_002393,0,0.293464,0.109125,0.132348
SG_002395,0,0.757471,0.239338,0.201486
SG_002397,0,0.974357,0.357835,0.356044
SG_002398,0,0.923543,0.311365,0.301819
SG_002399,0,0.43355,0.11547,0.203306
SG_002400,0,0.011793,0.068591,0.024729
SG_002403,0,0.254014,0.101902,0.132128
SG_002405,0,0.712329,0.181126,0.268459
SG_002406,0,0.102007,0.085348,0.090349
SG_002408,0,0.324314,0.109459,0.148225
SG_002409,0,0.639114,0.187146,0.180461
SG_002411,0,0.102293,0.080523,0.105366
SG_002412,0,0.120214,0.087189,0.097709
SG_002413,0,0.493221,0.14284,0.15839
SG_002414,0,0.785657,0.258009,0.20408
SG_002415,1,0.798536,0.24043,0.242213
SG_002416,0,0.120986,0.092838,0.076073
SG_002417,1,0.251293,0.112279,0.09646
SG_002418,0,0.29695,0.120109,0.098773
SG_002420,0,0.245514,0.090801,0.163289
SG_002424,1,0.487164,0.169597,0.109946
SG_002425,0,0.241836,0.101595,0.126366
SG_002426,1,0.182543,0.098648,0.100363
SG_002427,0,0.06265,0.078302,0.081495
SG_002428,0,0.355114,0.119798,0.134976
SG_002431,0,0.114736,0.074552,0.125231
SG_002432,0,0.730136,0.203353,0.234099
SG_002433,0,0.186664,0.101641,0.09068
SG_002435,0,0.765657,0.222816,0.235765
SG_002436,0,0.286007,0.101921,0.149671
SG_002438,0,0.486857,0.139253,0.163263
SG_002439,0,0.794643,0.249372,0.224078
SG_002440,1,0.450186,0.152083,0.116357
SG_002441,0,0.0547,0.079919,0.064111
SG_002443,0,0.274707,0.104643,0.134993
SG_002445,0,0.941807,0.343042,0.277215
SG_002446,0,0.234307,0.108632,0.09782
SG_002449,0,0.801614,0.247546,0.23547
SG_002451,1,0.910129,0.301991,0.294744
SG_002452,0,0.26425,0.107889,0.119473
SG_002457,1,0.08995,0.067148,0.12022
SG_002461,0,0.335029,0.128334,0.098451
SG_002463,1,0.619086,0.170109,0.191998
SG_002465,0,0.177514,0.105279,0.052084
SG_002467,0,0.347171,0.102479,0.189306
SG_002468,0,0.269157,0.114425,0.100499
SG_002469,0,0.314264,0.112701,0.133211
SG_002470,0,0.217114,0.111978,0.06261
SG_002471,0,0.09365,0.083197,0.091096
SG_002472,1,0.385257,0.126663,0.132879
SG_002473,0,0.904907,0.318739,0.254436
SG_002474,0,0.43105,0.128958,0.153361
SG_002476,1,0.727671,0.236088,0.18241
SG_002478,0,0.368743,0.114451,0.159517
SG_002480,1,0.852129,0.284518,0.236593
SG_002481,0,0.629457,0.185881,0.175367
SG_002484,1,0.967714,0.346556,0.351874
SG_002485,0,0.216064,0.097211,0.126498
SG_002487,0,0.240868,0.101629,0.125722
SG_002488,1,0.6809,0.214606,0.173429
SG_002489,0,0.840979,0.257313,0.270045
SG_002491,0,0.303036,0.11032,0.134216
SG_002492,0,0.013671,0.065374,0.053934
SG_002494,0,0.085964,0.075987,0.105243
SG_002496,0,0.561479,0.139652,0.221635
SG_002497,0,0.574993,0.16798,0.164305
SG_002499,1,0.478,0.151824,0.133158
SG_002501,0,0.842807,0.270171,0.248374
SG_002503,0,0.124057,0.085947,0.104286
SG_002504,1,0.517343,0.134083,0.200155
SG_002505,0,0.180721,0.088284,0.13202
SG_002506,0,0.447057,0.144172,0.129915
SG_002508,0,0.165064,0.097318,0.093817
SG_002510,1,0.093836,0.083614,0.08997
SG_002511,0,0.493843,0.154555,0.13748
SG_002512,0,0.9392,0.331045,0.291512
SG_002513,0,0.039493,0.078352,0.041415
SG_002514,1,0.185386,0.097202,0.107898
SG_002515,0,0.431786,0.121493,0.176967
SG_002516,1,0.614314,0.181694,0.170193
SG_002518,0,0.9613,0.360236,0.298941
SG_002519,0,0.897957,0.313539,0.252363
SG_002521,1,0.4379,0.132894,0.148122
SG_002523,0,0.324457,0.134028,0.06486
SG_002524,1,0.873086,0.299539,0.240154
SG_002525,1,0.822114,0.247885,0.26137
SG_002527,0,0.157957,0.093357,0.104093
SG_002528,1,0.912943,0.295098,0.32254
SG_002530,0,0.124507,0.093285,0.076965
SG_002531,0,0.624543,0.154449,0.238663
SG_002533,0,0.796736,0.233829,0.253717
SG_002534,0,0.700086,0.218616,0.181885
SG_002535,0,0.891757,0.311643,0.246553
SG_002536,1,0.723293,0.199101,0.234077
SG_002537,1,0.981043,0.394761,0.314262
SG_002538,1,0.966729,0.340898,0.380648
SG_002540,0,0.524871,0.151108,0.162184
SG_002542,0,0.683271,0.21173,0.177925
SG_002543,0,0.643921,0.194381,0.17433
SG_002547,0,0.393929,0.155023,0.060216
SG_002549,1,0.652707,0.179929,0.202195
SG_002550,0,0.570464,0.166604,0.16405
SG_002551,0,0.3153,0.11338,0.131968
SG_002552,1,0.772564,0.240605,0.213449
SG_002553,0,0.321686,0.116884,0.124186
SG_002554,1,0.164757,0.100531,0.076087
SG_002556,0,0.464471,0.132744,0.165345
SG_002557,0,0.635143,0.223561,0.135866
SG_002558,0,0.110636,0.088642,0.084838
SG_002560,0,0.654364,0.200008,0.172516
SG_002561,0,0.481036,0.127653,0.192641
SG_002562,0,0.627014,0.17395,0.191227
SG_002563,0,0.4204,0.123274,0.162906
SG_002564,0,0.952764,0.352289,0.288799
SG_002565,1,0.801036,0.230033,0.26771
SG_002566,0,0.263021,0.109512,0.113442
SG_002567,0,0.917936,0.336207,0.248841
SG_002569,1,0.788979,0.228511,0.254343
SG_002570,0,0.106757,0.084653,0.096746
SG_002571,0,0.574714,0.140979,0.230904
SG_002574,0,0.290336,0.108497,0.132471
SG_002575,0,0.124143,0.096314,0.048641
SG_002576,0,0.311914,0.104408,0.156547
SG_002578,1,0.348464,0.112513,0.153178
SG_002579,0,0.609229,0.173216,0.17937
SG_002581,0,0.931821,0.322342,0.294827
SG_002582,1,0.90595,0.292389,0.311267
SG_002584,0,0.668429,0.203404,0.178491
SG_002585,0,0.455286,0.140214,0.141826
SG_002589,0,0.362729,0.116208,0.149251
SG_002590,0,0.4545,0.129232,0.167681
SG_002591,1,0.274393,0.097333,0.15982
SG_002592,0,0.496721,0.156786,0.135394
SG_002593,0,0.625736,0.175473,0.187325
SG_002595,0,0.202393,0.100532,0.106412
SG_002598,0,0.412579,0.135566,0.127855
SG_002602,0,0.238079,0.105914,0.109085
SG_002603,0,0.721057,0.220372,0.195985
SG_002604,1,0.484479,0.144018,0.150744
SG_002606,1,0.762821,0.238561,0.206822
SG_002607,0,0.457564,0.128413,0.172732
SG_002608,0,0.548136,0.149806,0.18122
SG_002609,0,0.170236,0.086286,0.131032
SG_002610,0,0.426657,0.111925,0.214516
SG_002611,0,0.079664,0.082025,0.083129
SG_002612,1,0.837257,0.251062,0.278562
SG_002614,0,0.519186,0.172308,0.125547
SG_002616,0,0.259664,0.110488,0.107988
SG_002617,0,0.14285,0.087338,0.112228
SG_002619,0,0.349407,0.139149,0.072163
SG_002620,0,0.573779,0.173865,0.154117
SG_002621,0,0.030129,0.07503,0.045194
SG_002623,0,0.226521,0.103242,0.111507
SG_002624,0,0.4648,0.130965,0.170589
SG_002625,0,0.2504,0.106007,0.116323
SG_002626,0,0.204179,0.098301,0.115288
SG_002629,0,0.616986,0.172851,0.185754
SG_002631,0,0.060057,0.078172,0.078962
SG_002632,1,0.825529,0.266343,0.233034
SG_002634,1,0.7718,0.257261,0.193088
SG_002635,0,0.970721,0.377921,0.300282
SG_002636,0,0.323279,0.113057,0.13729
SG_002637,0,0.27625,0.118457,0.089405
SG_002639,0,0.659664,0.186092,0.19785
SG_002640,0,0.352221,0.100321,0.204616
SG_002641,0,0.8666,0.292638,0.242107
SG_002642,0,0.388093,0.125687,0.136964
SG_002643,1,0.351579,0.111012,0.160663
SG_002644,0,0.409114,0.127279,0.144677
SG_002645,0,0.863057,0.276784,0.264424
SG_002646,0,0.390971,0.112951,0.180733
SG_002647,0,0.574964,0.16964,0.161451
SG_002648,1,0.719971,0.227397,0.186356
SG_002651,0,0.588721,0.157292,0.194603
SG_002655,0,0.870671,0.288638,0.253048
SG_002656,0,0.4358,0.124196,0.170775
SG_002658,0,0.705014,0.210497,0.195896
SG_002659,0,0.444743,0.129642,0.16027
SG_002660,0,0.154836,0.093259,0.102497
SG_002661,1,0.549307,0.160712,0.159465
SG_002662,0,0.541671,0.145702,0.186227
SG_002663,0,0.542507,0.166638,0.146701
SG_002668,0,0.304757,0.109316,0.13799
SG_002669,0,0.966579,0.367532,0.301404
SG_002670,0,0.203629,0.104842,0.089372
SG_002671,0,0.566186,0.179171,0.143299
SG_002676,0,0.185343,0.091072,0.127246
SG_002677,1,0.182879,0.105586,0.059556
SG_002678,0,0.654993,0.183711,0.197839
SG_002679,0,0.26025,0.098486,0.146715
SG_002681,0,0.443086,0.137212,0.141282
SG_002682,0,0.253114,0.105233,0.121051
SG_002683,0,0.899143,0.318478,0.246625
SG_002685,0,0.5772,0.164161,0.172439
SG_002686,1,0.962329,0.357001,0.304657
SG_002687,0,0.290386,0.112078,0.12206
SG_002690,0,0.296564,0.117249,0.107696
SG_002692,0,0.024629,0.073121,0.045965
SG_002694,0,0.954436,0.330275,0.345432
SG_002695,0,0.008321,0.066341,0.025548
SG_002696,0,0.510021,0.161854,0.135017
SG_002697,0,0.434521,0.131118,0.150103
SG_002698,0,0.934643,0.319039,0.308388
SG_002700,0,0.53605,0.151478,0.168384
SG_002702,0,0.321986,0.118748,0.119259
SG_002703,0,0.049629,0.077327,0.070701
SG_002704,0,0.1329,0.084614,0.113881
SG_002706,0,0.208086,0.094849,0.129435
SG_002707,0,0.138921,0.091276,0.097878
SG_002708,0,0.0347,0.069211,0.076775
SG_002709,0,0.198607,0.109873,0.045146
SG_002710,0,0.816121,0.256865,0.23787
SG_002711,0,0.838529,0.263947,0.25361
SG_002712,0,0.574307,0.161609,0.175173
SG_002713,1,0.511421,0.129111,0.213017
SG_002714,0,0.465229,0.145817,0.136984
SG_002715,1,0.416907,0.140441,0.120011
SG_002716,0,0.550521,0.168538,0.147918
SG_002717,0,0.24335,0.105192,0.114946
SG_002718,0,0.573314,0.161698,0.174372
SG_002719,0,0.494107,0.161672,0.126265
SG_002721,0,0.358779,0.123183,0.127195
SG_002722,0,0.328564,0.105674,0.163207
SG_002723,1,0.622971,0.19141,0.163836
SG_002724,0,0.026521,0.074917,0.027381
SG_002725,0,0.174336,0.089153,0.126517
SG_002726,0,0.552071,0.154883,0.172939
SG_002727,1,0.885693,0.299193,0.256551
SG_002728,0,0.682114,0.197452,0.197179
SG_002729,0,0.343679,0.125338,0.1122
SG_002730,0,0.5667,0.156658,0.179895
SG_002732,0,0.482264,0.149597,0.139166
SG_002734,0,0.228693,0.105536,0.10452
SG_002737,1,0.805957,0.238077,0.25678
SG_002739,0,0.917086,0.298499,0.322364
SG_002740,0,0.921293,0.318877,0.279944
SG_002741,0,0.807743,0.247175,0.243322
SG_002743,0,0.9284,0.325245,0.281811
SG_002744,0,0.087543,0.089357,0.046446
SG_002745,0,0.920214,0.333844,0.255318
SG_002747,0,0.415043,0.130631,0.140267
SG_002749,0,0.103464,0.090437,0.068527
SG_002750,1,0.721821,0.200484,0.229937
SG_002751,0,0.111136,0.083329,0.103263
SG_002753,0,0.181729,0.092988,0.12027
SG_002754,0,0.554643,0.153359,0.177853
SG_002756,0,0.233507,0.10617,0.105056
SG_002758,0,0.03205,0.07516,0.048847
SG_002760,0,0.700557,0.203809,0.203232
SG_002761,0,0.778186,0.256953,0.198719
SG_002762,1,0.872493,0.271217,0.297428
SG_002763,0,0.896407,0.284972,0.309334
SG_002764,1,0.985471,0.38697,0.347176
SG_002765,0,0.189471,0.104226,0.078861
SG_002766,0,0.451221,0.129432,0.1648
SG_002768,0,0.885371,0.301948,0.252705
SG_002769,0,0.380071,0.125269,0.133412
SG_002771,0,0.748964,0.215296,0.231134
SG_002772,0,0.649929,0.18559,0.190824
SG_002774,0,0.552164,0.181029,0.133316
SG_002775,0,0.368136,0.114882,0.157339
SG_002776,0,0.727614,0.202131,0.233142
SG_002778,0,0.376229,0.108488,0.187062
SG_002779,0,0.076293,0.084694,0.06687
SG_002780,0,0.327671,0.113667,0.137873
SG_002781,0,0.36015,0.126251,0.120021
SG_002784,0,0.153964,0.099806,0.067517
SG_002786,0,0.33105,0.123668,0.109228
SG_002787,0,0.62245,0.176608,0.183419
SG_002790,0,0.49965,0.153441,0.142223
SG_002791,0,0.154007,0.093376,0.101296
SG_002792,0,0.057207,0.077364,0.078654
SG_002794,1,0.783907,0.262548,0.197689
SG_002795,0,0.300136,0.104045,0.150911
SG_002797,0,0.327471,0.109299,0.150562
SG_002799,1,0.593314,0.19914,0.135866
SG_002800,0,0.356829,0.11598,0.146781
SG_002801,0,0.88095,0.278941,0.291094
SG_002802,0,0.561886,0.151323,0.187496
SG_002803,1,0.393779,0.115545,0.172299
SG_002804,0,0.082243,0.08267,0.08283
SG_002805,0,0.15335,0.094149,0.097741
SG_002806,0,0.117679,0.084769,0.1039
SG_002807,1,0.782857,0.254933,0.205269
SG_002808,0,0.4124,0.131281,0.137671
SG_002810,0,0.175264,0.092495,0.117766
SG_002811,0,0.958979,0.35616,0.298561
SG_002812,0,0.73745,0.231271,0.194899
SG_002813,0,0.58915,0.141196,0.246916
SG_002815,0,0.727821,0.203395,0.231105
SG_002816,1,0.590493,0.180513,0.155569
SG_002817,1,0.833214,0.283107,0.217291
SG_002818,0,0.697186,0.205692,0.197335
SG_002819,0,0.247557,0.109371,0.103964
SG_002821,0,0.300243,0.10731,0.140968
SG_002822,1,0.441507,0.128688,0.161229
SG_002823,0,0.743221,0.209816,0.235057
SG_002824,1,0.377943,0.119372,0.148602
SG_002826,0,0.4179,0.116336,0.186226
SG_002828,0,0.4403,0.135114,0.144083
SG_002830,0,0.436514,0.148862,0.114525
SG_002831,0,0.087336,0.080346,0.095905
SG_002833,1,0.992329,0.430184,0.347758
SG_002835,0,0.061014,0.081385,0.063311
SG_002836,0,0.842214,0.300355,0.205994
SG_002837,0,0.57155,0.178053,0.147517
SG_002838,0,0.271507,0.105727,0.129667
SG_002839,0,0.830686,0.253124,0.263972
SG_002841,0,0.513629,0.149179,0.158896
SG_002844,0,0.700479,0.207754,0.19705
SG_002845,0,0.716514,0.216591,0.197534
SG_002846,0,0.058993,0.079848,0.070735
SG_002847,0,0.8864,0.325004,0.224039
SG_002848,0,0.791064,0.228379,0.257247
SG_002851,0,0.447514,0.124172,0.179304
SG_002852,0,0.877293,0.296013,0.249961
SG_002854,0,0.778314,0.240381,0.219558
SG_002855,1,0.81,0.245664,0.248069
SG_002856,0,0.6631,0.197734,0.181913
SG_002857,0,0.539379,0.153422,0.166714
SG_002858,0,0.938707,0.342134,0.272725
SG_002859,0,0.501671,0.131704,0.195654
SG_002860,0,0.580007,0.199372,0.128289
SG_002861,0,0.404393,0.120499,0.161761
SG_002862,0,0.677893,0.179666,0.226886
SG_002863,0,0.763343,0.240581,0.20494
SG_002864,1,0.614221,0.180672,0.171486
SG_002865,0,0.136286,0.084439,0.116274
SG_002866,0,0.746864,0.216034,0.226906
SG_002867,0,0.154643,0.088242,0.116974
SG_002868,0,0.171829,0.094429,0.1088
SG_002869,0,0.080529,0.085577,0.06632
SG_002870,0,0.843364,0.264219,0.259729
SG_002871,1,0.669129,0.18555,0.206759
SG_002872,0,0.243571,0.10808,0.105826
SG_002873,0,0.111143,0.082616,0.104983
SG_002874,0,0.543879,0.14807,0.181895
SG_002876,1,0.941493,0.320698,0.325144
SG_002877,0,0.294379,0.114818,0.11492
SG_002878,0,0.153421,0.091416,0.107031
SG_002879,0,0.314507,0.104555,0.158027
SG_002880,0,0.177607,0.087308,0.132473
SG_002881,1,0.768807,0.249124,0.20006
SG_002883,1,0.846086,0.2844,0.230289
SG_002884,1,0.685514,0.186726,0.220273
SG_002885,1,0.898264,0.278393,0.361902
SG_002886,1,0.886579,0.365628,0.198149
SG_002888,0,0.725393,0.253821,0.163346
SG_002889,0,0.553443,0.143168,0.202316
SG_002890,1,0.733593,0.21015,0.222862
SG_002892,0,0.759329,0.23631,0.207213
SG_002893,0,0.063736,0.078455,0.081669
SG_002894,0,0.387171,0.127717,0.13189
SG_002895,0,0.163336,0.089544,0.118981
SG_002897,0,0.854879,0.274537,0.256606
SG_002898,0,0.630657,0.185385,0.176974
SG_002899,0,0.138364,0.090132,0.101474
SG_002900,0,0.856629,0.254923,0.31006
SG_002901,0,0.602921,0.19371,0.148268
SG_002902,1,0.876864,0.316003,0.224244
SG_002903,1,0.459007,0.144025,0.136711
SG_002905,1,0.857793,0.273778,0.262831
SG_002908,1,0.948586,0.32924,0.320204
SG_002909,0,0.598357,0.175387,0.167817
SG_002911,0,0.371971,0.117807,0.149295
SG_002912,1,0.635707,0.183405,0.183498
SG_002913,0,0.705671,0.195554,0.222849
SG_002914,1,0.128007,0.083579,0.113532
SG_002915,0,0.856636,0.265448,0.277554
SG_002916,0,0.587264,0.158943,0.190067
SG_002917,1,0.505186,0.156491,0.140588
SG_002919,0,0.753336,0.217943,0.230663
SG_002920,0,0.55455,0.141428,0.208117
SG_002921,0,0.270007,0.119963,0.07619
SG_002922,1,0.943971,0.335503,0.293665
SG_002923,1,0.573643,0.15945,0.178526
SG_002924,0,0.918536,0.316134,0.282025
SG_002925,0,0.554964,0.142844,0.204247
SG_002927,1,0.397336,0.133294,0.124744
SG_002928,0,0.430429,0.167755,0.065724
SG_002929,1,0.501707,0.135657,0.183241
SG_002931,0,0.194471,0.094482,0.122616
SG_002933,0,0.263329,0.102737,0.13434
SG_002934,0,0.805086,0.248901,0.237445
SG_002935,1,0.060164,0.074205,0.090764
SG_002936,0,0.267371,0.10362,0.13417
SG_002938,1,0.80685,0.259938,0.221691
SG_002940,0,0.130907,0.080406,0.123474
SG_002941,0,0.4353,0.151972,0.107587
SG_002942,0,0.464079,0.144618,0.138343
SG_002945,0,0.50565,0.148286,0.155353
SG_002946,1,0.348107,0.141842,0.051855
SG_002948,0,0.21995,0.10225,0.110865
SG_002951,1,0.018864,0.063553,0.067281
SG_002953,0,0.269493,0.116455,0.092099
SG_002956,0,0.659243,0.179313,0.208824
SG_002957,0,0.612664,0.149568,0.241825
SG_002959,0,0.331579,0.120562,0.119281
SG_002961,1,0.269229,0.108993,0.118995
SG_002962,1,0.527343,0.164054,0.141043
SG_002963,1,0.822886,0.270725,0.224126
SG_002965,0,0.908564,0.292657,0.319265
SG_002966,0,0.102429,0.085232,0.091387
SG_002968,0,0.009207,0.066449,0.032431
SG_002969,0,0.443986,0.149288,0.118358
SG_002970,0,0.310771,0.121353,0.103692
SG_002971,0,0.39715,0.126696,0.139354
SG_002973,0,0.55925,0.1506,0.187153
SG_002974,0,0.390171,0.125362,0.138696
SG_002975,0,0.122429,0.090743,0.087042
SG_002976,0,0.212993,0.101211,0.110703
SG_002977,0,0.198571,0.09846,0.111685
SG_002978,1,0.696257,0.234218,0.162512
SG_002979,0,0.969779,0.379645,0.297363
SG_002980,0,0.127529,0.086625,0.104374
SG_002981,0,0.681257,0.183922,0.22147
SG_002983,0,0.119114,0.071614,0.132036
SG_002984,0,0.856036,0.280722,0.247222
SG_002986,0,0.776843,0.250542,0.205168
SG_002987,0,0.520193,0.159412,0.143868
SG_002988,0,0.070807,0.082886,0.068583
SG_002990,0,0.429629,0.123834,0.167302
SG_002991,1,0.626057,0.169546,0.198724
SG_002992,0,0.208,0.104401,0.094744
SG_002993,0,0.290414,0.109292,0.130281
SG_002994,0,0.159257,0.097803,0.085946
SG_002995,1,0.512414,0.145348,0.165803
SG_002996,0,0.364036,0.121442,0.135071
SG_002997,0,0.468286,0.131643,0.171115
SG_002998,0,0.89815,0.282485,0.327324
SG_003000,1,0.426843,0.11246,0.211928
SG_003001,0,0.1765,0.085922,0.13562
SG_003003,1,0.391171,0.127714,0.134097
SG_003004,0,0.144136,0.093929,0.092114
SG_003005,0,0.210986,0.105381,0.092946
SG_003006,0,0.085779,0.087264,0.0627
SG_003007,0,0.667286,0.194129,0.191629
SG_003009,0,0.06935,0.082516,0.068628
SG_003010,0,0.271593,0.11197,0.11089
SG_003011,0,0.738779,0.214994,0.220337
SG_003012,0,0.098693,0.088173,0.074941
SG_003013,0,0.834571,0.256517,0.262396
SG_003014,0,0.341293,0.12103,0.12336
SG_003015,0,0.431414,0.132802,0.144536
SG_003016,0,0.974214,0.397768,0.295836
SG_003017,0,0.0831,0.085267,0.071925
SG_003018,0,0.856993,0.285793,0.240362
SG_003019,0,0.451507,0.150031,0.121412
SG_003020,0,0.458157,0.145313,0.133684
SG_003021,0,0.206764,0.108301,0.074816
SG_003022,0,0.45445,0.127654,0.173049
SG_003025,0,0.7094,0.221666,0.185155
SG_003027,0,0.437329,0.135044,0.142746
SG_003029,0,0.8947,0.302617,0.265098
SG_003032,0,0.264264,0.116654,0.086877
SG_003033,0,0.012957,0.066134,0.048787
SG_003034,0,0.461371,0.138822,0.148122
SG_003035,0,0.177957,0.093469,0.115952
SG_003036,0,0.396107,0.12742,0.137651
SG_003038,0,0.841343,0.264713,0.255602
SG_003039,0,0.350686,0.098283,0.213771
SG_003040,0,0.201271,0.10763,0.072419
SG_003041,0,0.758371,0.236436,0.205945
SG_003046,0,0.073457,0.08095,0.081269
SG_003047,0,0.875636,0.286527,0.26528
SG_003050,0,0.476807,0.14339,0.14757
SG_003053,0,0.971786,0.39347,0.292336
SG_003054,1,0.394886,0.131798,0.126774
SG_003055,0,0.502107,0.159109,0.134856
SG_003056,0,0.0864,0.080839,0.093315
SG_003057,0,0.413064,0.136579,0.126194
SG_003058,0,0.49615,0.143921,0.158506
SG_003060,0,0.792507,0.260669,0.20688
SG_003061,0,0.824764,0.243838,0.273707
SG_003063,0,0.967743,0.36739,0.304714
SG_003064,0,0.833,0.302592,0.196486
SG_003066,0,0.689907,0.194932,0.209082
SG_003068,0,0.456507,0.138564,0.145745
SG_003069,0,0.955443,0.358753,0.287532
SG_003070,0,0.110871,0.093225,0.057595
SG_003074,0,0.48895,0.139874,0.163029
SG_003076,1,0.242779,0.112543,0.088262
SG_003077,0,0.771529,0.235082,0.220928
SG_003078,0,0.389936,0.122102,0.147494
SG_003079,0,0.626343,0.150428,0.256695
SG_003081,0,0.251879,0.11291,0.09445
SG_003083,1,0.931757,0.3217,0.295978
SG_003086,0,0.580821,0.162855,0.177346
SG_003087,1,0.87825,0.319358,0.220947
SG_003090,0,0.183893,0.100056,0.095684
SG_003091,0,0.470664,0.141966,0.146634
SG_003092,0,0.081414,0.085717,0.06658
SG_003093,0,0.307771,0.111901,0.132183
SG_003094,0,0.868,0.27446,0.277327
SG_003095,0,0.594136,0.186303,0.15098
SG_003098,0,0.656157,0.189403,0.190077
SG_003099,0,0.65585,0.18925,0.190291
SG_003100,0,0.943907,0.327642,0.310265
SG_003101,0,0.855057,0.270957,0.265284
SG_003103,1,0.822964,0.264719,0.232139
SG_003104,0,0.281557,0.103518,0.142028
SG_003106,1,0.265093,0.111034,0.109792
SG_003108,0,0.046714,0.07888,0.054835
SG_003109,0,0.46055,0.13989,0.145089
SG_003110,0,0.689957,0.22153,0.171532
SG_003112,0,0.234771,0.098712,0.131794
SG_003113,1,0.168007,0.100654,0.078529
SG_003114,0,0.359586,0.126371,0.119125
SG_003115,0,0.272093,0.110299,0.116338
SG_003117,1,0.960357,0.374352,0.281016
SG_003119,0,0.481857,0.136363,0.167359
SG_003120,1,0.842664,0.272424,0.244449
SG_003121,0,0.62155,0.195613,0.156287
SG_003122,1,0.547393,0.158645,0.162469
SG_003123,0,0.017493,0.065383,0.062569
SG_003124,0,0.651786,0.173297,0.213914
SG_003126,0,0.248157,0.108798,0.106606
SG_003128,0,0.833736,0.264441,0.245569
SG_003129,0,0.352379,0.115352,0.14607
SG_003130,1,0.676343,0.186963,0.210665
SG_003131,1,0.417857,0.126489,0.151486
SG_003132,0,0.588557,0.17857,0.157126
SG_003134,1,0.2739,0.102999,0.139221
SG_003136,1,0.578857,0.154918,0.192502
SG_003140,0,0.729036,0.223596,0.198116
SG_003142,1,0.266279,0.107163,0.122684
SG_003143,0,0.20355,0.099655,0.110315
SG_003145,0,0.328736,0.113203,0.139522
SG_003146,0,0.159907,0.093465,0.104819
SG_003147,0,0.37045,0.110911,0.173773
SG_003148,0,0.802307,0.262594,0.213971
SG_003149,0,0.8743,0.257222,0.485445
SG_003150,0,0.2299,0.104124,0.110674
SG_003152,0,0.602636,0.156284,0.209536
SG_003153,0,0.404029,0.132118,0.130996
SG_003155,0,0.050879,0.065876,0.096076
SG_003156,1,0.053607,0.075103,0.082299
SG_003157,0,0.714043,0.206791,0.210485
SG_003159,0,0.536386,0.136394,0.209603
SG_003161,1,0.752114,0.234682,0.20358
SG_003162,0,0.781721,0.238698,0.225355
SG_003163,0,0.251271,0.106082,0.116518
SG_003165,0,0.0485,0.070264,0.088515
SG_003166,0,0.449764,0.145409,0.128841
SG_003167,0,0.383886,0.140264,0.099673
SG_003170,0,0.124186,0.094098,0.071172
SG_003171,0,0.0406,0.07365,0.073026
SG_003172,1,0.779621,0.230647,0.238086
SG_003173,0,0.512443,0.145313,0.165859
SG_003175,0,0.034857,0.072253,0.070352
SG_003176,1,0.760964,0.219726,0.236071
SG_003177,0,0.342143,0.11755,0.133638
SG_003178,0,0.99475,0.404932,0.414852
SG_003180,0,0.229036,0.102759,0.114324
SG_003181,0,0.948014,0.328486,0.321098
SG_003182,0,0.496421,0.147046,0.151796
SG_003183,0,0.974214,0.349649,0.429607
SG_003185,0,0.492293,0.160188,0.127325
SG_003187,0,0.783007,0.251212,0.209925
SG_003188,0,0.501236,0.135952,0.182155
SG_003189,0,0.558907,0.161387,0.164434
SG_003190,0,0.185829,0.097701,0.106066
SG_003191,0,0.362886,0.133314,0.103545
SG_003192,1,0.80765,0.240474,0.254386
SG_003194,0,0.443157,0.124268,0.175713
SG_003195,0,0.639564,0.165128,0.222382
SG_003197,0,0.245814,0.111979,0.093305
SG_003199,0,0.466836,0.122303,0.200772
SG_003200,0,0.41075,0.119345,0.17015
SG_003202,1,0.969479,0.34685,0.36433
SG_003203,0,0.705671,0.204925,0.205713
SG_003207,0,0.230771,0.101746,0.119301
SG_003208,0,0.3443,0.112654,0.150043
SG_003209,1,0.296086,0.122765,0.087598
SG_003210,0,0.231514,0.103227,0.114452
SG_003212,0,0.414786,0.124964,0.154215
SG_003213,1,0.8298,0.278714,0.219838
SG_003218,0,0.75435,0.201681,0.270209
SG_003220,0,0.283257,0.107555,0.13119
SG_003221,0,0.435407,0.143785,0.123943
SG_003222,0,0.871264,0.282395,0.26615
SG_003223,0,0.887871,0.304865,0.250691
SG_003224,0,0.124336,0.089284,0.094799
SG_003225,0,0.800107,0.300228,0.173883
SG_003228,1,0.59805,0.150484,0.221888
SG_003229,0,0.653357,0.187393,0.19063
SG_003233,0,0.052857,0.072703,0.087829
SG_003235,1,0.029029,0.059817,0.082309
SG_003236,0,0.960221,0.350284,0.307979
SG_003237,0,0.220079,0.101737,0.112986
SG_003238,0,0.210743,0.095417,0.128901
SG_003240,0,0.134607,0.089593,0.100897
SG_003242,0,0.327643,0.11267,0.140625
SG_003244,0,0.532571,0.147455,0.175292
SG_003245,0,0.893971,0.290463,0.288478
SG_003246,0,0.434207,0.132195,0.147429
SG_003247,0,0.523507,0.156379,0.150913
SG_003248,0,0.43985,0.134655,0.14472
SG_003249,0,0.442236,0.129605,0.158436
SG_003251,0,0.510693,0.14926,0.15652
SG_003252,1,0.696207,0.184185,0.238509
SG_003254,0,0.838114,0.265234,0.249878
SG_003255,0,0.283593,0.112672,0.115385
SG_003257,0,0.159893,0.094637,0.100648
SG_003258,0,0.350679,0.120047,0.131767
SG_003260,0,0.163264,0.097942,0.089065
SG_003261,1,0.731943,0.20873,0.224238
SG_003262,1,0.224764,0.108598,0.090875
SG_003263,0,0.452907,0.160814,0.10217
SG_003264,0,0.424193,0.135222,0.135088
SG_003265,0,0.373021,0.121397,0.139921
SG_003267,0,0.511579,0.173117,0.120039
SG_003268,0,0.664843,0.181337,0.210374
SG_003269,0,0.720629,0.219358,0.196921
SG_003270,0,0.580943,0.168337,0.167434
SG_003271,0,0.868029,0.296836,0.23758
SG_003274,0,0.535936,0.150068,0.17181
SG_003275,0,0.283657,0.103491,0.143299
SG_003276,0,0.876543,0.29675,0.247594
SG_003277,0,0.23815,0.106218,0.107921
SG_003278,0,0.4402,0.133956,0.146781
SG_003279,1,0.584229,0.174444,0.16043
SG_003280,1,0.413957,0.156119,0.082645
SG_003282,0,0.345179,0.112721,0.150245
SG_003283,0,0.682707,0.189974,0.212045
SG_003285,1,0.214321,0.095318,0.131247
SG_003286,0,0.310036,0.119735,0.108541
SG_003287,0,0.320786,0.121312,0.11035
SG_003289,0,0.193514,0.096293,0.116269
SG_003290,1,0.403093,0.123781,0.150187
SG_003291,0,0.100843,0.082339,0.099295
SG_003292,0,0.44145,0.138076,0.138753
SG_003297,0,0.210286,0.103231,0.101095
SG_003298,0,0.396679,0.121957,0.151418
SG_003299,0,0.344721,0.115005,0.143213
SG_003300,0,0.507529,0.143375,0.16695
SG_003302,0,0.13995,0.078201,0.13323
SG_003303,0,0.123079,0.079368,0.12113
SG_003306,0,0.15755,0.098905,0.077885
SG_003308,0,0.932336,0.326708,0.286386
SG_003309,0,0.656643,0.188905,0.191324
SG_003311,0,0.110664,0.093156,0.057714
SG_003312,0,0.135143,0.097712,0.054142
SG_003313,0,0.642371,0.196942,0.168282
SG_003315,0,0.118436,0.087053,0.096895
SG_003316,0,0.497671,0.15043,0.146368
SG_003317,0,0.184164,0.098054,0.103839
SG_003318,0,0.54085,0.162335,0.151181
SG_003319,0,0.2908,0.113969,0.115485
SG_003320,0,0.795721,0.248772,0.226309
SG_003322,0,0.274786,0.106981,0.127848
SG_003323,0,0.103286,0.074718,0.118196
SG_003324,0,0.392321,0.119505,0.156904
SG_003326,0,0.9061,0.306133,0.276403
SG_003327,0,0.809064,0.262627,0.220601
SG_003329,0,0.056893,0.079442,0.069914
SG_003330,0,0.9412,0.381399,0.247325
SG_003334,0,0.543936,0.153004,0.171045
SG_003335,0,0.094679,0.082095,0.095514
SG_003336,0,0.331971,0.114618,0.137318
SG_003337,0,0.517286,0.153342,0.152687
SG_003338,0,0.327743,0.120377,0.117577
SG_003339,0,0.099857,0.08686,0.081862
SG_003343,0,0.160029,0.087873,0.121369
SG_003344,1,0.981493,0.422755,0.305015
SG_003345,0,0.550586,0.155955,0.169793
SG_003346,0,0.796493,0.256599,0.215799
SG_003347,0,0.951707,0.33312,0.319337
SG_003348,1,0.874521,0.26466,0.324313
SG_003350,0,0.113379,0.086447,0.095196
SG_003351,0,0.788543,0.230859,0.247805
SG_003352,0,0.608557,0.171113,0.182738
SG_003353,0,0.219636,0.10267,0.108944
SG_003354,0,0.938757,0.309038,0.495663
SG_003356,0,0.640364,0.20248,0.160378
SG_003358,0,0.031371,0.071308,0.067911
SG_003359,0,0.668157,0.20269,0.179194
SG_003360,0,0.835907,0.280754,0.223566
SG_003362,0,0.746757,0.24208,0.189757
SG_003363,0,0.418729,0.151737,0.097242
SG_003364,0,0.868214,0.308335,0.223443
SG_003365,0,0.740507,0.212001,0.226723
SG_003366,0,0.548529,0.163365,0.154523
SG_003367,0,0.442107,0.130936,0.155401
SG_003368,0,0.881764,0.302781,0.246095
SG_003369,0,0.152521,0.090127,0.110751
SG_003372,1,0.442129,0.130224,0.1568
SG_003375,0,0.037243,0.072783,0.071693
SG_003376,1,0.566214,0.168733,0.156846
SG_003377,0,0.134821,0.093672,0.085254
SG_003378,0,0.805171,0.233727,0.266485
SG_003380,1,0.425671,0.137466,0.131407
SG_003381,1,0.277886,0.11667,0.097625
SG_003382,0,0.283179,0.109222,0.126407
SG_003383,0,0.193893,0.098666,0.107523
SG_003384,0,0.902807,0.316441,0.255216
SG_003385,0,0.530829,0.132797,0.217786
SG_003386,0,0.501179,0.148064,0.152816
SG_003387,0,0.374079,0.118637,0.148519
SG_003394,0,0.922743,0.314519,0.292095
SG_003395,0,0.110207,0.08662,0.092226
SG_003396,0,0.061279,0.080837,0.068113
SG_003400,0,0.561029,0.159952,0.16825
SG_003401,0,0.756457,0.233537,0.208739
SG_003403,0,0.093,0.08755,0.071221
SG_003405,0,0.485493,0.127975,0.194992
SG_003406,0,0.527214,0.15365,0.158096
SG_003409,0,0.923793,0.327158,0.269884
SG_003410,0,0.059379,0.07881,0.07566
SG_003411,0,0.969636,0.354272,0.33559
SG_003412,0,0.649021,0.174941,0.207671
SG_003413,0,0.754821,0.2484,0.18953
SG_003414,0,0.519121,0.155848,0.149355
SG_003415,0,0.152157,0.092063,0.10447
SG_003416,0,0.41865,0.144958,0.11155
SG_003417,0,0.495807,0.130304,0.195105
SG_003418,1,0.0991,0.085132,0.088688
SG_003419,0,0.303793,0.111678,0.130788
SG_003420,0,0.867579,0.261788,0.314693
SG_003421,1,0.710993,0.210786,0.200467
SG_003423,0,0.699164,0.223021,0.176213
SG_003424,0,0.16,0.091021,0.112787
SG_003425,0,0.789314,0.240343,0.2316
SG_003427,0,0.166621,0.098956,0.086594
SG_003428,1,0.747407,0.219559,0.221126
SG_003429,0,0.343257,0.115191,0.14152
SG_003431,0,0.865721,0.252531,0.398112
SG_003432,1,0.4138,0.127858,0.145858
SG_003433,0,0.914029,0.307926,0.289379
SG_003435,0,0.437814,0.133907,0.145467
SG_003436,0,0.111129,0.089289,0.083308
SG_003438,0,0.8547,0.265513,0.27408
SG_003442,0,0.755829,0.233109,0.208747
SG_003443,0,0.760271,0.237523,0.206336
SG_003445,0,0.465914,0.134725,0.161106
SG_003446,0,0.7185,0.20817,0.212103
SG_003448,0,0.048629,0.076037,0.074314
SG_003449,1,0.780129,0.212585,0.280757
SG_003450,0,0.521964,0.160228,0.143566
SG_003451,0,0.184664,0.100959,0.092531
SG_003454,0,0.939379,0.3585,0.259851
SG_003455,0,0.596936,0.175632,0.166238
SG_003456,1,0.713064,0.187398,0.251596
SG_003457,0,0.345179,0.10456,0.179223
SG_003458,0,0.387386,0.114078,0.173519
SG_003459,0,0.579,0.163252,0.175269
SG_003460,0,0.9356,0.331346,0.284039
SG_003461,0,0.054014,0.07857,0.070165
SG_003462,0,0.192914,0.100224,0.101605
SG_003463,0,0.406986,0.119178,0.167786
SG_003465,0,0.824564,0.237429,0.291265
SG_003466,1,0.7444,0.210258,0.235256
SG_003467,0,0.826843,0.26113,0.2431
SG_003468,0,0.566929,0.154757,0.183584
SG_003470,0,0.239914,0.101733,0.124668
SG_003471,1,0.805571,0.254067,0.229755
SG_003472,0,0.900129,0.282083,0.341576
SG_003473,0,0.270207,0.121419,0.066319
SG_003474,0,0.478193,0.140687,0.153814
SG_003476,0,0.701186,0.217375,0.184087
SG_003478,0,0.06985,0.080933,0.077453
SG_003481,0,0.39895,0.117928,0.166122
SG_003484,0,0.340343,0.117737,0.132118
SG_003487,0,0.839486,0.256736,0.269499
SG_003488,0,0.597314,0.179261,0.162211
SG_003490,0,0.01685,0.070895,0.031255
SG_003494,0,0.450086,0.147797,0.124615
SG_003495,0,0.35275,0.113505,0.152491
SG_003496,0,0.5263,0.153277,0.158684
SG_003497,0,0.800193,0.269665,0.203748
SG_003498,1,0.730614,0.201643,0.23811
SG_003499,0,0.377271,0.113926,0.166731
SG_003500,0,0.838586,0.280356,0.227067
SG_003502,0,0.183114,0.104736,0.06822
SG_003503,0,0.114986,0.0926,0.070654
SG_003504,0,0.093171,0.083068,0.091179
SG_003506,0,0.076107,0.084198,0.069242
SG_003507,0,0.07795,0.083351,0.075363
SG_003508,0,0.360343,0.121357,0.133167
SG_003510,0,0.3288,0.137775,0.041693
SG_003511,0,0.127864,0.091831,0.087467
SG_003512,0,0.43805,0.132799,0.148408
SG_003513,0,0.06895,0.078535,0.086144
SG_003514,0,0.335357,0.128448,0.098221
SG_003515,0,0.7889,0.239775,0.231976
SG_003516,0,0.372279,0.131156,0.114657
SG_003518,1,0.981736,0.395074,0.316657
SG_003519,0,0.103007,0.085295,0.091443
SG_003520,0,0.21435,0.095732,0.130369
SG_003522,0,0.369243,0.134552,0.104118
SG_003523,0,0.06285,0.075717,0.089179
SG_003524,1,0.2066,0.10513,0.09075
SG_003525,0,0.195193,0.104363,0.083878
SG_003527,0,0.780136,0.221725,0.256745
SG_003529,0,0.604343,0.168696,0.183526
SG_003530,1,0.175186,0.104291,0.058603
SG_003531,0,0.042129,0.073764,0.074528
SG_003533,1,0.660129,0.181756,0.205095
SG_003534,0,0.452243,0.144881,0.131363
SG_003536,1,0.931136,0.316542,0.307506
SG_003537,0,0.193786,0.087914,0.139835
SG_003539,1,0.831671,0.261379,0.248895
SG_003540,0,0.319521,0.106436,0.154638
SG_003542,0,0.317293,0.116154,0.124236
SG_003543,0,0.178343,0.098496,0.098281
SG_003544,0,0.550179,0.145778,0.192667
SG_003546,1,0.630871,0.177027,0.188805
SG_003547,0,0.684736,0.185558,0.221997
SG_003550,1,0.893993,0.315149,0.244712
SG_003551,0,0.5903,0.165101,0.180574
SG_003552,0,0.77305,0.234604,0.223476
SG_003553,0,0.860779,0.284472,0.246994
SG_003555,0,0.891336,0.29626,0.270454
SG_003556,0,0.810036,0.275059,0.20537
SG_003558,0,0.708364,0.221749,0.184263
SG_003559,0,0.571221,0.196489,0.126891
SG_003560,0,0.6215,0.178933,0.179603
SG_003561,0,0.381921,0.113663,0.17133
SG_003562,1,0.387086,0.133939,0.116904
SG_003563,0,0.277714,0.111243,0.116879
SG_003564,0,0.1855,0.105959,0.06068
SG_003565,1,0.614593,0.16529,0.198317
SG_003567,0,0.908014,0.320248,0.256267
SG_003569,0,0.202293,0.104703,0.088907
SG_003570,0,0.503336,0.135432,0.18475
SG_003571,0,0.778221,0.225327,0.246753
SG_003573,0,0.511229,0.144214,0.167597
SG_003574,0,0.398321,0.116112,0.173234
SG_003576,0,0.256793,0.103139,0.129733
SG_003577,0,0.517629,0.139346,0.1845
SG_003579,0,0.55895,0.159087,0.168819
SG_003580,0,0.215664,0.099005,0.11998
SG_003581,0,0.112286,0.088953,0.085458
SG_003582,0,0.667879,0.193995,0.192353
SG_003583,0,0.280921,0.107423,0.130319
SG_003586,1,0.568671,0.150551,0.194944
SG_003587,0,0.165164,0.102899,0.052801
SG_003590,0,0.755886,0.216965,0.235762
SG_003591,0,0.846329,0.264709,0.26308
SG_003592,0,0.369736,0.117512,0.148944
SG_003593,0,0.273593,0.109113,0.1214
SG_003595,0,0.374093,0.130856,0.116762
SG_003596,0,0.705386,0.232609,0.170085
SG_003599,0,0.84285,0.26912,0.250357
SG_003600,1,0.721464,0.213065,0.206073
SG_003602,0,0.30655,0.123891,0.091857
SG_003604,0,0.334543,0.117536,0.129633
SG_003605,0,0.391314,0.131169,0.125985
SG_003606,1,0.345921,0.118294,0.133727
SG_003607,1,0.108429,0.088276,0.084551
SG_003608,0,0.238914,0.113417,0.079813
SG_003609,0,0.0453,0.076862,0.0665
SG_003612,0,0.475671,0.130865,0.178644
SG_003614,0,0.273093,0.109614,0.119196
SG_003615,0,0.807743,0.24383,0.248575
SG_003616,0,0.663657,0.160374,0.268136
SG_003617,0,0.808443,0.266378,0.214451
SG_003621,0,0.940243,0.362584,0.257708
SG_003622,0,0.217593,0.097416,0.126576
SG_003623,0,0.496596,0.133229,0.186926
SG_003624,1,0.288393,0.115129,0.110414
SG_003626,0,0.301271,0.127512,0.070714
SG_003630,0,0.910393,0.32357,0.255016
SG_003631,0,0.267914,0.103531,0.134676
SG_003632,0,0.794821,0.247265,0.22776
SG_003633,0,0.428143,0.142119,0.122744
SG_003634,0,0.445586,0.135996,0.145017
SG_003635,1,0.147343,0.094065,0.094075
SG_003636,0,0.094993,0.078016,0.107032
SG_003638,0,0.051564,0.07874,0.065523
SG_003639,0,0.4023,0.128054,0.139147
SG_003640,0,0.494793,0.150198,0.144961
SG_003641,1,0.968279,0.345413,0.362566
SG_003642,0,0.367821,0.132301,0.108836
SG_003643,0,0.375064,0.128358,0.123459
SG_003644,0,0.407257,0.138619,0.118102
SG_003645,0,0.434421,0.12909,0.155087
SG_003646,0,0.233436,0.106081,0.105472
SG_003647,0,0.284286,0.109847,0.125056
SG_003649,0,0.324229,0.122156,0.109557
SG_003651,0,0.5641,0.153901,0.183336
SG_003652,0,0.3016,0.111504,0.130214
SG_003653,0,0.914721,0.31732,0.271216
SG_003654,1,0.293893,0.107109,0.138208
SG_003655,1,0.823164,0.275203,0.217377
SG_003656,1,0.961143,0.36533,0.291684
SG_003657,0,0.800879,0.255171,0.222563
SG_003658,1,0.693636,0.194752,0.21306
SG_003659,0,0.366621,0.127908,0.119658
SG_003660,0,0.162114,0.087139,0.124239
SG_003661,1,0.921057,0.336792,0.252626
SG_003662,0,0.234357,0.103485,0.115233
SG_003663,0,0.666557,0.209742,0.168379
SG_003664,0,0.699664,0.192315,0.223895
SG_003665,0,0.609464,0.15496,0.219696
SG_003667,0,0.162179,0.080845,0.139394
SG_003669,0,0.063193,0.07612,0.088442
SG_003672,0,0.231814,0.101368,0.12157
SG_003673,0,0.185621,0.09567,0.113664
SG_003674,0,0.596636,0.182356,0.157675
SG_003675,0,0.365764,0.115716,0.152776
SG_003676,0,0.244,0.098087,0.138843
SG_003677,0,0.3021,0.108827,0.138121
SG_003678,0,0.093121,0.082276,0.093877
SG_003679,0,0.68475,0.240076,0.14898
SG_003680,0,0.445471,0.138295,0.140267
SG_003681,0,0.724114,0.219847,0.198847
SG_003682,1,0.713107,0.243367,0.164271
SG_003683,0,0.1272,0.090576,0.091676
SG_003684,0,0.4868,0.128561,0.193613
SG_003685,1,0.639279,0.178653,0.193144
SG_003686,1,0.9943,0.395554,0.537071
SG_003687,0,0.700086,0.207944,0.196411
SG_003688,0,0.973164,0.370317,0.314834
SG_003690,0,0.620579,0.175474,0.183547
SG_003692,0,0.503871,0.140777,0.17079
SG_003693,0,0.129136,0.087766,0.10225
SG_003694,0,0.952993,0.335839,0.314716
SG_003695,0,0.856357,0.274622,0.258722
SG_003696,1,0.238186,0.103416,0.118093
SG_003697,0,0.715729,0.200442,0.223009
SG_003698,0,0.304471,0.116391,0.115374
SG_003700,0,0.603893,0.18555,0.15833
SG_003701,0,0.33955,0.124876,0.111313
SG_003703,0,0.380271,0.116532,0.159004
SG_003707,0,0.401293,0.106528,0.216384
SG_003709,0,0.790857,0.261325,0.204877
SG_003712,1,0.893943,0.308448,0.254495
SG_003713,1,0.453264,0.123935,0.183764
SG_003716,0,0.491021,0.138035,0.16913
SG_003717,0,0.090643,0.087927,0.065817
SG_003718,0,0.450414,0.149396,0.122169
SG_003719,0,0.098086,0.087455,0.077428
SG_003720,0,0.964307,0.335069,0.462732
SG_003721,0,0.309586,0.112537,0.131284
SG_003723,1,0.608407,0.165751,0.192925
SG_003724,0,0.283421,0.123671,0.069072
SG_003725,0,0.222043,0.098579,0.125108
SG_003726,0,0.656886,0.222354,0.148822
SG_003727,0,0.868943,0.288112,0.251818
SG_003728,0,0.180771,0.0949,0.113237
SG_003729,0,0.245671,0.103989,0.120772
SG_003730,0,0.523329,0.144725,0.175258
SG_003731,1,0.002364,0.060915,0.021499
SG_003732,0,0.260036,0.10085,0.138972
SG_003733,0,0.178714,0.096722,0.105786
SG_003734,1,0.6322,0.183726,0.180416
SG_003735,0,0.202436,0.097569,0.11711
SG_003736,0,0.303336,0.107313,0.142832
SG_003737,0,0.67805,0.22491,0.160267
SG_003738,1,0.788293,0.220968,0.271149
SG_003739,0,0.842814,0.282339,0.229063
SG_003740,0,0.8214,0.266139,0.22841
SG_003741,0,0.889564,0.298789,0.26289
SG_003742,0,0.030714,0.054446,0.084836
SG_003743,0,0.528457,0.145354,0.177214
SG_003744,1,0.956443,0.400886,0.261857
SG_003747,0,0.408429,0.135576,0.1255
SG_003748,0,0.423779,0.135092,0.135271
SG_003749,0,0.339779,0.110903,0.153111
SG_003750,0,0.383971,0.122214,0.143681
SG_003752,0,0.452821,0.177568,0.06386
SG_003753,0,0.0179,0.072203,0.014806
SG_003755,0,0.253514,0.098131,0.143805
SG_003756,0,0.982329,0.391485,0.321241
SG_003759,1,0.734057,0.222,0.204818
SG_003760,0,0.223114,0.09834,0.12666
SG_003761,0,0.833536,0.274784,0.229863
SG_003762,0,0.158464,0.095852,0.095098
SG_003763,0,0.653757,0.201601,0.170209
SG_003764,0,0.582514,0.177513,0.154653
SG_003766,1,0.629536,0.180389,0.182858
SG_003770,1,0.970114,0.379814,0.297655
SG_003771,1,0.994107,0.423278,0.366838
SG_003772,1,0.889736,0.30055,0.260287
SG_003773,0,0.96745,0.385172,0.288459
SG_003774,0,0.20355,0.107983,0.072819
SG_003775,1,0.104121,0.08109,0.104659
SG_003776,0,0.878736,0.304847,0.239458
SG_003778,0,0.530371,0.153971,0.159926
SG_003779,0,0.327093,0.118989,0.121897
SG_003780,1,0.012607,0.065492,0.050044
SG_003781,0,0.19825,0.091473,0.133302
SG_003782,0,0.92045,0.295908,0.365957
SG_003784,0,0.119671,0.087813,0.09565
SG_003785,0,0.351886,0.115621,0.144823
SG_003789,0,0.107993,0.084908,0.096785
SG_003790,0,0.360786,0.12318,0.128367
SG_003791,0,0.341007,0.128342,0.102252
SG_003793,0,0.310893,0.116881,0.117836
SG_003794,0,0.365007,0.127808,0.11892
SG_003796,0,0.32875,0.115715,0.132087
SG_003797,0,0.264643,0.105596,0.126183
SG_003798,0,0.83245,0.258281,0.255274
SG_003799,0,0.280357,0.10593,0.133879
SG_003800,0,0.070886,0.084475,0.057966
SG_003801,0,0.696279,0.197637,0.208951
SG_003802,0,0.944221,0.340579,0.285486
SG_003803,0,0.650407,0.181385,0.197543
SG_003804,0,0.822936,0.223355,0.387413
SG_003805,0,0.481886,0.136354,0.167394
SG_003808,0,0.404214,0.134476,0.125535
SG_003811,0,0.178971,0.096875,0.105197
SG_003813,0,0.51885,0.159474,0.143123
SG_003814,0,0.273486,0.098782,0.153266
SG_003815,0,0.593779,0.160564,0.191276
SG_003816,0,0.395643,0.121594,0.152134
SG_003817,0,0.567407,0.166854,0.162064
SG_003818,0,0.346921,0.105681,0.175904
SG_003819,0,0.332957,0.10716,0.16147
SG_003821,0,0.412093,0.127188,0.146864
SG_003823,0,0.037879,0.06461,0.087152
SG_003824,0,0.291071,0.108334,0.133252
SG_003825,1,0.720107,0.223421,0.191264
SG_003826,0,0.445871,0.145137,0.127245
SG_003827,0,0.122371,0.088665,0.094911
SG_003828,1,0.855764,0.276019,0.254776
SG_003830,0,0.4609,0.13243,0.163583
SG_003831,0,0.658707,0.191611,0.188943
SG_003832,0,0.592729,0.191451,0.144794
SG_003833,0,0.168614,0.103784,0.049979
SG_003834,0,0.074186,0.084566,0.064238
SG_003836,0,0.485929,0.148583,0.143302
SG_003837,0,0.4016,0.117212,0.171086
SG_003838,1,0.6115,0.176902,0.175084
SG_003839,0,0.897507,0.319126,0.24339
SG_003840,0,0.199007,0.096524,0.118985
SG_003841,0,0.631014,0.183972,0.179107
SG_003842,0,0.550579,0.139733,0.210435
SG_003845,1,0.3473,0.126935,0.110389
SG_003846,0,0.502514,0.15204,0.145905
SG_003847,1,0.950843,0.320217,0.556396
SG_003848,0,0.0842,0.086452,0.065768
SG_003849,0,0.536079,0.191555,0.112852
SG_003850,0,0.233721,0.103642,0.114506
SG_003853,0,0.762836,0.207065,0.269027
SG_003854,0,0.237729,0.111562,0.088644
SG_003855,0,0.529079,0.163264,0.143259
SG_003857,0,0.402493,0.118165,0.168122
SG_003858,0,0.261314,0.10349,0.131078
SG_003859,0,0.731207,0.266307,0.1557
SG_003861,0,0.9198,0.307944,0.301973
SG_003862,0,0.600429,0.1575,0.204102
SG_003864,1,0.79085,0.267806,0.197351
SG_003866,1,0.553864,0.160413,0.162951
SG_003867,0,0.136936,0.099284,0.026217
SG_003870,1,0.403814,0.141272,0.1098
SG_003871,0,0.766329,0.228274,0.226724
SG_003872,0,0.64375,0.193865,0.174909
SG_003873,0,0.433993,0.130489,0.151199
SG_003875,0,0.617193,0.179396,0.175555
SG_003876,0,0.139686,0.096198,0.076264
SG_003877,0,0.431379,0.133169,0.143781
SG_003879,0,0.255864,0.107997,0.113841
SG_003882,0,0.123514,0.095384,0.058242
SG_003883,0,0.353843,0.12729,0.113574
SG_003884,0,0.792864,0.265196,0.201682
SG_003885,0,0.632943,0.185364,0.178689
SG_003887,1,0.636879,0.173616,0.19977
SG_003888,0,0.454036,0.132509,0.158796
SG_003889,0,0.485864,0.132902,0.180096
SG_003890,1,0.4522,0.125566,0.177463
SG_003891,0,0.389757,0.105476,0.211339
SG_003892,0,0.56185,0.157446,0.17441
SG_003893,0,0.006393,0.059222,0.047268
SG_003894,0,0.400457,0.146998,0.095062
SG_003895,0,0.819407,0.269006,0.222723
SG_003897,0,0.840243,0.272295,0.241722
SG_003898,0,0.416093,0.119843,0.172127
SG_003899,0,0.798807,0.265845,0.205868
SG_003900,0,0.264329,0.116775,0.086214
SG_003901,0,0.152371,0.08735,0.117833
SG_003902,0,0.313986,0.123138,0.099917
SG_003903,0,0.680907,0.199206,0.193008
SG_003909,0,0.374943,0.123442,0.135401
SG_003911,1,0.882179,0.292955,0.263549
SG_003912,0,0.896071,0.312546,0.251189
SG_003913,0,0.761329,0.238168,0.20602
SG_003914,1,0.857179,0.284653,0.242022
SG_003915,0,0.234786,0.104164,0.113604
SG_003916,0,0.260921,0.105074,0.125891
SG_003918,1,0.453079,0.146015,0.130185
SG_003923,0,0.309557,0.125753,0.086508
SG_003924,0,0.358493,0.119446,0.137825
SG_003927,0,0.983564,0.440832,0.307492
SG_003928,0,0.843129,0.266647,0.254642
SG_003929,0,0.444436,0.133021,0.151473
SG_003930,0,0.851521,0.276845,0.247341
SG_003931,0,0.540414,0.174912,0.133918
SG_003932,0,0.211043,0.099015,0.116878
SG_003933,0,0.633864,0.175589,0.193424
SG_003934,0,0.655221,0.212681,0.157588
SG_003936,0,0.406979,0.139945,0.114698
SG_003938,0,0.188214,0.084725,0.144819
SG_003939,0,0.469871,0.139468,0.151529
SG_003942,0,0.187114,0.098815,0.102829
SG_003943,0,0.329879,0.125114,0.104197
SG_003944,0,0.283714,0.099867,0.155643
SG_003946,0,0.753893,0.234413,0.205236
SG_003947,0,0.345286,0.119144,0.131476
SG_003948,0,0.362164,0.127452,0.118131
SG_003949,0,0.352086,0.129862,0.10505
SG_003950,0,0.65315,0.216713,0.152409
SG_003952,0,0.396786,0.115569,0.174383
SG_003953,0,0.536671,0.158593,0.15536
SG_003954,0,0.423114,0.12063,0.174261
SG_003955,0,0.549757,0.166918,0.150321
SG_003956,0,0.5145,0.134268,0.197264
SG_003957,0,0.675421,0.183441,0.216717
SG_003960,0,0.277,0.102191,0.143471
SG_003962,0,0.262907,0.120931,0.056589
SG_003963,0,0.292886,0.106635,0.138669
SG_003964,0,0.522557,0.156334,0.1505
SG_003965,1,0.9781,0.379669,0.318327
SG_003968,1,0.6638,0.196077,0.185274
SG_003970,0,0.97275,0.351608,0.374829
SG_003971,0,0.029757,0.069736,0.069865
SG_003973,0,0.069486,0.08505,0.048387
SG_003974,0,0.284986,0.103454,0.144134
SG_003975,0,0.164414,0.08934,0.120364
SG_003976,0,0.07095,0.086234,0.032475
SG_003980,1,0.532314,0.151179,0.166669
SG_003981,0,0.672736,0.175494,0.230797
SG_003982,0,0.47175,0.150116,0.132525
SG_003983,0,0.188179,0.099487,0.101002
SG_003984,1,0.4768,0.13901,0.157168
SG_003985,0,0.160493,0.099372,0.077965
SG_003986,1,0.793793,0.228558,0.261014
SG_003987,0,0.456793,0.153397,0.118253
SG_003989,0,0.119357,0.082029,0.112113
SG_003990,1,0.595043,0.174915,0.166214
SG_003991,0,0.742893,0.234748,0.195337
SG_003993,0,0.365521,0.128142,0.118185
SG_003996,1,0.875707,0.284596,0.268395
SG_003997,0,0.243043,0.112582,0.088288
SG_003998,0,0.372779,0.115648,0.157536
SG_003999,1,0.0443,0.078713,0.050315
SG_004000,0,0.194157,0.106679,0.068439
SG_004003,1,0.833057,0.239861,0.30166
SG_004004,0,0.692443,0.190683,0.220588
SG_004005,1,0.725357,0.222213,0.19722
SG_004006,0,0.404079,0.109979,0.203524
SG_004007,0,0.383993,0.117778,0.156772
SG_004008,0,0.338814,0.120038,0.125048
SG_004009,0,0.249186,0.105893,0.115804
SG_004010,0,0.304793,0.107943,0.141887
SG_004013,1,0.588421,0.174692,0.162594
SG_004014,0,0.811736,0.229055,0.290577
SG_004015,0,0.149443,0.090196,0.108165
SG_004017,1,0.393529,0.126938,0.137156
SG_004018,0,0.069957,0.07946,0.084023
SG_004020,0,0.287086,0.108692,0.130286
SG_004021,0,0.3686,0.127539,0.121976
SG_004022,0,0.735321,0.203837,0.239152
SG_004023,0,0.182129,0.102488,0.081561
SG_004024,0,0.642114,0.16424,0.227055
SG_004025,1,0.860464,0.272937,0.268697
SG_004026,0,0.04285,0.077844,0.055663
SG_004027,1,0.757007,0.218189,0.234274
SG_004028,1,0.411393,0.131922,0.135634
SG_004029,0,0.701286,0.203892,0.203771
SG_004030,0,0.240993,0.099445,0.132753
SG_004031,0,0.162393,0.08183,0.137331
SG_004032,0,0.343714,0.111837,0.152581
SG_004033,0,0.402014,0.124208,0.148618
SG_004035,0,0.284629,0.097061,0.167419
SG_004037,0,0.062507,0.074249,0.092317
SG_004038,0,0.436557,0.130803,0.152364
SG_004039,0,0.965493,0.364395,0.303208
SG_004040,0,0.172893,0.102664,0.070131
SG_004043,0,0.554786,0.1578,0.168301
SG_004044,0,0.7548,0.222265,0.224318
SG_004046,0,0.229607,0.113862,0.06559
SG_004047,1,0.511536,0.133754,0.196888
SG_004051,0,0.515014,0.135529,0.193568
SG_004052,0,0.752207,0.203916,0.260886
SG_004053,0,0.356657,0.104676,0.187047
SG_004055,0,0.316286,0.10465,0.158976
SG_004056,1,0.164893,0.096121,0.098713
SG_004057,0,0.090507,0.084379,0.084377
SG_004058,0,0.884329,0.295075,0.261749
SG_004059,1,0.866843,0.272257,0.282143
SG_004061,0,0.566807,0.15986,0.172991
SG_004062,0,0.790464,0.242472,0.22995
SG_004067,1,0.942879,0.321024,0.331693
SG_004068,0,0.262643,0.10812,0.117669
SG_004069,0,0.470414,0.140518,0.149523
SG_004070,0,0.410457,0.135103,0.127675
SG_004072,0,0.845707,0.312293,0.19822
SG_004073,0,0.259057,0.1134,0.097195
SG_004075,0,0.019114,0.070858,0.043497
SG_004076,0,0.143014,0.089698,0.105989
SG_004077,0,0.559843,0.155911,0.176553
SG_004082,0,0.275393,0.120708,0.077165
SG_004084,0,0.358314,0.130211,0.1081
SG_004085,0,0.098771,0.083094,0.095134
SG_004086,0,0.187529,0.096605,0.1119
SG_004088,0,0.345864,0.115671,0.141465
SG_004090,0,0.866807,0.257628,0.333672
SG_004092,0,0.253971,0.100216,0.137926
SG_004095,0,0.900657,0.324382,0.241348
SG_004096,0,0.297714,0.121384,0.094636
SG_004097,0,0.896643,0.321973,0.239574
SG_004098,0,0.733521,0.220496,0.206046
SG_004099,0,0.387371,0.130531,0.125209
SG_004101,0,0.258739,0.100006,0.140753
SG_004102,0,0.387971,0.118631,0.157012
SG_004103,1,0.445607,0.133639,0.150535
SG_004104,0,0.764793,0.232918,0.2175
SG_004105,0,0.158471,0.095023,0.09841
SG_004106,0,0.960679,0.331054,0.44403
SG_004108,0,0.517714,0.158467,0.144274
SG_004112,0,0.233993,0.102641,0.117868
SG_004113,1,0.183964,0.08899,0.132159
SG_004114,0,0.856757,0.30411,0.215851
SG_004115,0,0.305971,0.113012,0.127641
SG_004116,0,0.141679,0.086014,0.114832
SG_004117,0,0.599421,0.178094,0.164854
SG_004118,0,0.572736,0.15825,0.180811
SG_004119,0,0.558586,0.181128,0.136978
SG_004120,0,0.805257,0.276142,0.199872
SG_004121,0,0.685464,0.200054,0.195523
SG_004122,0,0.214293,0.09902,0.118884
SG_004124,0,0.81595,0.236072,0.278237
SG_004125,0,0.82785,0.269657,0.23125
SG_004128,0,0.877829,0.353601,0.196047
SG_004132,0,0.987457,0.383693,0.370066
SG_004133,0,0.521757,0.151334,0.159661
SG_004134,0,0.203993,0.100678,0.106892
SG_004135,0,0.930436,0.324844,0.286678
SG_004137,0,0.526286,0.156075,0.153326
SG_004138,0,0.3896,0.13222,0.122515
SG_004139,1,0.836279,0.274942,0.232289
SG_004141,0,0.347329,0.115975,0.141324
SG_004142,0,0.996857,0.435115,0.400977
SG_004143,0,0.362693,0.115108,0.15305
SG_004144,0,0.461279,0.15528,0.117642
SG_004145,0,0.944493,0.341786,0.284342
SG_004146,0,0.872814,0.292038,0.251056
SG_004147,0,0.132807,0.085618,0.110852
SG_004148,1,0.305414,0.127105,0.077165
SG_004150,1,0.694779,0.207117,0.193249
SG_004151,0,0.77745,0.271116,0.183864
SG_004153,1,0.325679,0.115562,0.130893
SG_004154,0,0.896521,0.324271,0.236639
SG_004156,0,0.106943,0.086748,0.089028
SG_004158,1,0.927657,0.341139,0.257155
SG_004159,0,0.752871,0.257314,0.178966
SG_004160,0,0.879779,0.293721,0.258258
SG_004161,0,0.524429,0.155923,0.152626
SG_004162,1,0.62535,0.174833,0.188459
SG_004165,0,0.543786,0.169188,0.143249
SG_004166,0,0.199,0.09762,0.114663
SG_004167,0,0.048607,0.069026,0.090802
SG_004169,0,0.620571,0.182702,0.173805
SG_004172,0,0.791679,0.243343,0.230134
SG_004173,0,0.84385,0.271536,0.247519
SG_004176,0,0.575171,0.160147,0.178187
SG_004177,0,0.038979,0.077004,0.053451
SG_004179,0,0.299286,0.116058,0.113768
SG_004180,0,0.832029,0.270115,0.235501
SG_004182,0,0.120221,0.086191,0.101138
SG_004183,0,0.534207,0.139294,0.197821
SG_004185,0,0.6447,0.180009,0.194733
SG_004188,0,0.700971,0.200524,0.208046
SG_004189,0,0.341879,0.130124,0.097528
SG_004190,0,0.020936,0.06838,0.059764
SG_004193,0,0.077,0.087206,0.03936
SG_004194,0,0.892293,0.309607,0.250466
SG_004195,0,0.172836,0.093874,0.111987
SG_004196,1,0.427386,0.132206,0.143398
SG_004198,1,0.760493,0.235171,0.210052
SG_004199,0,0.910736,0.311615,0.274603
SG_004200,1,0.622264,0.174719,0.186412
SG_004202,0,0.845621,0.254409,0.286975
SG_004203,0,0.60145,0.159076,0.201099
SG_004205,0,0.616907,0.156897,0.221237
SG_004206,0,0.815664,0.265296,0.22308
SG_004208,0,0.146786,0.096137,0.083928
SG_004210,0,0.270271,0.110719,0.114048
SG_004211,0,0.521864,0.148847,0.164812
SG_004212,0,0.095793,0.081977,0.096624
SG_004213,0,0.3115,0.130088,0.068769
SG_004215,0,0.484707,0.160681,0.122318
SG_004216,0,0.919179,0.353556,0.237144
SG_004217,0,0.463286,0.142632,0.140994
SG_004219,0,0.203693,0.097363,0.118552
SG_004221,0,0.958029,0.372204,0.278083
SG_004222,0,0.460657,0.128857,0.173751
SG_004226,0,0.235721,0.099103,0.131007
SG_004227,0,0.549129,0.172428,0.141926
SG_004231,0,0.393614,0.126195,0.138717
SG_004232,0,0.714507,0.237135,0.171815
SG_004233,0,0.218371,0.09704,0.128411
SG_004234,0,0.005786,0.05673,0.047295
SG_004236,0,0.941614,0.345555,0.27417
SG_004237,0,0.128307,0.091599,0.088621
SG_004240,0,0.604707,0.167643,0.186443
SG_004241,0,0.92765,0.320823,0.288615
SG_004242,0,0.793236,0.224799,0.269688
SG_004243,0,0.527129,0.147331,0.171703
SG_004245,0,0.729836,0.186279,0.281723
SG_004246,0,0.726636,0.197553,0.241746
SG_004247,0,0.211414,0.091053,0.141735
SG_004248,0,0.219921,0.101811,0.112669
SG_004249,0,0.022579,0.072894,0.039195
SG_004250,0,0.6504,0.183267,0.195071
SG_004251,1,0.933329,0.324123,0.294353
SG_004252,0,0.415986,0.142619,0.114189
SG_004254,1,0.79785,0.253784,0.221301
SG_004255,0,0.595129,0.183103,0.155663
SG_004259,0,0.267343,0.110718,0.112553
SG_004260,0,0.476007,0.137871,0.159772
SG_004261,0,0.221864,0.099117,0.123231
SG_004264,0,0.511014,0.147169,0.161291
SG_004266,0,0.4766,0.125936,0.194467
SG_004267,1,0.520629,0.145106,0.172434
SG_004270,0,0.257764,0.109118,0.111767
SG_004272,0,0.646457,0.165947,0.227711
SG_004273,0,0.330621,0.108702,0.154826
SG_004274,0,0.65405,0.188636,0.189393
SG_004275,0,0.747029,0.21691,0.225743
SG_004276,0,0.523186,0.149325,0.164737
SG_004277,0,0.819936,0.272886,0.217615
SG_004278,0,0.262057,0.112769,0.10174
SG_004279,0,0.589786,0.147846,0.221799
SG_004280,1,0.930979,0.320297,0.297484
SG_004281,1,0.480857,0.128527,0.18909
SG_004282,0,0.138057,0.091194,0.097634
SG_004283,1,0.770721,0.208634,0.276405
SG_004284,0,0.158229,0.097599,0.086371
SG_004285,1,0.312971,0.121846,0.103365
SG_004287,1,0.754893,0.237947,0.201027
SG_004288,1,0.971471,0.366774,0.316292
SG_004292,0,0.8959,0.300286,0.270372
SG_004293,1,0.457229,0.142653,0.137867
SG_004294,0,0.055014,0.078491,0.071826
SG_004295,0,0.527343,0.160082,0.146943
SG_004296,0,0.824164,0.254328,0.252304
SG_004298,0,0.408586,0.133953,0.129329
SG_004299,0,0.280364,0.096801,0.165723
SG_004301,0,0.51245,0.144467,0.167763
SG_004303,0,0.651257,0.19147,0.183578
SG_004304,0,0.506336,0.140444,0.173647
SG_004307,0,0.041221,0.070078,0.082355
SG_004308,0,0.505593,0.130354,0.20357
SG_004309,0,0.477729,0.132209,0.175846
SG_004310,1,0.784114,0.256534,0.204703
SG_004311,0,0.584407,0.152114,0.203965
SG_004314,0,0.544386,0.135154,0.221611
SG_004316,0,0.029393,0.061357,0.081653
SG_004317,0,0.889993,0.29969,0.262149
SG_004318,0,0.411371,0.11989,0.168343
SG_004319,1,0.161036,0.096993,0.092209
SG_004323,0,0.393707,0.13518,0.117783
SG_004324,0,0.552464,0.161734,0.160076
SG_004327,0,0.166729,0.095267,0.102853
SG_004328,1,0.996371,0.412073,0.456451
SG_004329,0,0.552636,0.188913,0.125315
SG_004330,0,0.3357,0.118192,0.128481
SG_004331,0,0.414264,0.1318,0.137639
SG_004332,0,0.1489,0.097918,0.074898
SG_004333,0,0.332936,0.11547,0.135254
SG_004334,0,0.581393,0.166708,0.171796
SG_004335,0,0.583493,0.153099,0.200739
SG_004336,0,0.870171,0.290802,0.248575
SG_004337,0,0.330493,0.103767,0.172237
SG_004338,0,0.534507,0.158957,0.153267
SG_004340,0,0.166607,0.099705,0.082957
SG_004341,0,0.070171,0.078427,0.08777
SG_004343,0,0.582493,0.167224,0.171495
SG_004344,0,0.18945,0.105859,0.068127
SG_004345,0,0.3488,0.110336,0.161152
SG_004346,0,0.499621,0.147004,0.154135
SG_004351,0,0.482086,0.128551,0.190074
SG_004352,0,0.076921,0.081301,0.083203
SG_004353,0,0.993679,0.410051,0.376867
SG_004354,0,0.509743,0.146908,0.161342
SG_004355,1,0.23575,0.111858,0.085385
SG_004356,0,0.631743,0.197231,0.161177
SG_004360,0,0.699614,0.207185,0.197316
SG_004361,1,0.935136,0.361587,0.251845
SG_004363,1,0.447,0.137307,0.143346
SG_004364,0,0.152857,0.099513,0.068267
SG_004366,0,0.309364,0.116034,0.120177
SG_004367,0,0.23825,0.10186,0.123428
SG_004371,0,0.431,0.136962,0.135493
SG_004372,1,0.743921,0.238899,0.190833
SG_004373,0,0.119371,0.090937,0.083489
SG_004374,1,0.517736,0.144057,0.172858
SG_004375,0,0.338464,0.114821,0.14009
SG_004376,0,0.870371,0.284801,0.259707
SG_004377,0,0.8557,0.284501,0.240894
SG_004380,0,0.443779,0.142195,0.131288
SG_004381,0,0.409221,0.12647,0.14686
SG_004382,0,0.782857,0.247449,0.21508
SG_004383,0,0.385836,0.133307,0.117882
SG_004384,0,0.290957,0.115894,0.109203
SG_004385,0,0.76095,0.231008,0.216085
SG_004386,0,0.659871,0.194643,0.184912
SG_004387,1,0.113064,0.090752,0.077618
SG_004389,0,0.369321,0.121332,0.138306
SG_004392,0,0.833743,0.279445,0.223069
SG_004393,0,0.196614,0.10286,0.09229
SG_004394,0,0.011436,0.06342,0.052819
SG_004395,0,0.458629,0.146655,0.131858
SG_004396,0,0.330157,0.113384,0.139843
SG_004397,0,0.235571,0.111718,0.086024
SG_004398,0,0.856379,0.270249,0.268216
SG_004399,0,0.589029,0.156775,0.196303
SG_004400,1,0.425479,0.137954,0.130298
SG_004402,0,0.939321,0.312361,0.376945
SG_004403,0,0.016193,0.063651,0.06323
SG_004407,0,0.07345,0.086538,0.037019
SG_004409,1,0.859807,0.290086,0.237817
SG_004410,1,0.599836,0.195715,0.143578
SG_004411,0,0.495379,0.147689,0.149986
SG_004412,0,0.309929,0.118212,0.113306
SG_004413,1,0.630043,0.208575,0.147175
SG_004414,1,0.515207,0.151816,0.154379
SG_004416,0,0.4395,0.130597,0.154622
SG_004418,0,0.250086,0.119021,0.051849
SG_004421,1,0.512829,0.140723,0.177323
SG_004424,0,0.378386,0.120491,0.145396
SG_004425,0,0.1006,0.082564,0.098117
SG_004428,0,0.220357,0.099717,0.120515
SG_004430,0,0.63645,0.189373,0.175846
SG_004431,0,0.293236,0.110003,0.129643
SG_004433,0,0.750929,0.208196,0.248037
SG_004434,0,0.684243,0.198362,0.197315
SG_004435,1,0.61145,0.173633,0.180264
SG_004436,1,0.500871,0.160529,0.131709
SG_004437,1,0.975536,0.369648,0.324441
SG_004438,0,0.991921,0.418411,0.352936
SG_004440,0,0.778486,0.221137,0.255635
SG_004441,0,0.145657,0.097505,0.07448
SG_004442,0,0.731129,0.210912,0.218695
SG_004443,0,0.222007,0.113637,0.053236
SG_004444,1,0.639511,0.199015,0.163333
SG_004446,0,0.216221,0.107964,0.086154
SG_004449,0,0.438421,0.128292,0.160442
SG_004450,0,0.908157,0.309528,0.274202
SG_004452,0,0.073214,0.081986,0.076362
SG_004453,1,0.295571,0.118004,0.1046
SG_004454,0,0.757721,0.238958,0.202316
SG_004455,0,0.626,0.182558,0.177714
SG_004456,0,0.5773,0.165129,0.170972
SG_004459,0,0.658064,0.213895,0.158404
SG_004463,0,0.574121,0.170728,0.15949
SG_004466,0,0.263421,0.101533,0.138512
SG_004467,0,0.860436,0.262885,0.293957
SG_004468,0,0.816121,0.231206,0.292888
SG_004470,0,0.963657,0.371204,0.290587
SG_004471,0,0.77845,0.221904,0.254105
SG_004472,1,0.735643,0.241533,0.182143
SG_004473,1,0.767507,0.230424,0.22383
SG_004478,0,0.71915,0.216935,0.199074
SG_004479,0,0.949121,0.357501,0.275487
SG_004481,0,0.627129,0.179787,0.182236
SG_004483,0,0.194964,0.103184,0.089872
SG_004485,0,0.948064,0.324322,0.344282
SG_004487,0,0.052393,0.079296,0.06419
SG_004488,0,0.904371,0.352276,0.220863
SG_004489,0,0.313786,0.114399,0.127949
SG_004490,0,0.22745,0.109981,0.086694
SG_004491,0,0.330286,0.128024,0.096057
SG_004492,0,0.384364,0.1301,0.124331
SG_004493,0,0.658121,0.193831,0.18519
SG_004495,0,0.423014,0.121818,0.169251
SG_004496,0,0.894129,0.288902,0.291876
SG_004497,0,0.92955,0.314373,0.308694
SG_004498,0,0.588921,0.155249,0.199788
SG_004499,0,0.80325,0.254976,0.225104
SG_004500,0,0.283743,0.110686,0.122473
SG_004501,1,0.956979,0.345639,0.306424
SG_004502,1,0.205614,0.10023,0.109717
SG_004503,0,0.569836,0.16764,0.16213
SG_004505,0,0.843279,0.265112,0.257161
SG_004506,0,0.37685,0.119269,0.148304
SG_004507,0,0.718621,0.226173,0.1867
SG_004510,1,0.875543,0.281956,0.273705
SG_004512,1,0.508479,0.142715,0.168635
SG_004513,0,0.078479,0.080038,0.089771
SG_004516,1,0.604579,0.180798,0.164456
SG_004517,0,0.419079,0.124814,0.157442
SG_004519,0,0.251564,0.112617,0.095053
SG_004520,0,0.095986,0.088097,0.0723
SG_004522,0,0.877071,0.312749,0.227306
SG_004523,0,0.615929,0.173274,0.183845
SG_004524,0,0.218429,0.093397,0.139326
SG_004525,0,0.3445,0.116673,0.137726
SG_004527,0,0.0647,0.084227,0.04635
SG_004528,1,0.9345,0.319908,0.305776
SG_004529,0,0.935736,0.342613,0.267946
SG_004531,0,0.476171,0.15327,0.129978
SG_004532,1,0.008921,0.064712,0.043064
SG_004533,1,0.6526,0.186618,0.191144
SG_004535,0,0.472771,0.144924,0.142537
SG_004537,0,0.209686,0.102806,0.101893
SG_004540,0,0.336,0.117936,0.129116
SG_004542,1,0.392393,0.121332,0.15103
SG_004543,0,0.416057,0.135156,0.130809
SG_004544,0,0.250579,0.103234,0.125771
SG_004545,0,0.557793,0.152608,0.181853
SG_004546,0,0.385136,0.123477,0.140781
SG_004547,0,0.031679,0.074801,0.050219
SG_004548,0,0.046529,0.080825,0.022055
SG_004550,0,0.362579,0.13971,0.083963
SG_004551,0,0.082621,0.082413,0.084142
SG_004554,0,0.237543,0.096126,0.141719
SG_004555,1,0.883686,0.287656,0.274201
SG_004557,0,0.919329,0.316595,0.281787
SG_004558,0,0.623357,0.170945,0.194131
SG_004560,0,0.094464,0.091311,0.03345
SG_004561,1,0.566943,0.179321,0.143329
SG_004563,0,0.745143,0.23388,0.198471
SG_004564,0,0.098479,0.091818,0.043292
SG_004566,0,0.272757,0.107351,0.125763
SG_004567,0,0.601507,0.181199,0.162444
SG_004569,0,0.601986,0.152141,0.220156
SG_004570,0,0.579886,0.149726,0.206571
SG_004571,1,0.6521,0.199435,0.171704
SG_004572,0,0.536343,0.16462,0.145313
SG_004573,0,0.516586,0.149794,0.159531
SG_004574,0,0.501043,0.13209,0.193651
SG_004575,0,0.375257,0.128997,0.122003
SG_004578,0,0.879264,0.294032,0.256577
SG_004579,0,0.313771,0.109123,0.143536
SG_004580,0,0.694529,0.197935,0.206639
SG_004581,0,0.076407,0.080317,0.087136
SG_004582,0,0.830593,0.246191,0.279031
SG_004583,0,0.530657,0.149864,0.168245
SG_004584,0,0.201093,0.09784,0.114784
SG_004585,0,0.415514,0.126109,0.151075
SG_004586,0,0.1937,0.093025,0.12703
SG_004587,1,0.072164,0.07999,0.084345
SG_004588,0,0.361214,0.124707,0.124798
SG_004589,0,0.636421,0.185773,0.180587
SG_004590,0,0.847779,0.26815,0.258862
SG_004591,0,0.188371,0.102257,0.088552
SG_004592,0,0.184193,0.100284,0.095091
SG_004595,0,0.376757,0.131308,0.117114
SG_004596,0,0.7154,0.217257,0.195203
SG_004597,0,0.334321,0.119967,0.122939
SG_004598,0,0.793857,0.234237,0.248983
SG_004599,0,0.9723,0.355241,0.351184
SG_004601,0,0.329379,0.109973,0.149731
SG_004603,0,0.417814,0.133576,0.135329
SG_004604,0,0.139586,0.090795,0.100251
SG_004605,1,0.759107,0.21935,0.234991
SG_004606,1,0.879464,0.291357,0.261065
SG_004607,0,0.7981,0.250151,0.226741
SG_004610,0,0.47285,0.132451,0.17185
SG_004611,0,0.263914,0.111905,0.106191
SG_004613,0,0.0461,0.075349,0.073271
SG_004615,0,0.382114,0.133923,0.113988
SG_004616,0,0.976864,0.37785,0.316521
SG_004618,0,0.739986,0.197072,0.261225
SG_004619,0,0.4854,0.140618,0.158845
SG_004621,1,0.884207,0.277424,0.303327
SG_004622,0,0.587471,0.178276,0.156638
SG_004624,0,0.258071,0.106099,0.12084
SG_004625,1,0.897214,0.295997,0.281704
SG_004627,0,0.927643,0.329437,0.271766
SG_004628,0,0.273214,0.118659,0.085754
SG_004629,0,0.44945,0.130769,0.160848
SG_004630,0,0.3598,0.117894,0.142463
SG_004634,0,0.918743,0.299068,0.327393
SG_004636,0,0.682171,0.197243,0.197578
SG_004639,0,0.411693,0.128118,0.144212
SG_004640,0,0.26655,0.103214,0.135015
SG_004642,0,0.730421,0.20944,0.220979
SG_004643,0,0.026486,0.065551,0.074301
SG_004644,0,0.087664,0.086188,0.072434
SG_004646,0,0.243857,0.11365,0.08394
SG_004647,0,0.194579,0.105431,0.077536
SG_004648,0,0.178693,0.097996,0.100562
SG_004649,0,0.574936,0.161168,0.176058
SG_004650,0,0.23215,0.114871,0.061006
SG_004651,0,0.591179,0.165195,0.180847
SG_004654,0,0.048064,0.07808,0.064978
SG_004657,0,0.650743,0.18551,0.191599
SG_004660,1,0.894714,0.284445,0.308104
SG_004661,0,0.783257,0.231312,0.240538
SG_004663,0,0.430643,0.120423,0.180593
SG_004665,1,0.552264,0.162652,0.157928
SG_004666,0,0.006629,0.065112,0.028516
SG_004667,1,0.633807,0.198919,0.160032
SG_004670,1,0.936436,0.325829,0.297972
SG_004671,0,0.797793,0.252715,0.222783
SG_004673,0,0.330793,0.117907,0.126249
SG_004674,0,0.899293,0.284582,0.320036
SG_004675,1,0.832429,0.262692,0.247443
SG_004677,0,0.025379,0.072543,0.050502
SG_004678,0,0.936607,0.317851,0.318806
SG_004679,0,0.528264,0.138535,0.195238
SG_004680,0,0.915971,0.293111,0.360758
SG_004681,0,0.93355,0.329016,0.284236
SG_004683,0,0.421493,0.123591,0.162627
SG_004684,0,0.81455,0.263857,0.224426
SG_004686,1,0.115821,0.081409,0.111258
SG_004687,0,0.984821,0.38569,0.344068
SG_004688,0,0.344693,0.111074,0.155619
SG_004690,0,0.256064,0.09754,0.147607
SG_004691,0,0.334429,0.115001,0.137651
SG_004692,0,0.951471,0.325877,0.358826
SG_004693,0,0.769243,0.238186,0.213576
SG_004694,0,0.730314,0.234818,0.185418
SG_004696,0,0.31605,0.112007,0.13648
SG_004698,0,0.10915,0.078816,0.113727
SG_004699,1,0.383043,0.135211,0.111267
SG_004702,0,0.529743,0.146335,0.176329
SG_004703,0,0.773971,0.201421,0.312239
SG_004704,0,0.755757,0.232528,0.209412
SG_004705,0,0.16755,0.091689,0.11501
SG_004706,1,0.448307,0.137345,0.143888
SG_004707,0,0.860857,0.284491,0.246979
SG_004708,0,0.545621,0.155748,0.16646
SG_004711,1,0.5261,0.144761,0.17703
SG_004713,0,0.504743,0.150071,0.150903
SG_004714,0,0.386507,0.121011,0.148453
SG_004715,0,0.783664,0.227448,0.249076
SG_004717,0,0.882929,0.312647,0.234878
SG_004718,0,0.051657,0.068236,0.094412
SG_004719,0,0.47085,0.134751,0.163927
SG_004722,0,0.604829,0.186776,0.156974
SG_004724,0,0.767843,0.208737,0.271237
SG_004725,0,0.330864,0.11691,0.129218
SG_004726,0,0.267164,0.091969,0.174761
SG_004727,0,0.097879,0.080882,0.101237
SG_004728,1,0.783593,0.245464,0.217842
SG_004729,0,0.326779,0.105456,0.163118
SG_004730,0,0.989757,0.399173,0.354092
SG_004732,1,0.971936,0.353145,0.356935
SG_004733,0,0.531121,0.178942,0.124155
SG_004734,0,0.550614,0.170291,0.145314
SG_004735,0,0.793386,0.238795,0.239366
SG_004740,1,0.889414,0.287338,0.286668
SG_004741,0,0.482064,0.127707,0.193126
SG_004743,0,0.103543,0.091064,0.063442
SG_004744,0,0.340479,0.120618,0.124197
SG_004745,1,0.386779,0.11646,0.163465
SG_004746,1,0.845457,0.307121,0.203137
SG_004747,0,0.859757,0.26917,0.275335
SG_004748,0,0.119443,0.083838,0.107153
SG_004749,0,0.140957,0.085679,0.11534
SG_004750,0,0.367521,0.139111,0.090642
SG_004752,0,0.292714,0.105496,0.142187
SG_004754,0,0.158264,0.091081,0.111291
SG_004756,0,0.694621,0.190493,0.223138
SG_004758,0,0.547014,0.159075,0.161355
SG_004759,0,0.583664,0.179608,0.152664
SG_004765,0,0.08365,0.087144,0.058739
SG_004767,0,0.986207,0.387368,0.351486
SG_004768,0,0.226036,0.097802,0.12999
SG_004770,0,0.447079,0.129054,0.163402
SG_004771,0,0.391436,0.135147,0.116488
SG_004774,0,0.749936,0.242226,0.192064
SG_004775,0,0.811236,0.274395,0.207477
SG_004776,0,0.034043,0.075554,0.051154
SG_004777,0,0.255736,0.119589,0.057217
SG_004778,0,0.273193,0.113907,0.104892
SG_004779,0,0.347936,0.111169,0.157516
SG_004780,0,0.886871,0.288496,0.278346
SG_004781,1,0.783879,0.250216,0.212331
SG_004783,0,0.393736,0.126683,0.137681
SG_004785,0,0.3968,0.133328,0.124278
SG_004788,0,0.462657,0.138487,0.149527
SG_004790,0,0.089614,0.072294,0.114117
SG_004791,0,0.40155,0.123431,0.150097
SG_004792,0,0.656107,0.168879,0.230116
SG_004793,0,0.393179,0.141138,0.10344
SG_004794,0,0.170486,0.097077,0.09883
SG_004795,1,0.67645,0.198326,0.191015
SG_004796,0,0.401329,0.113467,0.185859
SG_004800,0,0.274064,0.114586,0.103171
SG_004802,0,0.021671,0.071055,0.049344
SG_004803,1,0.949286,0.361317,0.272922
SG_004805,0,0.762886,0.200343,0.290177
SG_004806,0,0.408679,0.118649,0.17108
SG_004807,0,0.413464,0.130973,0.138786
SG_004808,0,0.017793,0.06746,0.056051
SG_004809,0,0.259529,0.101264,0.13739
SG_004810,0,0.150429,0.100431,0.054376
SG_004811,0,0.944621,0.352594,0.272612
SG_004812,0,0.06855,0.078118,0.087729
SG_004814,0,0.038671,0.073555,0.071099
SG_004815,0,0.519164,0.150575,0.159527
SG_004819,0,0.655321,0.176415,0.210646
SG_004820,0,0.523793,0.159354,0.145966
SG_004822,0,0.470386,0.14093,0.148546
SG_004823,1,0.58475,0.167406,0.172775
SG_004824,1,0.820671,0.246112,0.262724
SG_004825,0,0.438157,0.139726,0.133277
SG_004826,0,0.836571,0.25967,0.25892
SG_004832,1,0.612671,0.157014,0.216481
SG_004833,0,0.500643,0.143972,0.161623
SG_004834,1,0.829007,0.266377,0.237526
SG_004835,0,0.879664,0.269348,0.322256
SG_004837,0,0.120871,0.081668,0.113754
SG_004838,0,0.572279,0.168463,0.16182
SG_004839,1,0.509907,0.147889,0.158715
SG_004841,0,0.315864,0.126109,0.091033
SG_004843,0,0.310421,0.108703,0.142977
SG_004845,0,0.014707,0.069138,0.038299
SG_004847,0,0.459086,0.149374,0.127092
SG_004848,0,0.543836,0.194886,0.11313
SG_004849,0,0.475579,0.13809,0.158802
SG_004850,0,0.691393,0.21004,0.185925
SG_004851,0,0.776879,0.238335,0.220852
SG_004852,0,0.459607,0.1211,0.199664
SG_004854,0,0.128743,0.076245,0.130555
SG_004857,0,0.805179,0.252788,0.231067
SG_004858,0,0.889721,0.290569,0.27962
SG_004859,0,0.132386,0.091747,0.091711
SG_004860,0,0.018921,0.066261,0.062747
SG_004861,0,0.578693,0.169986,0.163202
SG_004862,0,0.4408,0.142258,0.129478
SG_004863,0,0.375271,0.120463,0.143861
SG_004864,0,0.302986,0.103478,0.154863
SG_004865,0,0.059786,0.074989,0.088228
SG_004869,0,0.773786,0.253602,0.199265
SG_004870,0,0.921057,0.326648,0.266396
SG_004871,0,0.809036,0.224652,0.30134
SG_004872,0,0.03185,0.071845,0.067079
SG_004874,0,0.391514,0.137822,0.110593
SG_004875,0,0.653757,0.176826,0.208297
SG_004876,0,0.398857,0.124953,0.144631
SG_004878,1,0.710957,0.200101,0.218287
SG_004879,0,0.23795,0.112446,0.084394
SG_004880,0,0.8834,0.284466,0.282932
SG_004883,0,0.691936,0.203317,0.196606
SG_004884,1,0.879771,0.296531,0.252866
SG_004885,0,0.3801,0.117726,0.154818
SG_004886,0,0.870321,0.28377,0.261649
SG_004888,0,0.010329,0.063686,0.049591
SG_004889,0,0.321657,0.122612,0.106505
SG_004890,0,0.487186,0.133872,0.177963
SG_004891,0,0.184593,0.103815,0.076428
SG_004892,0,0.636,0.183444,0.183506
SG_004893,0,0.0828,0.083207,0.080953
SG_004894,0,0.963879,0.337017,0.37859
SG_004895,0,0.601014,0.175297,0.170072
SG_004896,0,0.961521,0.344689,0.321385
SG_004897,1,0.138786,0.094209,0.085645
SG_004899,1,0.495093,0.137454,0.173983
SG_004901,0,0.735807,0.216732,0.214377
SG_004902,0,0.722871,0.180322,0.289846
SG_004903,1,0.797979,0.250504,0.226211
SG_004904,1,0.947643,0.344243,0.287894
SG_004905,1,0.744964,0.218491,0.220112
SG_004908,0,0.950621,0.341097,0.298959
SG_004909,0,0.082757,0.085872,0.067819
SG_004910,0,0.141679,0.096536,0.076384
SG_004911,0,0.1916,0.104143,0.082253
SG_004914,0,0.761243,0.228291,0.221202
SG_004915,0,0.204721,0.110704,0.04969
SG_004916,0,0.7794,0.236231,0.227464
SG_004917,0,0.394043,0.130016,0.130124
SG_004918,0,0.617921,0.188249,0.16376
SG_004920,0,0.8848,0.301855,0.252143
SG_004921,0,0.6879,0.209175,0.1846
SG_004924,1,0.381079,0.125155,0.134639
SG_004926,0,0.323021,0.120909,0.112788
SG_004928,0,0.825464,0.274554,0.220888
SG_004931,0,0.317207,0.122685,0.103564
SG_004932,0,0.527121,0.160652,0.145686
SG_004933,1,0.713307,0.206698,0.210144
SG_004934,1,0.574743,0.152786,0.194247
SG_004935,0,0.295357,0.12001,0.098094
SG_004936,0,0.911686,0.31805,0.265596
SG_004937,0,0.408193,0.128132,0.142348
SG_004938,0,0.5743,0.14815,0.205921
SG_004940,0,0.308579,0.113714,0.127126
SG_004941,0,0.0216,0.072165,0.043296
SG_004943,0,0.676943,0.167786,0.26065
SG_004946,1,0.834543,0.247174,0.285116
SG_004947,0,0.140736,0.078892,0.131987
SG_004948,0,0.122857,0.08474,0.107196
SG_004949,0,0.512,0.16233,0.135283
SG_004950,1,0.17075,0.09408,0.10951
SG_004951,0,0.570164,0.154848,0.185952
SG_004952,0,0.486871,0.152476,0.137004
SG_004953,0,0.83685,0.288552,0.213979
SG_004954,0,0.049479,0.069183,0.091268
SG_004955,0,0.7432,0.228648,0.203874
SG_004956,0,0.429343,0.131868,0.145382
SG_004957,0,0.869714,0.316167,0.216569
SG_004958,1,0.79325,0.261114,0.207219
SG_004961,0,0.168764,0.084607,0.13481
SG_004962,0,0.346393,0.114883,0.144272
SG_004963,0,0.659936,0.192023,0.18887
SG_004965,1,0.847814,0.278656,0.240366
SG_004966,1,0.69775,0.202639,0.202624
SG_004967,1,0.8792,0.279975,0.286178
SG_004970,0,0.891036,0.296774,0.268719
SG_004971,0,0.836836,0.256049,0.267448
SG_004972,0,0.244957,0.110117,0.100105
SG_004974,0,0.245164,0.108849,0.10446
SG_004976,0,0.1449,0.090461,0.104737
SG_004977,0,0.913171,0.331361,0.248102
SG_004978,0,0.213557,0.101697,0.108769
SG_004979,0,0.461221,0.14228,0.140563
SG_004980,1,0.807786,0.213763,0.404577
SG_004982,0,0.3658,0.100509,0.215781
SG_004983,0,0.244214,0.110768,0.096823
SG_004984,0,0.927857,0.326191,0.279077
SG_004986,0,0.534514,0.147419,0.176667
SG_004987,0,0.675843,0.197752,0.191385
SG_004989,0,0.475836,0.134183,0.16848
SG_004991,0,0.106086,0.085488,0.092829
SG_004992,0,0.468314,0.133477,0.165648
SG_004994,0,0.29025,0.119015,0.098472
SG_004995,0,0.151686,0.08795,0.115697
SG_004996,1,0.783007,0.235231,0.233652
SG_004998,0,0.293686,0.115213,0.113452
SG_004999,0,0.515979,0.162767,0.13684
SG_005001,0,0.9422,0.343701,0.277063
SG_005003,0,0.753186,0.25672,0.180098
SG_005005,0,0.097864,0.082455,0.096636
SG_005006,0,0.080043,0.085127,0.068511
SG_005007,1,0.198107,0.095893,0.120577
SG_005008,0,0.566414,0.1696,0.155573
SG_005009,0,0.660729,0.192933,0.188271
SG_005010,1,0.362693,0.118017,0.143552
SG_005012,0,0.298443,0.120434,0.098814
SG_005014,0,0.476914,0.130454,0.180689
SG_005015,0,0.234707,0.106563,0.104636
SG_005016,0,0.3712,0.107519,0.186894
SG_005017,0,0.274607,0.116677,0.095107
SG_005021,0,0.510386,0.150416,0.153915
SG_005023,1,0.633871,0.185248,0.179721
SG_005024,0,0.1453,0.093417,0.095068
SG_005025,0,0.155521,0.095794,0.093013
SG_005026,0,0.171029,0.094525,0.108013
SG_005028,0,0.836271,0.279114,0.22622
SG_005032,0,0.2627,0.109248,0.11417
SG_005034,0,0.283143,0.116685,0.101141
SG_005035,0,0.1505,0.09288,0.101024
SG_005036,0,0.136114,0.072114,0.140768
SG_005038,0,0.088857,0.08839,0.058384
SG_005039,0,0.374529,0.133183,0.111405
SG_005040,0,0.42715,0.132073,0.143795
SG_005042,0,0.289079,0.112849,0.118369
SG_005043,0,0.348121,0.125688,0.113807
SG_005044,0,0.494843,0.162657,0.12503
SG_005045,0,0.2837,0.118411,0.095231
SG_005046,0,0.090457,0.089996,0.046127
SG_005047,0,0.660036,0.191977,0.188935
SG_005050,0,0.689621,0.233053,0.159081
SG_005051,0,0.699464,0.19674,0.214065
SG_005053,0,0.055136,0.075327,0.083064
SG_005054,0,0.904179,0.32387,0.246205
SG_005055,1,0.528129,0.159693,0.14802
SG_005056,0,0.9285,0.31977,0.292419
SG_005059,0,0.17265,0.101491,0.078186
SG_005060,1,0.910243,0.29964,0.300597
SG_005061,0,0.618,0.162933,0.206198
SG_005063,1,0.059129,0.08246,0.049299
SG_005064,0,0.35875,0.141126,0.074321
SG_005065,0,0.806129,0.240334,0.252835
SG_005066,0,0.216321,0.10728,0.089316
SG_005067,0,0.353407,0.117941,0.138677
SG_005068,0,0.359814,0.117898,0.142395
SG_005069,0,0.720886,0.210274,0.210213
SG_005070,0,0.729364,0.258128,0.162026
SG_005071,0,0.789821,0.206652,0.345109
SG_005072,0,0.51485,0.151027,0.155529
SG_005073,1,0.2967,0.114547,0.117397
SG_005074,1,0.671743,0.168547,0.249583
SG_005075,0,0.957279,0.346934,0.304764
SG_005076,0,0.795986,0.224379,0.274925
SG_005077,0,0.427207,0.131759,0.144538
SG_005078,0,0.829314,0.241336,0.289071
SG_005079,0,0.931086,0.335149,0.270005
SG_005081,0,0.318664,0.133835,0.055429
SG_005082,0,0.3689,0.121017,0.138695
SG_005083,0,0.133807,0.089006,0.101894
SG_005084,0,0.49535,0.13368,0.184343
SG_005087,0,0.982486,0.371829,0.363915
SG_005088,1,0.73445,0.208068,0.22902
SG_005092,0,0.825943,0.275605,0.219852
SG_005093,0,0.568229,0.15538,0.183411
SG_005095,0,0.065257,0.080522,0.075013
SG_005096,0,0.248836,0.100712,0.133215
SG_005099,0,0.434729,0.137516,0.136372
SG_005103,0,0.692093,0.202941,0.197178
SG_005104,0,0.0469,0.076493,0.070114
SG_005105,1,0.133214,0.094588,0.078216
SG_005106,1,0.681886,0.192731,0.205858
SG_005107,0,0.611314,0.142502,0.272205
SG_005109,0,0.118886,0.092181,0.076761
SG_005111,0,0.923736,0.312096,0.300395
SG_005112,0,0.336336,0.101911,0.183724
SG_005113,0,0.577371,0.167134,0.167769
SG_005115,1,0.904407,0.295322,0.298713
SG_005116,0,0.30375,0.113043,0.126413
SG_005117,0,0.289457,0.112453,0.120194
SG_005118,0,0.077621,0.081553,0.082819
SG_005119,0,0.724164,0.212294,0.209905
SG_005121,0,0.3884,0.131389,0.123875
SG_005124,0,0.252586,0.09369,0.15871
SG_005125,1,0.86535,0.282608,0.256667
SG_005127,0,0.533979,0.148431,0.174547
SG_005128,1,0.13205,0.086717,0.107024
SG_005129,0,0.3234,0.107565,0.15371
SG_005130,1,0.679179,0.201036,0.18912
SG_005133,0,0.28505,0.11076,0.122811
SG_005135,0,0.069764,0.07639,0.09293
SG_005136,1,0.751521,0.217742,0.228414
SG_005138,0,0.743271,0.219394,0.217066
SG_005139,0,0.04545,0.077239,0.064878
SG_005144,0,0.978971,0.368233,0.349184
SG_005145,0,0.485236,0.148761,0.142548
SG_005146,0,0.622821,0.168997,0.197484
SG_005147,0,0.498329,0.161198,0.129055
SG_005149,0,0.020936,0.073478,0.014115
SG_005150,0,0.478907,0.139927,0.156012
SG_005151,0,0.2771,0.109,0.123612
SG_005152,1,0.674879,0.19614,0.193758
SG_005153,0,0.056529,0.082621,0.036982
SG_005154,0,0.546886,0.151474,0.176487
SG_005155,0,0.939064,0.332555,0.289229
SG_005156,0,0.867186,0.268807,0.290984
SG_005157,0,0.017371,0.068624,0.049935
SG_005158,0,0.924379,0.321206,0.281563
SG_005159,0,0.820036,0.258977,0.238359
SG_005160,0,0.795614,0.237792,0.243687
SG_005162,0,0.66385,0.16829,0.240705
SG_005163,1,0.917143,0.316314,0.278458
SG_005164,0,0.265921,0.101657,0.139371
SG_005165,0,0.079264,0.069523,0.110998
SG_005166,0,0.764714,0.226848,0.227401
SG_005167,0,0.571579,0.13549,0.25266
SG_005169,0,0.216343,0.102402,0.107881
SG_005172,0,0.031057,0.075774,0.039803
SG_005173,0,0.137857,0.097389,0.064566
SG_005176,0,0.704293,0.214443,0.190665
SG_005177,1,0.594064,0.165634,0.182302
SG_005180,0,0.693743,0.187965,0.226505
SG_005181,0,0.055643,0.082498,0.035808
SG_005182,0,0.379357,0.122812,0.139452
SG_005183,0,0.019314,0.067853,0.057966
SG_005184,0,0.618129,0.201354,0.147577
SG_005185,0,0.407129,0.127876,0.142309
SG_005186,1,0.616936,0.164765,0.201709
SG_005187,0,0.9619,0.367914,0.290303
SG_005189,0,0.850943,0.266444,0.26675
SG_005192,0,0.561343,0.156572,0.17612
SG_005193,0,0.903757,0.310831,0.26564
SG_005195,0,0.273893,0.106354,0.129022
SG_005197,0,0.448936,0.136719,0.145544
SG_005198,0,0.9086,0.318214,0.260121
SG_005201,0,0.026729,0.074338,0.039919
SG_005202,1,0.223493,0.11208,0.071254
SG_005204,0,0.237807,0.109018,0.098979
SG_005206,0,0.124736,0.094556,0.06857
SG_005207,1,0.805743,0.23612,0.261363
SG_005208,1,0.598086,0.164879,0.186162
SG_005209,0,0.256064,0.108328,0.113192
SG_005210,0,0.603864,0.161988,0.196393
SG_005211,0,0.218564,0.108645,0.084935
SG_005212,0,0.308664,0.133125,0.031986
SG_005215,0,0.435414,0.132423,0.147648
SG_005217,1,0.891914,0.284547,0.300362
SG_005218,0,0.552979,0.162635,0.158477
SG_005219,0,0.861414,0.318762,0.205739
SG_005221,0,0.86975,0.301442,0.233494
SG_005222,0,0.110286,0.078482,0.114977
SG_005223,0,0.380979,0.135794,0.108306
SG_005225,0,0.547514,0.156561,0.16615
SG_005226,0,0.142021,0.09698,0.074234
SG_005227,0,0.367493,0.128466,0.118401
SG_005229,0,0.894157,0.28979,0.290202
SG_005230,0,0.772471,0.256291,0.19513
SG_005231,0,0.919571,0.333971,0.2544
SG_005232,0,0.0515,0.075796,0.077704
SG_005234,1,0.720521,0.175692,0.306505
SG_005236,1,0.16435,0.099285,0.083097
SG_005237,0,0.215007,0.101105,0.11237
SG_005238,0,0.608329,0.176786,0.172999
SG_005239,0,0.014221,0.068883,0.037695
SG_005242,0,0.427014,0.145761,0.114871
SG_005243,0,0.345043,0.127465,0.10744
SG_005244,0,0.467193,0.171265,0.094243
SG_005245,0,0.333029,0.110718,0.149679
SG_005249,0,0.375936,0.115675,0.159754
SG_005252,0,0.009586,0.04853,0.057812
SG_005254,0,0.543393,0.141356,0.198719
SG_005256,0,0.108379,0.078654,0.11365
SG_005257,0,0.970721,0.342539,0.497054
SG_005258,0,0.568693,0.159903,0.174371
SG_005259,0,0.117779,0.089875,0.086789
SG_005260,0,0.686614,0.189541,0.216184
SG_005261,0,0.487093,0.125029,0.20697
SG_005262,1,0.72,0.209423,0.210751
SG_005263,0,0.005657,0.065186,0.01432
SG_005265,0,0.8454,0.292762,0.217802
SG_005266,1,0.396207,0.119216,0.160975
SG_005267,0,0.604021,0.187246,0.155962
SG_005269,0,0.383064,0.133378,0.11569
SG_005271,0,0.413179,0.127178,0.147512
SG_005272,0,0.278214,0.107192,0.129312
SG_005273,0,0.217179,0.106025,0.094883
SG_005274,0,0.084364,0.081912,0.087702
SG_005275,0,0.551907,0.145928,0.193709
SG_005276,0,0.506,0.15377,0.144927
SG_005278,0,0.319629,0.109344,0.145762
SG_005279,0,0.951057,0.326154,0.354972
SG_005280,0,0.309336,0.113639,0.127671
SG_005281,0,0.120929,0.086075,0.101758
SG_005285,0,0.612436,0.169423,0.18835
SG_005286,0,0.811071,0.239613,0.260993
SG_005288,0,0.622957,0.192545,0.162133
SG_005290,0,0.607571,0.172705,0.179245
SG_005293,0,0.283182,0.11367,0.112335
SG_005294,0,0.674393,0.18446,0.21389
SG_005295,0,0.558364,0.152881,0.181716
SG_005297,0,0.963886,0.361573,0.302382
SG_005298,1,0.74545,0.237293,0.194408
SG_005299,0,0.116064,0.090527,0.082029
SG_005300,0,0.83135,0.296124,0.200837
SG_005301,0,0.511929,0.15136,0.153024
SG_005303,0,0.184721,0.102974,0.081314
SG_005304,0,0.185371,0.095163,0.114771
SG_005306,0,0.3186,0.12088,0.110101
SG_005307,0,0.304586,0.107669,0.14263
SG_005308,0,0.56175,0.168022,0.155474
SG_005309,1,0.866379,0.293548,0.240892
SG_005310,0,0.004607,0.059114,0.04165
SG_005314,0,0.215164,0.102965,0.104998
SG_005315,0,0.931,0.306623,0.355397
SG_005317,0,0.641729,0.172974,0.205399
SG_005318,0,0.2035,0.09598,0.123352
SG_005319,0,0.30615,0.112397,0.130017
SG_005324,0,0.382064,0.119972,0.149214
SG_005326,0,0.221614,0.102316,0.111607
SG_005327,1,0.330614,0.112572,0.142716
SG_005330,0,0.3168,0.113801,0.131407
SG_005331,0,0.451571,0.1433,0.133625
SG_005334,0,0.777879,0.24798,0.209576
SG_005336,0,0.476079,0.136435,0.163331
SG_005337,0,0.132936,0.080595,0.12394
SG_005338,1,0.655307,0.196064,0.179338
SG_005339,0,0.587807,0.171527,0.167146
SG_005342,0,0.821579,0.262989,0.234291
SG_005343,0,0.908029,0.287053,0.35151
SG_005344,0,0.772686,0.216261,0.259183
SG_005345,0,0.773007,0.234052,0.22441
SG_005347,0,0.811457,0.254203,0.236123
SG_005348,0,0.231121,0.103258,0.114172
SG_005349,0,0.220443,0.109557,0.082263
SG_005352,0,0.718836,0.239912,0.17166
SG_005354,1,0.462214,0.136984,0.152984
SG_005355,0,0.898336,0.297416,0.280666
SG_005357,1,0.031164,0.076426,0.029406
SG_005358,1,0.6251,0.198615,0.154731
SG_005359,0,0.096171,0.090885,0.048847
SG_005361,0,0.786957,0.243076,0.22456
SG_005364,0,0.07915,0.072376,0.107312
SG_005366,0,0.625036,0.172509,0.192408
SG_005367,0,0.20875,0.098891,0.115875
SG_005368,0,0.158471,0.094874,0.098905
SG_005369,0,0.856793,0.259876,0.294493
SG_005370,1,0.979464,0.39361,0.310197
SG_005373,0,0.917957,0.310773,0.290773
SG_005374,0,0.099086,0.088672,0.072654
SG_005375,0,0.41195,0.136901,0.12485
SG_005377,0,0.907021,0.283011,0.410654
SG_005381,1,0.580779,0.162602,0.177697
SG_005382,0,0.661014,0.208576,0.166346
SG_005383,0,0.095693,0.086532,0.079081
SG_005385,0,0.37435,0.122489,0.137873
SG_005388,0,0.7834,0.22535,0.253865
SG_005389,0,0.610493,0.195259,0.150104
SG_005390,1,0.919629,0.341436,0.245537
SG_005391,0,0.071864,0.080694,0.081247
SG_005392,0,0.943936,0.321604,0.333637
SG_005393,0,0.075114,0.084792,0.064192
SG_005394,0,0.830971,0.260051,0.250185
SG_005395,1,0.9712,0.34342,0.49641
SG_005396,0,0.151407,0.089689,0.111471
SG_005398,0,0.062393,0.079568,0.0758
SG_005399,0,0.602207,0.158168,0.204404
SG_005400,0,0.992536,0.425126,0.352182
SG_005402,0,0.371857,0.121896,0.137899
SG_005403,0,0.26305,0.103571,0.13188
SG_005404,0,0.1059,0.075406,0.118384
SG_005405,0,0.97415,0.367537,0.322525
SG_005406,0,0.632229,0.179319,0.186444
SG_005407,1,0.468607,0.133937,0.164749
SG_005409,1,0.960307,0.369776,0.285775
SG_005410,0,0.081221,0.077907,0.09814
SG_005411,0,0.857493,0.266819,0.276433
SG_005413,0,0.283514,0.11338,0.113522
SG_005415,0,0.5919,0.18347,0.153215
SG_005416,0,0.983086,0.367513,0.413252
SG_005417,0,0.012643,0.062745,0.056825
SG_005418,0,0.955686,0.327791,0.383721
SG_005419,0,0.619757,0.170786,0.19164
SG_005420,0,0.142536,0.094203,0.089277
SG_005422,1,0.167557,0.093943,0.108006
SG_005423,0,0.317964,0.116672,0.122959
SG_005425,0,0.661643,0.195453,0.184543
SG_005426,0,0.265393,0.114237,0.098631
SG_005427,0,0.5165,0.143766,0.172668
SG_005429,1,0.011543,0.06552,0.047571
SG_005430,0,0.330329,0.1185,0.1247
SG_005431,0,0.319821,0.109595,0.14509
SG_005433,1,0.257479,0.11445,0.09183
SG_005434,1,0.9548,0.351674,0.293993
SG_005435,0,0.06705,0.083812,0.055181
SG_005436,1,0.327114,0.119488,0.12009
SG_005437,0,0.05445,0.080879,0.054419
SG_005438,0,0.406857,0.122079,0.157802
SG_005440,0,0.025814,0.063314,0.076263
SG_005441,0,0.920186,0.312634,0.290765
SG_005442,0,0.292336,0.109714,0.130076
SG_005443,1,0.756114,0.251356,0.187192
SG_005448,0,0.554493,0.197323,0.115679
SG_005453,0,0.6116,0.198188,0.147165
SG_005454,0,0.497957,0.145351,0.156176
SG_005455,0,0.31095,0.1186,0.11315
SG_005458,0,0.812193,0.270913,0.213022
SG_005461,0,0.51015,0.153457,0.14803
SG_005462,0,0.885343,0.269878,0.35185
SG_005463,0,0.522193,0.13192,0.212782
SG_005464,0,0.536057,0.164341,0.145493
SG_005467,0,0.371307,0.126829,0.124889
SG_005468,0,0.229343,0.106622,0.101033
SG_005469,0,0.227814,0.104093,0.10937
SG_005471,0,0.983571,0.370563,0.384553
SG_005472,0,0.595114,0.183627,0.155015
SG_005474,0,0.015514,0.066408,0.054193
SG_005475,0,0.655193,0.17618,0.211011
SG_005476,1,0.119507,0.093425,0.070267
SG_005478,0,0.163636,0.100816,0.072997
SG_005479,0,0.581571,0.161988,0.179388
SG_005480,0,0.120114,0.090475,0.086174
SG_005481,1,0.7797,0.23572,0.22919
SG_005482,0,0.1829,0.096498,0.109108
SG_005483,0,0.361021,0.118769,0.140887
SG_005484,0,0.789714,0.244697,0.225955
SG_005485,0,0.548157,0.147784,0.185612
SG_005487,1,0.971736,0.437269,0.282236
SG_005488,0,0.696443,0.189578,0.226405
SG_005490,1,0.455836,0.123726,0.186288
SG_005492,0,0.938836,0.323043,0.30929
SG_005493,0,0.918136,0.362617,0.230214
SG_005494,0,0.843307,0.261865,0.264747
SG_005495,0,0.149864,0.092925,0.100413
SG_005498,0,0.07515,0.079625,0.088186
SG_005500,0,0.328529,0.113029,0.140069
SG_005501,0,0.85255,0.286549,0.234293
SG_005502,0,0.797307,0.261129,0.210916
SG_005505,0,0.5119,0.161988,0.1357
SG_005507,0,0.284807,0.108197,0.13035
SG_005508,0,0.592536,0.179774,0.158099
SG_005509,0,0.350679,0.117244,0.13922
SG_005512,0,0.081786,0.079753,0.09331
SG_005513,0,0.283393,0.102562,0.145801
SG_005514,0,0.7586,0.227877,0.219472
SG_005516,1,0.337971,0.118276,0.129487
SG_005517,0,0.375007,0.126539,0.127549
SG_005520,0,0.9829,0.368394,0.398065
SG_005521,0,0.70245,0.195985,0.218702
SG_005522,0,0.501179,0.141655,0.166411
SG_005523,0,0.13065,0.085124,0.11097
SG_005525,1,0.902993,0.316345,0.255724
SG_005526,0,0.620507,0.18338,0.172656
SG_005527,0,0.145293,0.081362,0.128648
SG_005528,0,0.360821,0.122995,0.128815
SG_005533,0,0.548329,0.189744,0.122195
SG_005536,0,0.370286,0.131834,0.112183
SG_005537,0,0.061257,0.076793,0.084772
SG_005538,0,0.518807,0.142068,0.177902
SG_005539,0,0.476143,0.14766,0.139242
SG_005540,0,0.350771,0.113155,0.152424
SG_005543,0,0.446614,0.138628,0.140173
SG_005544,0,0.252729,0.108535,0.110376
SG_005545,0,0.59705,0.174993,0.167509
SG_005546,1,0.535343,0.158897,0.153873
SG_005547,1,0.394179,0.118778,0.161139
SG_005548,0,0.958957,0.369385,0.283458
SG_005549,1,0.6107,0.182612,0.166602
SG_005551,0,0.339036,0.126177,0.106979
SG_005552,0,0.148129,0.094823,0.091566
SG_005553,0,0.566771,0.169336,0.156289
SG_005554,0,0.413871,0.140208,0.118526
SG_005556,0,0.497014,0.141624,0.163775
SG_005558,0,0.484764,0.141341,0.156327
SG_005559,0,0.748479,0.196287,0.278569
SG_005560,0,0.105107,0.084755,0.095194
SG_005561,0,0.4549,0.126593,0.176304
SG_005562,0,0.581279,0.168183,0.168021
SG_005563,0,0.11975,0.086915,0.098243
SG_005564,0,0.761586,0.216911,0.242491
SG_005566,0,0.276329,0.101041,0.147637
SG_005567,0,0.742286,0.230022,0.200281
SG_005568,0,0.209086,0.098507,0.117782
SG_005570,0,0.6465,0.181556,0.194019
SG_005571,0,0.742457,0.234886,0.194675
SG_005573,0,0.448557,0.12902,0.164532
SG_005574,0,0.364771,0.128987,0.115324
SG_005576,0,0.318414,0.121175,0.109158
SG_005577,0,0.933814,0.317234,0.312411
SG_005578,1,0.345871,0.110421,0.158699
SG_005581,0,0.797321,0.27225,0.198313
SG_005582,0,0.696586,0.178356,0.253269
SG_005584,0,0.58535,0.156669,0.19377
SG_005585,0,0.2263,0.106807,0.098404
SG_005586,0,0.240221,0.101502,0.125796
SG_005587,0,0.922936,0.319869,0.280977
SG_005588,0,0.482579,0.134176,0.173769
SG_005589,0,0.310071,0.111105,0.135941
SG_005590,0,0.437936,0.127505,0.162339
SG_005595,0,0.161843,0.098707,0.083601
SG_005596,0,0.801479,0.249504,0.231727
SG_005597,0,0.076036,0.072431,0.105263
SG_005598,0,0.069143,0.078218,0.087928
SG_005600,0,0.2725,0.09765,0.156747
SG_005601,0,0.04115,0.07362,0.073706
SG_005602,0,0.52455,0.15023,0.163466
SG_005604,0,0.370821,0.126336,0.125657
SG_005605,1,0.870514,0.281532,0.266864
SG_005607,0,0.464057,0.139473,0.148236
SG_005608,0,0.417436,0.119205,0.175506
SG_005609,0,0.791064,0.244324,0.227533
SG_005610,0,0.053807,0.067882,0.096129
SG_005612,0,0.525579,0.135737,0.202031
SG_005613,1,0.74435,0.200621,0.257469
SG_005614,0,0.476971,0.127096,0.19132
SG_005616,0,0.212971,0.109335,0.075666
SG_005617,0,0.856179,0.267313,0.27354
SG_005618,0,0.809207,0.274941,0.20498
SG_005619,0,0.306879,0.110367,0.136141
SG_005620,0,0.388064,0.123313,0.142983
SG_005621,0,0.911543,0.328861,0.249336
SG_005623,0,0.245814,0.101444,0.129157
SG_005624,0,0.7208,0.211461,0.208038
SG_005626,0,0.507236,0.144989,0.163381
SG_005627,0,0.014729,0.061928,0.06334
SG_005628,0,0.642836,0.191712,0.177207
SG_005629,0,0.818129,0.255983,0.24135
SG_005631,0,0.357857,0.129508,0.109634
SG_005632,0,0.179271,0.094768,0.112896
SG_005633,0,0.4263,0.114401,0.20225
SG_005637,0,0.71405,0.232151,0.176628
SG_005639,0,0.10505,0.082294,0.102084
SG_005641,0,0.47425,0.161178,0.114833
SG_005642,0,0.779336,0.267791,0.188154
SG_005646,0,0.535493,0.145509,0.182281
SG_005647,0,0.715929,0.213318,0.201236
SG_005648,0,0.537771,0.164428,0.146484
SG_005649,1,0.648979,0.177625,0.203048
SG_005651,0,0.302871,0.112151,0.128646
SG_005652,0,0.051679,0.071671,0.088883
SG_005653,1,0.78855,0.251688,0.214555
SG_005657,0,0.0065,0.062642,0.040429
SG_005658,0,0.048657,0.074977,0.077444
SG_005659,0,0.068507,0.082561,0.067424
SG_005660,1,0.276621,0.112613,0.11183
SG_005662,0,0.966771,0.363194,0.307238
SG_005663,0,0.498943,0.142195,0.1636
SG_005665,0,0.77255,0.208675,0.280089
SG_005667,0,0.921786,0.317045,0.285327
SG_005668,0,0.275407,0.10651,0.129376
SG_005669,0,0.842271,0.271329,0.245829
SG_005670,0,0.399129,0.131639,0.129605
SG_005672,1,0.487029,0.162008,0.121603
SG_005673,0,0.626979,0.174157,0.190993
SG_005674,1,0.649921,0.203489,0.165268
SG_005675,0,0.410143,0.132803,0.132822
SG_005676,0,0.470343,0.142476,0.145099
SG_005677,0,0.6667,0.192384,0.193486
SG_005678,1,0.240586,0.101296,0.126715
SG_005679,0,0.111971,0.089815,0.081621
SG_005680,0,0.386464,0.136009,0.111537
SG_005682,0,0.579971,0.167191,0.169643
SG_005684,0,0.165971,0.085284,0.131136
SG_005685,1,0.507179,0.173391,0.116707
SG_005686,1,0.738779,0.194909,0.267743
SG_005689,0,0.367107,0.112205,0.166388
SG_005690,0,0.520721,0.149345,0.163135
SG_005695,1,0.928721,0.305978,0.341126
SG_005697,0,0.010714,0.054363,0.060043
SG_005698,0,0.572586,0.180009,0.145316
SG_005699,0,0.299029,0.109485,0.134245
SG_005700,0,0.050336,0.071523,0.087814
SG_005701,0,0.800736,0.259934,0.215365
SG_005702,0,0.119,0.08517,0.103352
SG_005705,0,0.873421,0.265652,0.315308
SG_005708,0,0.609921,0.166425,0.193114
SG_005709,0,0.718207,0.205374,0.216465
SG_005710,0,0.805807,0.230494,0.274454
SG_005711,0,0.121971,0.09281,0.077122
SG_005712,0,0.426193,0.135702,0.135227
SG_005714,0,0.92085,0.310035,0.299172
SG_005716,0,0.542207,0.134157,0.223457
SG_005717,0,0.156629,0.089229,0.115568
SG_005718,0,0.634193,0.177987,0.190062
SG_005720,0,0.407421,0.136226,0.123816
SG_005721,1,0.235436,0.106116,0.106577
SG_005723,0,0.608093,0.18336,0.163952
SG_005727,0,0.943936,0.368671,0.25882
SG_005728,0,0.625471,0.168134,0.201653
SG_005729,0,0.969671,0.388209,0.290899
SG_005731,0,0.698857,0.225173,0.174269
SG_005732,1,0.734421,0.233674,0.19006
SG_005733,0,0.238457,0.098065,0.135989
SG_005734,1,0.632307,0.186016,0.177124
SG_005737,1,0.554979,0.149815,0.186104
SG_005738,0,0.518307,0.151908,0.155861
SG_005739,0,0.711543,0.21163,0.199751
SG_005741,1,0.767214,0.270462,0.177193
SG_005742,0,0.120693,0.087859,0.096184
SG_005743,0,0.882036,0.29845,0.252763
SG_005744,0,0.1387,0.098152,0.056727
SG_005745,0,0.505157,0.148633,0.154519
SG_005746,1,0.608714,0.157971,0.210324
SG_005747,0,0.413336,0.134781,0.130229
SG_005749,0,0.006243,0.062313,0.040652
SG_005751,0,0.236786,0.105512,0.10999
SG_005752,0,0.524286,0.159757,0.145489
SG_005754,1,0.97885,0.364857,0.364454
SG_005755,0,0.277136,0.119225,0.086878
SG_005756,0,0.024764,0.06539,0.072565
SG_005757,0,0.230921,0.102318,0.117119
SG_005760,0,0.156764,0.092243,0.106975
SG_005761,0,0.578843,0.163852,0.174509
SG_005762,0,0.783264,0.241705,0.222797
SG_005763,0,0.053986,0.072373,0.089677
SG_005766,0,0.168457,0.093984,0.10856
SG_005767,0,0.77765,0.228817,0.2393
SG_005768,0,0.913814,0.330125,0.250499
SG_005769,0,0.123879,0.090532,0.089103
SG_005770,0,0.446793,0.127152,0.168895
SG_005771,0,0.836614,0.2733,0.23556
SG_005774,0,0.675743,0.186313,0.21153
SG_005775,0,0.470143,0.141965,0.146231
SG_005777,0,0.710043,0.217362,0.190921
SG_005779,0,0.35725,0.121596,0.130723
SG_005780,0,0.392636,0.117479,0.163701
SG_005781,0,0.193314,0.09692,0.114186
SG_005782,0,0.919957,0.308675,0.300455
SG_005783,0,0.083721,0.081495,0.088424
SG_005785,0,0.070079,0.080463,0.08041
SG_005787,0,0.4724,0.142108,0.147457
SG_005788,0,0.332214,0.114372,0.138323
SG_005790,0,0.190464,0.100529,0.098636
SG_005791,0,0.384729,0.126179,0.133941
SG_005792,0,0.215414,0.109236,0.078727
SG_005793,0,0.233371,0.099896,0.127204
SG_005795,0,0.539493,0.145025,0.186021
SG_005797,0,0.011379,0.060807,0.057843
SG_005798,0,0.91325,0.317306,0.269132
SG_005799,1,0.431193,0.124873,0.165191
SG_005800,0,0.751229,0.245059,0.190102
SG_005802,1,0.281407,0.109653,0.123841
SG_005803,0,0.573493,0.131751,0.280146
SG_005804,1,0.335636,0.116997,0.131839
SG_005805,0,0.422543,0.125122,0.158702
SG_005806,0,0.264029,0.111144,0.108716
SG_005808,0,0.839686,0.26246,0.2585
SG_005810,0,0.526571,0.151823,0.16189
SG_005812,0,0.108686,0.094413,0.018363
SG_005815,0,0.830621,0.264024,0.242892
SG_005816,1,0.183114,0.098408,0.10188
SG_005819,0,0.182893,0.077462,0.15964
SG_005822,0,0.426564,0.137699,0.131523
SG_005823,1,0.1591,0.098799,0.080077
SG_005826,0,0.864571,0.290736,0.241662
SG_005829,0,0.693757,0.206796,0.193072
SG_005831,0,0.641507,0.17197,0.207758
SG_005832,0,0.619043,0.178886,0.177798
SG_005833,0,0.654814,0.17724,0.208419
SG_005834,0,0.785643,0.316469,0.15258
SG_005835,0,0.289136,0.102004,0.151081
SG_005836,0,0.48605,0.146013,0.148261
SG_005837,0,0.883193,0.280459,0.292551
SG_005839,0,0.737164,0.21482,0.218775
SG_005841,0,0.272193,0.107904,0.123999
SG_005843,0,0.628436,0.173426,0.193227
SG_005844,0,0.7318,0.212966,0.215864
SG_005845,0,0.539421,0.152936,0.167705
SG_005849,0,0.131007,0.096715,0.060482
SG_005850,0,0.871671,0.352547,0.191452
SG_005851,0,0.088207,0.075302,0.107618
SG_005852,1,0.762043,0.226069,0.225848
SG_005853,0,0.027486,0.071164,0.062799
SG_005854,0,0.12795,0.091233,0.089703
SG_005855,0,0.70605,0.230798,0.172306
SG_005856,0,0.356057,0.127532,0.114201
SG_005858,0,0.8246,0.248711,0.2636
SG_005859,0,0.581993,0.139508,0.245887
SG_005860,0,0.619171,0.185044,0.169343
SG_005863,0,0.847064,0.263955,0.266364
SG_005864,0,0.853207,0.257361,0.293164
SG_005865,0,0.255921,0.101439,0.134942
SG_005866,0,0.220807,0.09782,0.126732
SG_005867,0,0.23485,0.109249,0.095984
SG_005868,0,0.192021,0.096941,0.113501
SG_005869,0,0.317157,0.111237,0.139187
SG_005870,0,0.6818,0.263411,0.130463
SG_005876,0,0.186493,0.100741,0.094912
SG_005878,0,0.994543,0.426509,0.369703
SG_005879,0,0.913843,0.314046,0.275261
SG_005881,0,0.500221,0.15418,0.141136
SG_005882,0,0.208393,0.100705,0.109517
SG_005883,0,0.315986,0.111483,0.138166
SG_005885,0,0.246321,0.11057,0.099181
SG_005886,0,0.629171,0.210061,0.144519
SG_005887,0,0.925736,0.304526,0.332001
SG_005888,1,0.849021,0.249388,0.309728
SG_005889,0,0.097457,0.080813,0.101381
SG_005890,0,0.038786,0.070405,0.078829
SG_005891,0,0.845836,0.284909,0.228364
SG_005893,0,0.055957,0.074243,0.08688
SG_005895,1,0.7371,0.203591,0.241357
SG_005896,0,0.466907,0.135611,0.159033
SG_005897,1,0.054079,0.077612,0.074866
SG_005900,0,0.069243,0.084912,0.049736
SG_005901,0,0.253429,0.099692,0.138924
SG_005902,0,0.656964,0.194224,0.18357
SG_005903,0,0.5677,0.140709,0.223754
SG_005904,0,0.968929,0.376376,0.298121
SG_005906,1,0.986021,0.423253,0.317986
SG_005907,0,0.205529,0.09937,0.112508
SG_005908,0,0.014336,0.069986,0.024862
SG_005911,1,0.250543,0.113626,0.090103
SG_005912,1,0.907764,0.29355,0.313475
SG_005913,0,0.272321,0.109582,0.118678
SG_005914,0,0.113107,0.076257,0.121679
SG_005915,0,0.460521,0.137211,0.151189
SG_005916,0,0.377579,0.119309,0.148571
SG_005917,0,0.913614,0.30971,0.284444
SG_005918,1,0.959693,0.335623,0.351195
SG_005919,0,0.287707,0.115005,0.110513
SG_005923,1,0.916,0.318124,0.271827
SG_005924,0,0.557514,0.152303,0.182147
SG_005926,0,0.059979,0.067398,0.101102
SG_005927,1,0.772021,0.237471,0.21771
SG_005929,0,0.293393,0.113147,0.120229
SG_005930,1,0.368057,0.111271,0.170763
SG_005931,0,0.753043,0.227799,0.214146
SG_005933,0,0.364993,0.116711,0.148796
SG_005936,1,0.05205,0.072557,0.087408
SG_005938,1,0.832471,0.27162,0.233946
SG_005940,1,0.327529,0.116161,0.130103
SG_005941,0,0.625207,0.19248,0.163458
SG_005942,0,0.984436,0.375469,0.368773
SG_005944,1,0.8799,0.303165,0.243074
SG_005945,0,0.595521,0.179268,0.161003
SG_005946,1,0.7739,0.264943,0.186694
SG_005947,0,0.48355,0.147257,0.143921
SG_005948,0,0.696464,0.199936,0.205051
SG_005949,0,0.415236,0.120736,0.167644
SG_005950,0,0.606371,0.160064,0.203085
SG_005952,0,0.912229,0.33958,0.238915
SG_005953,0,0.200514,0.086732,0.146395
SG_005954,0,0.243671,0.104471,0.117552
SG_005956,0,0.25195,0.099003,0.140077
SG_005957,1,0.80475,0.26296,0.215572
SG_005958,0,0.69065,0.215628,0.178891
SG_005960,1,0.536286,0.171505,0.136359
SG_005961,0,0.137879,0.098854,0.044368
SG_005962,1,0.928486,0.335354,0.265774
SG_005963,0,0.088986,0.085258,0.078334
SG_005964,0,0.334036,0.124353,0.109287
SG_005965,0,0.2105,0.100449,0.112016
SG_005968,0,0.397743,0.1216,0.153306
SG_005970,0,0.600871,0.191378,0.149753
SG_005971,0,0.444564,0.136425,0.14387
SG_005972,0,0.362243,0.125954,0.121983
SG_005973,0,0.639057,0.182003,0.187522
SG_005974,0,0.47315,0.140279,0.151619
SG_005975,0,0.819479,0.225516,0.329273
SG_005978,0,0.371143,0.121236,0.13943
SG_005981,1,0.242293,0.103446,0.120583
SG_005982,0,0.4185,0.122811,0.163189
SG_005983,0,0.1214,0.089891,0.089779
SG_005984,1,0.66645,0.205346,0.174869
SG_005987,0,0.345357,0.113181,0.14887
SG_005988,0,0.540393,0.153624,0.166876
SG_005989,0,0.838343,0.260993,0.259276
SG_005990,0,0.260186,0.097292,0.150729
SG_005992,0,0.756614,0.237967,0.202824
SG_005993,0,0.194943,0.107612,0.063701
SG_005994,0,0.194321,0.088239,0.139421
SG_005995,0,0.384457,0.128874,0.127342
SG_005996,0,0.694714,0.207794,0.192147
SG_005997,0,0.355607,0.123115,0.12557
SG_005998,0,0.909571,0.293268,0.320502
SG_006001,0,0.459307,0.148732,0.128389
SG_006002,0,0.229314,0.09743,0.132854
SG_006003,0,0.821514,0.244846,0.266509
SG_006005,0,0.518279,0.154226,0.151339
SG_006006,1,0.778986,0.246084,0.212957
SG_006007,0,0.496943,0.158447,0.13296
SG_006008,0,0.411521,0.129631,0.140151
SG_006010,0,0.71785,0.21,0.207828
SG_006011,0,0.777429,0.227671,0.24119
SG_006014,0,0.013236,0.065163,0.053634
SG_006015,1,0.028814,0.075309,0.034535
SG_006016,0,0.664886,0.185361,0.203899
SG_006017,0,0.462036,0.145261,0.136057
SG_006018,0,0.1904,0.101646,0.093471
SG_006019,0,0.588629,0.167435,0.175531
SG_006020,1,0.037729,0.058029,0.090726
SG_006021,0,0.838636,0.328632,0.17997
SG_006024,0,0.958014,0.335323,0.342105
SG_006025,0,0.504236,0.146713,0.157745
SG_006027,0,0.033143,0.074491,0.056358
SG_006030,0,0.934679,0.326841,0.290592
SG_006031,1,0.957893,0.37591,0.275071
SG_006032,0,0.62965,0.177867,0.1868
SG_006034,0,0.302707,0.109018,0.137864
SG_006037,0,0.77825,0.224329,0.248655
SG_006040,0,0.939671,0.330739,0.293394
SG_006042,0,0.169929,0.0823,0.140195
SG_006043,0,0.093771,0.088834,0.06445
SG_006044,0,0.647964,0.18294,0.193352
SG_006045,0,0.689057,0.176827,0.246685
SG_006046,0,0.316336,0.122213,0.104363
SG_006048,0,0.323321,0.115175,0.130842
SG_006051,0,0.884729,0.307408,0.243555
SG_006052,0,0.636936,0.174874,0.197796
SG_006053,0,0.38705,0.139146,0.104302
SG_006055,0,0.055943,0.078731,0.07181
SG_006056,0,0.175207,0.103674,0.065894
SG_006057,1,0.662179,0.156064,0.289138
SG_006058,0,0.409336,0.130406,0.137773
SG_006059,0,0.518271,0.143968,0.173687
SG_006060,0,0.437007,0.158343,0.096515
SG_006061,0,0.173521,0.104223,0.056319
SG_006062,0,0.400957,0.153186,0.077687
SG_006064,0,0.187307,0.10406,0.07801
SG_006065,0,0.191021,0.100132,0.100642
SG_006066,0,0.613507,0.17223,0.184298
SG_006068,1,0.0928,0.077342,0.10693
SG_006070,1,0.872164,0.295841,0.243498
SG_006071,1,0.812829,0.254875,0.236863
SG_006072,0,0.516429,0.126292,0.231339
SG_006078,0,0.35655,0.113447,0.154998
SG_006080,0,0.7746,0.225505,0.241478
SG_006082,0,0.049214,0.063757,0.096718
SG_006083,0,0.125821,0.084996,0.108095
SG_006084,0,0.39355,0.1282,0.134247
SG_006085,0,0.245493,0.099228,0.136177
SG_006087,0,0.040857,0.077734,0.0514
SG_006088,0,0.965229,0.350225,0.323609
SG_006089,0,0.058521,0.073585,0.090852
SG_006090,0,0.181886,0.103094,0.077686
SG_006091,0,0.2694,0.105423,0.129674
SG_006093,0,0.049,0.076936,0.071461
SG_006094,0,0.905479,0.297616,0.295202
SG_006096,0,0.316829,0.110556,0.140884
SG_006098,0,0.524907,0.144627,0.176512
SG_006100,1,0.182914,0.090447,0.127765
SG_006102,0,0.543386,0.151414,0.174266
SG_006103,0,0.53965,0.157853,0.158365
SG_006104,0,0.810029,0.21436,0.495864
SG_006105,0,0.564186,0.157161,0.176676
SG_006106,0,0.299636,0.110295,0.132349
SG_006107,0,0.2105,0.102837,0.10232
SG_006108,1,0.501271,0.167414,0.122723
SG_006109,0,0.290764,0.113157,0.11827
SG_006110,0,0.795464,0.257883,0.212948
SG_006111,0,0.463886,0.143076,0.140639
SG_006113,0,0.242479,0.099907,0.132176
SG_006114,0,0.494736,0.148764,0.14787
SG_006115,0,0.442007,0.138255,0.138587
SG_006116,0,0.547321,0.157241,0.164581
SG_006117,0,0.92445,0.315628,0.294774
SG_006118,1,0.98055,0.370838,0.351671
SG_006119,1,0.294279,0.105981,0.141099
SG_006120,0,0.72745,0.222251,0.198702
SG_006121,0,0.66575,0.227504,0.149353
SG_006123,0,0.31735,0.124869,0.096691
SG_006124,0,0.090143,0.084539,0.083361
SG_006125,0,0.878707,0.301135,0.244351
SG_006126,0,0.63025,0.169753,0.201787
SG_006128,0,0.735043,0.241946,0.181204
SG_006129,0,0.188429,0.098606,0.104474
SG_006130,0,0.376621,0.128307,0.124463
SG_006132,0,0.062486,0.069664,0.100082
SG_006134,0,0.468557,0.150673,0.129994
SG_006135,0,0.616379,0.166639,0.197925
SG_006138,0,0.738864,0.220455,0.211303
SG_006139,0,0.010307,0.065944,0.040964
SG_006141,0,0.23815,0.094812,0.145946
SG_006142,0,0.176136,0.089506,0.126594
SG_006144,1,0.73055,0.222395,0.201009
SG_006145,0,0.973193,0.346877,0.457281
SG_006146,0,0.193486,0.104363,0.082277
SG_006147,0,0.430907,0.137195,0.135059
SG_006149,0,0.446007,0.14298,0.131033
SG_006152,0,0.82895,0.253089,0.261146
SG_006153,0,0.266907,0.101714,0.139633
SG_006155,0,0.7313,0.196901,0.249933
SG_006156,0,0.812279,0.244746,0.253281
SG_006157,0,0.56375,0.158951,0.172926
SG_006158,0,0.629007,0.190445,0.169156
SG_006159,0,0.542236,0.148599,0.179833
SG_006160,0,0.432379,0.118614,0.188451
SG_006162,0,0.260557,0.107866,0.117192
SG_006164,1,0.848414,0.281604,0.236719
SG_006165,0,0.16565,0.098488,0.08841
SG_006166,0,0.923257,0.339822,0.252468
SG_006167,0,0.592579,0.165197,0.181825
SG_006168,0,0.143957,0.079385,0.132718
SG_006171,0,0.569614,0.167648,0.161901
SG_006172,1,0.694514,0.206082,0.194441
SG_006173,1,0.88805,0.293338,0.271638
SG_006174,0,0.261393,0.101611,0.137244
SG_006175,0,0.2139,0.094883,0.132391
SG_006176,0,0.602729,0.179671,0.164977
SG_006177,0,0.020329,0.069376,0.05369
SG_006178,0,0.293979,0.119976,0.097142
SG_006180,0,0.0739,0.075256,0.098602
SG_006182,0,0.830307,0.263445,0.243914
SG_006183,0,0.342071,0.119814,0.127451
SG_006185,0,0.892064,0.323532,0.231952
SG_006186,0,0.241079,0.108244,0.103764
SG_006188,0,0.23645,0.09756,0.13662
SG_006190,0,0.426264,0.134771,0.13734
SG_006191,0,0.6852,0.196375,0.202038
SG_006192,0,0.636543,0.187962,0.177545
SG_006193,1,0.154114,0.099369,0.070995
SG_006194,0,0.289043,0.107983,0.133096
SG_006195,0,0.733207,0.208852,0.225454
SG_006196,0,0.290286,0.11354,0.116793
SG_006198,1,0.562364,0.198789,0.118718
SG_006199,0,0.064686,0.081498,0.068017
SG_006200,0,0.400179,0.130936,0.131681
SG_006201,0,0.263979,0.090683,0.176538
SG_006203,0,0.672064,0.199464,0.18583
SG_006204,0,0.891429,0.310351,0.247883
SG_006205,1,0.256214,0.104793,0.124101
SG_006207,0,0.045793,0.075272,0.0733
SG_006208,0,0.819379,0.228978,0.309379
SG_006209,0,0.858536,0.307147,0.214601
SG_006210,1,0.829264,0.23486,0.311437
SG_006211,0,0.144779,0.093889,0.09267
SG_006214,0,0.75055,0.191866,0.30297
SG_006215,0,0.795207,0.282031,0.186099
SG_006216,1,0.614993,0.183771,0.167709
SG_006217,0,0.123271,0.081366,0.115581
SG_006219,0,0.636329,0.16153,0.228394
SG_006220,0,0.511471,0.144279,0.167528
SG_006221,1,0.94265,0.320141,0.335215
SG_006223,1,0.621586,0.14853,0.259031
SG_006227,0,0.140393,0.093349,0.091708
SG_006228,0,0.874129,0.300265,0.240312
SG_006230,1,0.468171,0.129384,0.176837
SG_006231,0,0.412971,0.117015,0.179773
SG_006232,0,0.333064,0.117559,0.128634
SG_006233,0,0.873336,0.28785,0.258236
SG_006234,0,0.31975,0.11248,0.137181
SG_006235,0,0.160286,0.090021,0.115549
SG_006236,0,0.657921,0.196975,0.179617
SG_006239,0,0.347614,0.121542,0.125343
SG_006243,0,0.551771,0.144623,0.19687
SG_006246,1,0.739986,0.233459,0.194819
SG_006248,0,0.563221,0.189435,0.130786
SG_006249,0,0.636571,0.163138,0.223833
SG_006253,0,0.133679,0.089719,0.099931
SG_006255,0,0.549007,0.139309,0.210592
SG_006257,0,0.8573,0.255506,0.309895
SG_006258,0,0.398129,0.116711,0.170392
SG_006259,0,0.279814,0.106882,0.130947
SG_006261,0,0.500871,0.161382,0.130472
SG_006265,0,0.265114,0.103943,0.131978
SG_006267,0,0.404593,0.14036,0.11275
SG_006268,0,0.561686,0.154972,0.179544
SG_006270,1,0.770193,0.243723,0.207502
SG_006271,1,0.624843,0.169115,0.198977
SG_006272,1,0.832029,0.258485,0.254054
SG_006273,0,0.961907,0.354226,0.307098
SG_006274,0,0.818229,0.257943,0.238188
SG_006276,0,0.142721,0.08577,0.11633
SG_006278,0,0.911636,0.299013,0.304741
SG_006279,0,0.926993,0.3698,0.236069
SG_006280,0,0.824993,0.251381,0.258474
SG_006281,1,0.88315,0.294044,0.261988
SG_006282,0,0.562886,0.161907,0.166171
SG_006285,0,0.457707,0.141083,0.141095
SG_006286,0,0.086371,0.075679,0.105942
SG_006289,0,0.246357,0.109989,0.101166
SG_006290,0,0.107321,0.087694,0.085737
SG_006291,0,0.343236,0.137801,0.071351
SG_006292,0,0.596536,0.138786,0.271262
SG_006293,0,0.577029,0.149945,0.203791
SG_006294,1,0.847714,0.271658,0.252884
SG_006295,0,0.152679,0.089894,0.111485
SG_006296,1,0.86435,0.286548,0.248507
SG_006297,0,0.507007,0.139476,0.176613
SG_006298,0,0.131257,0.096956,0.057827
SG_006299,1,0.459629,0.129725,0.170001
SG_006302,0,0.208207,0.104274,0.095493
SG_006303,0,0.189593,0.096651,0.113113
SG_006305,0,0.61405,0.205408,0.141121
SG_006307,0,0.881507,0.295048,0.258044
SG_006308,0,0.444671,0.138725,0.13905
SG_006309,0,0.297729,0.100526,0.162811
SG_006310,0,0.543786,0.150938,0.175597
SG_006311,1,0.874271,0.272494,0.297414
SG_006312,1,0.770179,0.223538,0.2402
SG_006314,0,0.675714,0.193961,0.198719
SG_006316,0,0.23945,0.099784,0.131053
SG_006318,0,0.524864,0.146434,0.172645
SG_006319,0,0.093086,0.08521,0.083162
SG_006321,0,0.73945,0.21562,0.22004
SG_006323,0,0.136636,0.094986,0.079886
SG_006324,0,0.571886,0.200913,0.122306
SG_006325,1,0.925007,0.308094,0.315515
SG_006327,1,0.149707,0.091027,0.10605
SG_006329,0,0.414779,0.121973,0.163264
SG_006330,0,0.120521,0.089855,0.089411
SG_006332,0,0.605871,0.141573,0.269399
SG_006333,0,0.758014,0.237028,0.205238
SG_006334,0,0.966943,0.347592,0.341212
SG_006335,0,0.233936,0.084924,0.17399
SG_006336,0,0.723514,0.201635,0.229413
SG_006338,0,0.217921,0.102514,0.108376
SG_006339,0,0.962979,0.376577,0.284917
SG_006341,0,0.126614,0.087039,0.102694
SG_006342,0,0.15965,0.098117,0.084654
SG_006343,0,0.9962,0.409834,0.454937
SG_006344,0,0.417436,0.160975,0.070348
SG_006346,1,0.885221,0.278634,0.302028
SG_006347,0,0.668729,0.200957,0.181695
SG_006350,0,0.095536,0.090381,0.054342
SG_006351,0,0.133871,0.085246,0.112734
SG_006352,0,0.563721,0.154448,0.182107
SG_006353,0,0.777086,0.226193,0.243004
SG_006354,0,0.7504,0.235935,0.199951
SG_006355,0,0.237564,0.101686,0.123559
SG_006359,0,0.08405,0.086878,0.062065
SG_006361,1,0.474793,0.138449,0.157206
SG_006362,0,0.529429,0.156752,0.153955
SG_006363,0,0.108243,0.084891,0.097094
SG_006364,0,0.959071,0.33419,0.355455
SG_006365,0,0.83845,0.293807,0.210182
SG_006366,0,0.447571,0.144987,0.128544
SG_006367,0,0.485621,0.156733,0.129423
SG_006368,1,0.906571,0.28989,0.322098
SG_006369,0,0.573929,0.164358,0.169747
SG_006370,0,0.4023,0.125132,0.14608
SG_006372,0,0.34195,0.127405,0.105733
SG_006374,0,0.724893,0.234896,0.181526
SG_006375,1,0.283614,0.106803,0.133113
SG_006376,0,0.568914,0.153873,0.186815
SG_006377,0,0.796336,0.237654,0.244681
SG_006378,0,0.247536,0.103707,0.122659
SG_006379,0,0.491807,0.166999,0.117712
SG_006381,1,0.028043,0.064994,0.076848
SG_006383,0,0.13365,0.088383,0.103519
SG_006384,0,0.95955,0.345183,0.314133
SG_006385,1,0.810257,0.259036,0.226365
SG_006386,0,0.6764,0.193483,0.200116
SG_006387,1,0.582271,0.164134,0.17611
SG_006389,0,0.191636,0.105533,0.073457
SG_006390,0,0.122193,0.095144,0.059012
SG_006391,0,0.447371,0.127424,0.16846
SG_006392,0,0.27625,0.105136,0.134346
SG_006395,0,0.648771,0.152761,0.281579
SG_006397,0,0.332,0.126222,0.102175
SG_006399,0,0.332114,0.120047,0.121313
SG_006401,0,0.6171,0.174519,0.182995
SG_006402,1,0.969357,0.39755,0.285421
SG_006405,0,0.329779,0.114749,0.135935
SG_006406,0,0.832236,0.261471,0.249708
SG_006407,0,0.718114,0.203985,0.218946
SG_006408,0,0.340664,0.114172,0.143336
SG_006409,0,0.606586,0.176332,0.17252
SG_006410,1,0.288129,0.101714,0.151518
SG_006412,1,0.07595,0.083464,0.072475
SG_006413,0,0.361314,0.112553,0.161582
SG_006414,0,0.377507,0.11094,0.178481
SG_006415,0,0.510414,0.153703,0.147711
SG_006416,1,0.564786,0.157019,0.177384
SG_006419,0,0.915879,0.302565,0.306902
SG_006422,0,0.287521,0.109411,0.128002
SG_006425,0,0.836279,0.279704,0.225489
SG_006426,1,0.361107,0.12048,0.136202
SG_006427,0,0.2982,0.109009,0.135385
SG_006428,0,0.241664,0.106895,0.108055
SG_006430,0,0.373079,0.127177,0.125168
SG_006431,0,0.639879,0.192187,0.174296
SG_006432,0,0.0354,0.076063,0.051526
SG_006433,0,0.038593,0.077343,0.048932
SG_006434,0,0.231207,0.108555,0.095932
SG_006436,0,0.208886,0.104304,0.095793
SG_006437,0,0.758714,0.238369,0.203841
SG_006440,0,0.437386,0.13197,0.149777
SG_006442,0,0.023721,0.072643,0.046438
SG_006443,0,0.312886,0.114657,0.126675
SG_006444,1,0.849586,0.29273,0.222544
SG_006447,0,0.869864,0.263821,0.314007
SG_006449,0,0.214157,0.086347,0.155586
SG_006450,0,0.72635,0.202314,0.231339
SG_006453,0,0.149786,0.084723,0.123837
SG_006454,0,0.05895,0.070255,0.096763
SG_006456,0,0.370714,0.119857,0.143298
SG_006457,0,0.224871,0.096336,0.134269
SG_006458,0,0.866093,0.251286,0.489557
SG_006459,0,0.107464,0.079723,0.110819
SG_006460,0,0.032279,0.063032,0.08319
SG_006461,0,0.329079,0.10785,0.15638
SG_006462,0,0.111229,0.088161,0.087646
SG_006464,0,0.509621,0.137031,0.185306
SG_006465,1,0.8291,0.231383,0.329299
SG_006466,0,0.496836,0.131831,0.191397
SG_006468,0,0.386557,0.139346,0.103516
SG_006471,0,0.324907,0.113869,0.135689
SG_006472,0,0.222821,0.101347,0.115882
SG_006473,0,0.648729,0.165706,0.231207
SG_006474,0,0.018593,0.066292,0.061781
SG_006475,0,0.077157,0.082177,0.079623
SG_006476,0,0.093364,0.081198,0.097105
SG_006478,0,0.8203,0.293714,0.194598
SG_006479,0,0.943621,0.317427,0.362756
SG_006481,0,0.18265,0.099719,0.09614
SG_006482,0,0.862721,0.276858,0.263623
SG_006483,1,0.059829,0.081287,0.062464
SG_006484,0,0.478286,0.131385,0.178861
SG_006485,0,0.351414,0.102607,0.191986
SG_006489,0,0.024993,0.07057,0.05969
SG_006492,0,0.446007,0.132972,0.152811
SG_006495,0,0.901886,0.307831,0.267589
SG_006499,0,0.696414,0.189527,0.226571
SG_006501,0,0.5606,0.160496,0.167237
SG_006504,1,0.053836,0.075089,0.082637
SG_006508,0,0.680964,0.184439,0.220471
SG_006509,0,0.842257,0.256258,0.275144
SG_006510,0,0.488214,0.137389,0.168775
SG_006511,0,0.075436,0.086144,0.050493
SG_006513,0,0.654236,0.193099,0.183297
SG_006514,0,0.725586,0.208567,0.218115
SG_006515,1,0.453457,0.125688,0.177811
SG_006517,1,0.63175,0.182915,0.181251
SG_006518,0,0.482757,0.141912,0.15384
SG_006519,0,0.610914,0.168946,0.187977
SG_006521,1,0.215529,0.10112,0.112705
SG_006523,0,0.691393,0.204257,0.194346
SG_006524,0,0.683657,0.18725,0.2173
SG_006525,0,0.740336,0.217542,0.216948
SG_006526,0,0.2248,0.095199,0.137624
SG_006527,0,0.263171,0.10105,0.140077
SG_006529,0,0.969607,0.360806,0.319796
SG_006530,0,0.221521,0.102169,0.11215
SG_006531,0,0.080621,0.08832,0.034135
SG_006532,0,0.574657,0.162934,0.172736
SG_006533,0,0.469836,0.147734,0.135878
SG_006538,1,0.419307,0.137747,0.12727
SG_006540,0,0.885593,0.279294,0.301492
SG_006542,0,0.228707,0.113235,0.068974
SG_006544,0,0.820993,0.263934,0.23182
SG_006546,0,0.365514,0.114815,0.15582
SG_006547,0,0.024279,0.074225,0.027319
SG_006549,0,0.463336,0.120644,0.204976
SG_006552,0,0.728264,0.211172,0.21526
SG_006553,0,0.206086,0.097141,0.121058
SG_006554,1,0.840771,0.246346,0.299816
SG_006555,0,0.088907,0.087361,0.066428
SG_006556,0,0.931236,0.310115,0.330743
SG_006558,0,0.089171,0.089213,0.051939
SG_006559,0,0.350557,0.116804,0.140379
SG_006561,0,0.979814,0.372164,0.341285
SG_006562,0,0.134157,0.092142,0.091556
SG_006563,0,0.440236,0.145691,0.12332
SG_006565,0,0.993343,0.397643,0.411437
SG_006568,0,0.377164,0.129549,0.121407
SG_006569,0,0.600586,0.161266,0.195044
SG_006570,0,0.802729,0.269506,0.205691
SG_006571,0,0.042571,0.079653,0.030295
SG_006572,0,0.136157,0.0958,0.074861
SG_006573,0,0.363736,0.119979,0.139022
SG_006574,0,0.453843,0.148437,0.125798
SG_006575,0,0.075936,0.070676,0.107447
SG_006576,1,0.422436,0.130569,0.144457
SG_006578,0,0.374429,0.120476,0.143449
SG_006580,0,0.438607,0.153119,0.107553
SG_006582,1,0.900436,0.300069,0.278858
SG_006583,0,0.898743,0.34008,0.222637
SG_006584,0,0.836557,0.291678,0.21041
SG_006585,0,0.948807,0.366796,0.267949
SG_006586,0,0.656836,0.176042,0.212794
SG_006587,0,0.669607,0.222116,0.156877
SG_006589,1,0.929164,0.317462,0.299478
SG_006590,0,0.352436,0.107309,0.174338
SG_006591,0,0.751779,0.225787,0.215429
SG_006593,0,0.142036,0.091276,0.100156
SG_006594,1,0.833071,0.250296,0.273021
SG_006595,0,0.934657,0.318953,0.309005
SG_006596,1,0.306136,0.120604,0.103172
SG_006598,0,0.366557,0.119156,0.143112
SG_006599,0,0.165286,0.097953,0.090782
SG_006600,0,0.470786,0.127655,0.184575
SG_006602,0,0.032029,0.076347,0.036369
SG_006603,0,0.294286,0.109282,0.132277
SG_006604,0,0.312586,0.109306,0.14226
SG_006605,0,0.481986,0.12131,0.219712
SG_006606,0,0.162536,0.097823,0.088616
SG_006609,0,0.28905,0.105468,0.140151
SG_006611,0,0.861957,0.279493,0.257586
SG_006612,0,0.811671,0.261212,0.22512
SG_006613,0,0.1838,0.100168,0.095312
SG_006614,0,0.751736,0.223972,0.218275
SG_006617,1,0.965536,0.336692,0.430254
SG_006618,0,0.716157,0.232964,0.177506
SG_006619,0,0.094957,0.079514,0.103188
SG_006621,0,0.523893,0.170432,0.130732
SG_006625,0,0.847671,0.270876,0.254224
SG_006628,0,0.061114,0.081645,0.061817
SG_006629,0,0.6974,0.173565,0.269596
SG_006630,0,0.851386,0.286266,0.233151
SG_006631,0,0.747814,0.22634,0.210821
SG_006632,0,0.307271,0.106063,0.148308
SG_006634,0,0.2737,0.108839,0.12226
SG_006635,1,0.220314,0.113215,0.053624
SG_006636,0,0.176643,0.088945,0.128236
SG_006640,0,0.410279,0.12999,0.138983
SG_006641,0,0.901086,0.295933,0.289238
SG_006642,0,0.974279,0.360376,0.346843
SG_006643,0,0.394157,0.119968,0.156729
SG_006646,0,0.427314,0.132011,0.143947
SG_006647,1,0.91465,0.352599,0.231926
SG_006648,0,0.231429,0.102711,0.115834
SG_006649,0,0.554614,0.16226,0.160451
SG_006650,0,0.40505,0.126021,0.14527
SG_006652,0,0.4864,0.148531,0.143601
SG_006653,0,0.1529,0.0949,0.094818
SG_006654,0,0.080543,0.083805,0.076257
SG_006655,0,0.8429,0.281316,0.230737
SG_006656,0,0.326629,0.128606,0.091088
SG_006657,0,0.493007,0.159911,0.128191
SG_006658,1,0.452757,0.130506,0.163395
SG_006660,0,0.620957,0.188061,0.166105
SG_006661,0,0.058914,0.079355,0.072946
SG_006662,0,0.258221,0.107839,0.115768
SG_006663,0,0.146571,0.089031,0.110171
SG_006665,0,0.019857,0.066396,0.063723
SG_006666,1,0.611593,0.157028,0.215325
SG_006667,1,0.503979,0.159004,0.136
SG_006669,0,0.224936,0.096754,0.133003
SG_006670,0,0.529564,0.138495,0.1965
SG_006671,1,0.616836,0.174814,0.182417
SG_006672,1,0.744507,0.237066,0.193856
SG_006674,0,0.92915,0.326361,0.280773
SG_006675,0,0.470593,0.134236,0.164883
SG_006676,0,0.386886,0.121939,0.145826
SG_006677,0,0.187532,0.098287,0.10503
SG_006678,0,0.6234,0.173779,0.188684
SG_006679,0,0.382329,0.111529,0.179987
SG_006680,0,0.220721,0.089655,0.1509
SG_006681,1,0.732486,0.228754,0.194362
SG_006682,0,0.721107,0.220512,0.195551
SG_006683,0,0.2249,0.114476,0.048142
SG_006684,1,0.8011,0.241176,0.244368
SG_006685,0,0.290114,0.113925,0.115226
SG_006686,0,0.320186,0.120114,0.113694
SG_006689,0,0.197136,0.101887,0.097193
SG_006691,0,0.369657,0.121011,0.139078
SG_006692,0,0.082757,0.08638,0.064034
SG_006694,0,0.991236,0.383698,0.575323
SG_006695,0,0.769171,0.226912,0.232332
SG_006696,0,0.151557,0.094727,0.094712
SG_006697,0,0.709721,0.201492,0.214895
SG_006699,0,0.919071,0.321235,0.271408
SG_006701,0,0.579886,0.166504,0.170949
SG_006702,0,0.314814,0.113369,0.131743
SG_006703,0,0.644136,0.198796,0.16668
SG_006704,0,0.76115,0.222266,0.231583
SG_006705,0,0.24615,0.108219,0.107065
SG_006707,0,0.7583,0.196576,0.297897
SG_006708,0,0.765179,0.254897,0.190897
SG_006709,0,0.946214,0.319648,0.365192
SG_006711,1,0.506429,0.153521,0.145569
SG_006712,0,0.560514,0.146671,0.198654
SG_006714,0,0.262036,0.119265,0.070999
SG_006715,0,0.210957,0.106116,0.0893
SG_006717,0,0.252264,0.116505,0.075476
SG_006718,1,0.550729,0.151103,0.180109
SG_006719,0,0.608507,0.161652,0.201073
SG_006720,1,0.754114,0.206945,0.256016
SG_006721,0,0.4103,0.14124,0.113963
SG_006722,0,0.761664,0.236339,0.209367
SG_006723,0,0.406107,0.127513,0.14274
SG_006724,0,0.638243,0.170516,0.207675
SG_006725,1,0.737643,0.230028,0.196567
SG_006726,0,0.158479,0.094555,0.100122
SG_006727,0,0.4497,0.128315,0.167423
SG_006729,1,0.685836,0.189254,0.216188
SG_006730,0,0.600957,0.136039,0.301171
SG_006731,0,0.753579,0.210008,0.246588
SG_006732,0,0.765664,0.23303,0.218274
SG_006733,0,0.503036,0.129996,0.202437
SG_006735,0,0.719057,0.22993,0.182518
SG_006737,0,0.272836,0.115326,0.099767
SG_006738,0,0.233429,0.106078,0.105496
SG_006739,1,0.698843,0.228005,0.170704
SG_006740,0,0.243914,0.105384,0.11469
SG_006741,1,0.875536,0.276429,0.286832
SG_006742,0,0.84375,0.265655,0.256841
SG_006743,0,0.611814,0.182704,0.167356
SG_006746,0,0.37805,0.112113,0.174776
SG_006747,1,0.635321,0.168133,0.210371
SG_006748,0,0.621621,0.16868,0.197177
SG_006750,0,0.17145,0.092873,0.114261
SG_006751,0,0.562057,0.167813,0.156116
SG_006752,0,0.801079,0.244545,0.239532
SG_006753,0,0.154529,0.100463,0.062865
SG_006754,0,0.83935,0.261714,0.259085
SG_006755,0,0.371364,0.122844,0.135105
SG_006756,0,0.766921,0.265214,0.181276
SG_006757,0,0.37825,0.120186,0.146355
SG_006759,0,0.712786,0.21967,0.19024
SG_006761,1,0.983079,0.369105,0.397728
SG_006762,0,0.678421,0.196141,0.196659
SG_006763,0,0.989079,0.381715,0.409852
SG_006764,0,0.339807,0.11074,0.153679
SG_006767,0,0.063693,0.08057,0.07287
SG_006768,1,0.194629,0.106273,0.071923
SG_006770,1,0.801929,0.217129,0.313294
SG_006771,0,0.282357,0.115617,0.104685
SG_006772,0,0.520186,0.149382,0.16267
SG_006773,1,0.570936,0.177961,0.147341
SG_006774,0,0.0247,0.064538,0.074016
SG_006775,1,0.700643,0.192335,0.224811
SG_006776,0,0.316664,0.115048,0.127471
SG_006777,0,0.379221,0.121284,0.143705
SG_006779,0,0.332393,0.115746,0.133903
SG_006782,1,0.783757,0.23605,0.233169
SG_006783,1,0.381786,0.133568,0.114479
SG_006784,0,0.627693,0.189782,0.168761
SG_006785,0,0.501979,0.136448,0.181587
SG_006787,0,0.033636,0.074307,0.059066
SG_006788,0,0.882143,0.287317,0.272679
SG_006790,1,0.931521,0.345048,0.259136
SG_006791,0,0.492029,0.128339,0.198925
SG_006794,0,0.460479,0.120546,0.203387
SG_006795,1,0.1471,0.085037,0.121382
SG_006796,1,0.959357,0.341256,0.322433
SG_006797,0,0.841057,0.261972,0.260765
SG_006798,0,0.40545,0.132158,0.131556
SG_006799,0,0.383764,0.123794,0.139304
SG_006801,0,0.154686,0.100257,0.06503
SG_006803,0,0.348886,0.127746,0.109035
SG_006804,1,0.474307,0.144842,0.143438
SG_006805,0,0.815521,0.253175,0.24241
SG_006806,0,0.064893,0.075618,0.091186
SG_006807,0,0.121993,0.08308,0.110775
SG_006809,0,0.176186,0.095371,0.108416
SG_006810,0,0.066421,0.080225,0.077752
SG_006811,0,0.638664,0.179759,0.190877
SG_006812,0,0.530521,0.17303,0.130914
SG_006813,0,0.903636,0.298906,0.287614
SG_006814,0,0.601293,0.146184,0.242128
SG_006815,0,0.474807,0.143272,0.146592
SG_006816,0,0.260157,0.109978,0.110258
SG_006817,0,0.5331,0.143895,0.184231
SG_006818,0,0.790907,0.234134,0.245346
SG_006819,0,0.367179,0.1162,0.152028
SG_006821,0,0.945121,0.358203,0.268912
SG_006822,0,0.975886,0.378663,0.311932
SG_006823,0,0.860043,0.253703,0.328697
SG_006824,0,0.520579,0.15314,0.15515
SG_006825,0,0.268386,0.106225,0.1262
SG_006826,0,0.511164,0.149595,0.155919
SG_006827,0,0.674629,0.196683,0.192515
SG_006828,0,0.923714,0.327359,0.269466
SG_006829,1,0.365436,0.122137,0.133841
SG_006830,0,0.458393,0.13157,0.164504
SG_006831,0,0.3897,0.132982,0.121141
SG_006832,0,0.9213,0.300053,0.336967
SG_006834,1,0.630786,0.182087,0.181653
SG_006836,0,0.151114,0.101306,0.041539
SG_006838,0,0.906321,0.310867,0.269134
SG_006839,0,0.89475,0.29851,0.271199
SG_006840,0,0.829864,0.283662,0.213602
SG_006842,0,0.017571,0.066548,0.058219
SG_006843,0,0.798229,0.242222,0.239672
SG_006844,0,0.182879,0.087367,0.135221
SG_006845,0,0.76315,0.236485,0.210343
SG_006846,0,0.716864,0.200857,0.22315
SG_006849,0,0.575407,0.162815,0.173657
SG_006850,0,0.719843,0.207592,0.214325
SG_006853,0,0.854907,0.261554,0.286002
SG_006854,0,0.518736,0.153551,0.153011
SG_006855,0,0.796057,0.235776,0.248635
SG_006856,1,0.914414,0.287989,0.450025
SG_006857,0,0.171236,0.09075,0.120247
SG_006858,1,0.426429,0.130575,0.146887
SG_006859,0,0.170079,0.097421,0.096752
SG_006862,0,0.031393,0.071655,0.067108
SG_006864,0,0.137807,0.089582,0.102994
SG_006865,0,0.3429,0.124117,0.115361
SG_006867,0,0.893543,0.29725,0.271915
SG_006869,0,0.463736,0.146334,0.135339
SG_006870,0,0.498464,0.141397,0.165279
SG_006871,0,0.477743,0.156861,0.124649
SG_006872,0,0.117214,0.083924,0.105556
SG_006873,1,0.482186,0.138881,0.161293
SG_006875,0,0.467471,0.141383,0.145777
SG_006876,0,0.549443,0.163475,0.1549
SG_006878,0,0.441393,0.147877,0.119393
SG_006882,0,0.422071,0.129247,0.147279
SG_006883,0,0.573386,0.151738,0.195798
SG_006884,1,0.754886,0.230714,0.210826
SG_006885,0,0.9691,0.351886,0.340763
SG_006886,0,0.2623,0.112091,0.104393
SG_006887,0,0.8801,0.271828,0.31377
SG_006888,1,0.521436,0.153634,0.154584
SG_006891,0,0.169271,0.098457,0.091777
SG_006892,0,0.699864,0.177473,0.260105
SG_006893,0,0.272657,0.111746,0.11246
SG_006894,0,0.669807,0.175467,0.227204
SG_006895,0,0.404814,0.140698,0.11185
SG_006896,0,0.079707,0.076301,0.100606
SG_006898,1,0.984079,0.395822,0.322854
SG_006899,0,0.455893,0.134047,0.155807
SG_006900,1,0.9384,0.330448,0.290694
SG_006902,0,0.255179,0.103217,0.128541
SG_006903,0,0.116871,0.088787,0.090096
SG_006904,0,0.801229,0.238871,0.248473
SG_006905,1,0.931907,0.343216,0.261286
SG_006906,0,0.750579,0.189221,0.318815
SG_006907,0,0.298357,0.109342,0.134427
SG_006909,1,0.435386,0.126418,0.163243
SG_006911,0,0.373336,0.14261,0.08379
SG_006912,0,0.543114,0.148084,0.181378
SG_006913,1,0.172207,0.097004,0.100337
SG_006915,0,0.803743,0.255384,0.225163
SG_006916,0,0.606943,0.189858,0.155099
SG_006917,1,0.051279,0.079348,0.062049
SG_006919,0,0.6444,0.196144,0.171297
SG_006920,0,0.587429,0.158325,0.191519
SG_006921,1,0.865493,0.28843,0.24608
SG_006922,1,0.471779,0.143449,0.144492
SG_006923,1,0.989093,0.392046,0.364786
SG_006926,0,0.363136,0.12707,0.119928
SG_006928,1,0.941214,0.319841,0.328949
SG_006930,0,0.568289,0.165282,0.16421
SG_006931,0,0.343607,0.113298,0.147654
SG_006932,0,0.213407,0.105515,0.094315
SG_006933,0,0.162243,0.088031,0.122289
SG_006934,0,0.321243,0.109909,0.1452
SG_006935,1,0.579943,0.185138,0.144432
SG_006936,0,0.0501,0.070892,0.088885
SG_006939,0,0.878143,0.272463,0.305831
SG_006941,1,0.1006,0.084115,0.093873
SG_006943,0,0.302164,0.119257,0.105134
SG_006944,0,0.379779,0.123142,0.138821
SG_006946,0,0.423186,0.132193,0.141048
SG_006947,0,0.753443,0.219511,0.227689
SG_006948,0,0.542879,0.132126,0.233883
SG_006952,0,0.227679,0.107172,0.098357
SG_006955,0,0.213793,0.109994,0.072422
SG_006958,0,0.246493,0.10152,0.129309
SG_006959,0,0.840764,0.268468,0.248584
SG_006960,0,0.044279,0.071793,0.08168
SG_006961,0,0.338329,0.113061,0.14527
SG_006965,0,0.500714,0.140977,0.167778
SG_006967,0,0.921029,0.346692,0.24326
SG_006968,0,0.962571,0.362194,0.298825
SG_006969,1,0.150979,0.099338,0.066693
SG_006973,0,0.052221,0.079963,0.058901
SG_006975,0,0.424414,0.140314,0.124493
SG_006976,0,0.411879,0.139217,0.119851
SG_006979,0,0.531479,0.14523,0.17989
SG_006980,0,0.475607,0.139488,0.155145
SG_006985,0,0.807143,0.262195,0.218945
SG_006986,0,0.623629,0.158496,0.224031
SG_006988,0,0.722757,0.215977,0.203859
SG_006989,0,0.600064,0.168859,0.180331
SG_006990,1,0.063521,0.068845,0.101665
SG_006991,0,0.991036,0.390907,0.400845
SG_006992,0,0.226486,0.097896,0.129881
SG_006993,0,0.886157,0.293219,0.269035
SG_006995,1,0.471036,0.133085,0.168782
SG_006996,0,0.187071,0.10014,0.097752
SG_006998,0,0.191379,0.096103,0.115484
SG_006999,0,0.896207,0.312843,0.250566
SG_007000,0,0.634879,0.176127,0.193583
SG_007001,1,0.864886,0.286886,0.248361
SG_007003,1,0.153193,0.101047,0.052777
SG_007004,0,0.707443,0.233372,0.170929
SG_007006,0,0.06945,0.078989,0.084909
SG_007007,1,0.310229,0.107408,0.146353
SG_007008,0,0.893129,0.282248,0.310338
SG_007010,0,0.419493,0.122777,0.163864
SG_007012,0,0.22315,0.097096,0.130837
SG_007013,0,0.160214,0.095252,0.098544
SG_007014,0,0.400107,0.125619,0.143525
SG_007015,0,0.434564,0.118811,0.189348
SG_007016,0,0.161014,0.099317,0.078911
SG_007020,0,0.649657,0.179252,0.20048
SG_007021,0,0.510379,0.142802,0.170116
SG_007022,0,0.085886,0.084527,0.078732
SG_007023,0,0.61365,0.154112,0.226489
SG_007024,1,0.525371,0.19543,0.100229
SG_007025,0,0.5511,0.159976,0.162004
SG_007026,0,0.522343,0.168481,0.132335
SG_007027,0,0.084371,0.084903,0.075797
SG_007028,0,0.675957,0.199658,0.188525
SG_007031,0,0.205643,0.09439,0.129143
SG_007032,0,0.262414,0.107871,0.118192
SG_007034,0,0.850436,0.274313,0.25126
SG_007035,0,0.574807,0.158864,0.181229
SG_007036,0,0.177071,0.097807,0.100043
SG_007037,0,0.009986,0.059563,0.055806
SG_007038,0,0.744364,0.202028,0.254251
SG_007039,0,0.679029,0.209466,0.177777
SG_007041,0,0.203329,0.092118,0.134858
SG_007042,0,0.123464,0.08986,0.091792
SG_007043,0,0.061614,0.081437,0.06393
SG_007044,0,0.485314,0.141127,0.157338
SG_007045,0,0.15255,0.089449,0.112886
SG_007046,0,0.522771,0.147877,0.167238
SG_007048,0,0.149243,0.090954,0.105831
SG_007049,1,0.816521,0.265516,0.223649
SG_007050,0,0.016914,0.065623,0.05974
SG_007051,0,0.521514,0.14583,0.171525
SG_007052,0,0.265743,0.112382,0.105747
SG_007053,0,0.042936,0.073463,0.07637
SG_007057,0,0.485664,0.133444,0.178071
SG_007058,0,0.745921,0.247964,0.183428
SG_007059,0,0.142493,0.093368,0.093113
SG_007060,0,0.115579,0.087537,0.093192
SG_007063,0,0.818971,0.263316,0.230966
SG_007064,0,0.0822,0.085926,0.066704
SG_007065,0,0.9173,0.321743,0.268016
SG_007066,0,0.748386,0.217407,0.22564
SG_007070,0,0.472914,0.127786,0.185734
SG_007071,0,0.229229,0.105303,0.105926
SG_007072,0,0.916193,0.315343,0.277791
SG_007074,0,0.997593,0.440386,0.416295
SG_007077,0,0.116493,0.090643,0.081981
SG_007079,0,0.348757,0.124235,0.118727
SG_007081,1,0.886829,0.304903,0.249005
SG_007082,0,0.447507,0.119116,0.198575
SG_007083,0,0.9769,0.362938,0.35444
SG_007084,0,0.8209,0.239027,0.277688
SG_007085,0,0.568057,0.158251,0.177404
SG_007086,0,0.566943,0.162238,0.168286
SG_007087,0,0.072971,0.077338,0.093318
SG_007088,0,0.37765,0.120585,0.144646
SG_007089,0,0.911843,0.285668,0.498091
SG_007090,0,0.909436,0.324255,0.253072
SG_007092,0,0.097264,0.080759,0.101361
SG_007093,1,0.6698,0.191366,0.198465
SG_007094,0,0.033757,0.073894,0.062436
SG_007096,1,0.852564,0.290433,0.228336
SG_007097,0,0.763679,0.228701,0.223126
SG_007098,0,0.635307,0.201655,0.157681
SG_007099,1,0.965879,0.343731,0.350338
SG_007101,0,0.4719,0.125576,0.19195
SG_007102,0,0.355493,0.112267,0.158791
SG_007103,0,0.034121,0.077132,0.035793
SG_007105,0,0.649136,0.202818,0.165459
SG_007106,0,0.2576,0.102179,0.132811
SG_007107,1,0.675243,0.217234,0.165788
SG_007108,0,0.408121,0.136584,0.123444
SG_007109,0,0.156057,0.08082,0.13637
SG_007110,0,0.139243,0.09144,0.097556
SG_007111,0,0.032721,0.070761,0.071485
SG_007113,0,0.701029,0.209238,0.194596
SG_007115,0,0.571329,0.169291,0.159871
SG_007116,0,0.717514,0.245372,0.165572
SG_007117,0,0.963071,0.346576,0.322868
SG_007118,0,0.584071,0.165232,0.175552
SG_007119,0,0.954193,0.384577,0.265171
SG_007120,0,0.728436,0.219794,0.203119
SG_007121,0,0.880564,0.263362,0.408491
SG_007122,0,0.716821,0.191539,0.246598
SG_007123,0,0.483757,0.147401,0.143817
SG_007124,0,0.255293,0.107869,0.113977
SG_007125,1,0.727943,0.211048,0.215242
SG_007126,1,0.891693,0.295508,0.272189
SG_007128,0,0.906436,0.294551,0.305542
SG_007129,0,0.309921,0.10796,0.144561
SG_007131,0,0.33035,0.113931,0.138416
SG_007132,0,0.3856,0.144753,0.088986
SG_007134,0,0.079207,0.080241,0.089987
SG_007135,0,0.429486,0.122457,0.172184
SG_007137,0,0.802771,0.264901,0.210867
SG_007140,0,0.903293,0.303225,0.277157
SG_007141,0,0.336457,0.128189,0.100023
SG_007142,0,0.670207,0.20248,0.180937
SG_007144,0,0.043857,0.074714,0.073139
SG_007145,0,0.809036,0.260073,0.223805
SG_007147,1,0.581407,0.163885,0.176092
SG_007148,0,0.30875,0.116303,0.118669
SG_007149,0,0.538529,0.131873,0.230523
SG_007151,0,0.910664,0.310009,0.277536
SG_007152,1,0.970671,0.367965,0.310901
SG_007153,0,0.064579,0.080581,0.073812
SG_007154,1,0.297236,0.12039,0.098092
SG_007156,1,0.705086,0.207446,0.201215
SG_007158,0,0.359793,0.120321,0.13603
SG_007159,0,0.6565,0.193055,0.18484
SG_007161,0,0.145364,0.096422,0.081065
SG_007164,0,0.812464,0.241229,0.259902
SG_007165,0,0.171779,0.103662,0.059803
SG_007167,0,0.744371,0.210512,0.234311
SG_007169,0,0.0092,0.066892,0.025481
SG_007171,0,0.394964,0.142665,0.100882
SG_007172,0,0.187971,0.093843,0.121296
SG_007173,1,0.898,0.318474,0.245189
SG_007174,0,0.910221,0.290763,0.333996
SG_007175,0,0.891,0.287481,0.289422
SG_007176,0,0.34585,0.119338,0.131135
SG_007177,0,0.783936,0.290583,0.170199
SG_007178,0,0.239007,0.102165,0.122663
SG_007180,0,0.899614,0.284456,0.322654
SG_007182,0,0.464171,0.140644,0.145602
SG_007184,0,0.31575,0.123512,0.099882
SG_007185,0,0.33945,0.117615,0.132017
SG_007187,0,0.748807,0.219803,0.222053
SG_007188,1,0.538693,0.16365,0.1482
SG_007189,0,0.937186,0.36456,0.252615
SG_007190,0,0.557536,0.163058,0.161113
SG_007191,0,0.217571,0.088171,0.152975
SG_007192,0,0.218371,0.106045,0.095534
SG_007193,1,0.773229,0.225433,0.240547
SG_007194,1,0.768036,0.230385,0.224402
SG_007195,0,0.090636,0.083442,0.08771
SG_007196,0,0.6548,0.182401,0.199773
SG_007197,1,0.909543,0.323423,0.253936
SG_007198,1,0.953536,0.387198,0.262911
SG_007199,0,0.388436,0.113414,0.176754
SG_007200,0,0.322593,0.105294,0.161278
SG_007201,0,0.5918,0.152689,0.209158
SG_007206,0,0.087729,0.087831,0.061671
SG_007207,0,0.212757,0.108701,0.078842
SG_007208,0,0.005043,0.062933,0.030419
SG_007209,0,0.1737,0.099532,0.090038
SG_007211,0,0.351021,0.115372,0.145175
SG_007213,1,0.769907,0.238109,0.214262
SG_007214,0,0.574721,0.134233,0.264549
SG_007216,0,0.948036,0.434841,0.245433
SG_007217,0,0.381429,0.122771,0.140819
SG_007219,0,0.471093,0.141451,0.147992
SG_007220,0,0.200307,0.095381,0.123258
SG_007221,0,0.187293,0.09419,0.119314
SG_007222,0,0.155771,0.095157,0.095742
SG_007223,0,0.412914,0.133621,0.132497
SG_007224,0,0.306436,0.117542,0.113206
SG_007225,0,0.1246,0.085781,0.105011
SG_007227,0,0.233436,0.10232,0.118564
SG_007228,1,0.420007,0.118571,0.179674
SG_007230,0,0.327164,0.120323,0.117258
SG_007232,0,0.411071,0.138837,0.120064
SG_007233,0,0.546614,0.155438,0.167639
SG_007235,1,0.992907,0.406804,0.371448
SG_007236,0,0.874871,0.296335,0.246275
SG_007238,0,0.77545,0.25634,0.197545
SG_007241,0,0.062221,0.075441,0.08919
SG_007242,0,0.622971,0.174621,0.187028
SG_007243,1,0.596479,0.184983,0.15462
SG_007244,0,0.194179,0.095304,0.120014
SG_007245,0,0.229664,0.099508,0.12632
SG_007246,0,0.2419,0.10432,0.116948
SG_007247,0,0.127136,0.095152,0.067529
SG_007248,0,0.929636,0.33317,0.270319
SG_007250,0,0.917993,0.338648,0.24648
SG_007251,0,0.425986,0.154356,0.096666
SG_007253,0,0.883929,0.294025,0.263782
SG_007254,1,0.980114,0.373279,0.338878
SG_007258,0,0.379914,0.118116,0.15348
SG_007259,1,0.763321,0.267882,0.176447
SG_007260,0,0.462129,0.135867,0.155329
SG_007261,0,0.174186,0.096223,0.104468
SG_007262,0,0.125357,0.080092,0.120993
SG_007266,1,0.939557,0.315877,0.348471
SG_007267,0,0.044914,0.080524,0.019839
SG_007269,0,0.6917,0.174469,0.258363
SG_007270,0,0.752143,0.186736,0.348112
SG_007272,0,0.43395,0.133371,0.14455
SG_007273,0,0.315614,0.132087,0.06372
SG_007274,0,0.230179,0.101059,0.121967
SG_007276,0,0.300786,0.114486,0.120183
SG_007277,0,0.288221,0.10785,0.133164
SG_007278,1,0.576343,0.158753,0.182537
SG_007279,0,0.519971,0.150239,0.160708
SG_007284,1,0.819893,0.263577,0.231421
SG_007285,0,0.446743,0.122162,0.185198
SG_007286,0,0.650586,0.187443,0.188262
SG_007289,0,0.0924,0.08782,0.068996
SG_007290,0,0.348336,0.11341,0.149975
SG_007291,0,0.048029,0.077428,0.067665
SG_007292,1,0.625429,0.172496,0.192941
SG_007293,0,0.276486,0.100037,0.15062
SG_007294,1,0.856864,0.287271,0.238232
SG_007295,0,0.722914,0.244992,0.169667
SG_007296,0,0.281564,0.099562,0.155489
SG_007297,0,0.800214,0.242659,0.240959
SG_007298,0,0.605671,0.180522,0.165528
SG_007299,0,0.34925,0.116374,0.141066
SG_007300,0,0.433607,0.138275,0.133936
SG_007302,1,0.920186,0.339987,0.247693
SG_007303,0,0.9809,0.406013,0.307909
SG_007304,0,0.41745,0.126803,0.150554
SG_007305,1,0.911143,0.322982,0.256905
SG_007306,0,0.080257,0.076133,0.101231
SG_007308,0,0.263782,0.112175,0.10503
SG_007309,0,0.041229,0.079476,0.023788
SG_007311,0,0.101579,0.089771,0.070283
SG_007313,0,0.887143,0.272072,0.345124
SG_007315,0,0.412921,0.120782,0.165853
SG_007316,0,0.2857,0.10565,0.137808
SG_007317,0,0.289021,0.108337,0.132152
SG_007318,0,0.309086,0.122825,0.097306
SG_007320,0,0.914714,0.313251,0.278477
SG_007321,0,0.094814,0.081569,0.096891
SG_007322,0,0.547071,0.147091,0.186602
SG_007323,0,0.207179,0.108559,0.07363
SG_007324,1,0.389786,0.128869,0.130512
SG_007325,0,0.289257,0.115927,0.107901
SG_007327,0,0.122157,0.081133,0.115735
SG_007328,0,0.248643,0.110143,0.102225
SG_007329,0,0.915371,0.301024,0.309111
SG_007330,0,0.214421,0.101911,0.108565
SG_007332,0,0.187464,0.098701,0.103462
SG_007335,0,0.91275,0.307756,0.287514
SG_007336,0,0.711543,0.211985,0.199204
SG_007337,0,0.685593,0.194546,0.205969
SG_007339,0,0.479757,0.132559,0.1764
SG_007341,0,0.9147,0.343886,0.238288
SG_007342,1,0.305664,0.120047,0.104669
SG_007343,0,0.19865,0.093321,0.128806
SG_007344,0,0.29165,0.112633,0.120818
SG_007346,0,0.321936,0.123509,0.103843
SG_007347,0,0.063821,0.079552,0.077393
SG_007348,0,0.558936,0.159964,0.166932
SG_007350,0,0.893407,0.298408,0.269746
SG_007351,0,0.373086,0.128801,0.121179
SG_007352,0,0.331164,0.12951,0.091398
SG_007353,1,0.57885,0.163804,0.174548
SG_007354,0,0.055514,0.078358,0.073317
SG_007355,1,0.331429,0.103083,0.175369
SG_007357,0,0.745821,0.212927,0.231414
SG_007359,0,0.269371,0.109717,0.116464
SG_007360,1,0.917786,0.335396,0.249906
SG_007361,0,0.8923,0.286799,0.295207
SG_007362,0,0.951921,0.327244,0.351188
SG_007363,1,0.11295,0.083538,0.104021
SG_007364,0,0.0501,0.073529,0.08359
SG_007365,0,0.53295,0.142299,0.187339
SG_007366,0,0.612807,0.145693,0.259654
SG_007367,1,0.8827,0.268651,0.34487
SG_007369,0,0.734707,0.183809,0.301912
SG_007373,0,0.396857,0.124455,0.144978
SG_007374,0,0.256407,0.117015,0.076762
SG_007376,0,0.804671,0.24612,0.24107
SG_007377,0,0.479143,0.139016,0.158865
SG_007381,0,0.538421,0.15987,0.153802
SG_007382,0,0.834793,0.296313,0.203997
SG_007385,1,0.944,0.32909,0.307184
SG_007386,0,0.265914,0.111841,0.107538
SG_007387,1,0.986921,0.381553,0.370955
SG_007388,0,0.209857,0.104485,0.095637
SG_007391,0,0.316443,0.095085,0.199286
SG_007392,0,0.254029,0.097595,0.145838
SG_007393,0,0.291079,0.122468,0.08426
SG_007394,1,0.250493,0.104528,0.121549
SG_007395,0,0.125336,0.0886,0.097043
SG_007396,0,0.270671,0.110934,0.113628
SG_007397,0,0.142764,0.091592,0.099917
SG_007398,0,0.378086,0.113989,0.167006
SG_007399,0,0.750179,0.237718,0.197544
SG_007400,0,0.198929,0.088305,0.141868
SG_007402,0,0.842579,0.298619,0.208019
SG_007404,0,0.453443,0.136429,0.148856
SG_007405,0,0.971964,0.374042,0.306753
SG_007407,0,0.900886,0.291184,0.301645
SG_007408,0,0.369543,0.119461,0.143688
SG_007411,0,0.656071,0.184086,0.19806
SG_007412,1,0.96295,0.358781,0.303645
SG_007414,0,0.432929,0.137648,0.135155
SG_007415,0,0.147264,0.082504,0.127226
SG_007417,0,0.4438,0.144389,0.127368
SG_007418,0,0.339736,0.123137,0.115944
SG_007421,1,0.544121,0.157961,0.161432
SG_007422,0,0.411607,0.129526,0.140531
SG_007425,0,0.1312,0.086604,0.106859
SG_007426,0,0.907243,0.285719,0.359089
SG_007427,1,0.765814,0.23541,0.214601
SG_007429,0,0.987529,0.413456,0.327268
SG_007430,0,0.610829,0.169247,0.187337
SG_007431,0,0.834607,0.274329,0.231561
SG_007432,0,0.18955,0.090492,0.131338
SG_007435,1,0.835964,0.245076,0.292143
SG_007436,0,0.195429,0.101216,0.099246
SG_007438,0,0.813479,0.277238,0.20579
SG_007439,0,0.045893,0.072625,0.081497
SG_007440,0,0.924636,0.296043,0.513786
SG_007442,0,0.469229,0.146721,0.13755
SG_007444,0,0.32695,0.117297,0.126067
SG_007445,0,0.706593,0.186343,0.245235
SG_007446,0,0.602529,0.192344,0.149033
SG_007447,0,0.360986,0.122139,0.131378
SG_007448,0,0.735907,0.197397,0.25462
SG_007449,0,0.585264,0.159285,0.187378
SG_007451,1,0.92555,0.339083,0.256433
SG_007453,0,0.638464,0.173328,0.201962
SG_007454,0,0.430429,0.124322,0.166197
SG_007456,0,0.080136,0.080778,0.088468
SG_007457,0,0.301386,0.114706,0.120038
SG_007458,0,0.1649,0.099502,0.082333
SG_007459,0,0.268621,0.102591,0.13781
SG_007460,0,0.858607,0.276244,0.258505
SG_007461,0,0.200714,0.082983,0.156233
SG_007463,0,0.687729,0.204581,0.191143
SG_007465,0,0.8673,0.291137,0.24451
SG_007467,0,0.324514,0.128611,0.089259
SG_007468,0,0.537057,0.146634,0.180847
SG_007471,0,0.402057,0.127328,0.140795
SG_007473,0,0.757471,0.21039,0.250961
SG_007474,1,0.193386,0.094902,0.120787
SG_007475,0,0.406657,0.121337,0.160461
SG_007477,0,0.149236,0.090829,0.106345
SG_007478,0,0.301386,0.114214,0.121409
SG_007479,0,0.336921,0.116003,0.135778
SG_007480,0,0.55045,0.16185,0.158305
SG_007481,0,0.211664,0.103972,0.099424
SG_007482,1,0.790836,0.255512,0.212034
SG_007483,0,0.612,0.172031,0.183654
SG_007484,0,0.772579,0.207707,0.284199
SG_007485,1,0.503707,0.151654,0.147743
SG_007487,0,0.207193,0.104,0.096033
SG_007488,0,0.126136,0.086256,0.104681
SG_007491,0,0.895464,0.296373,0.276719
SG_007492,1,0.880671,0.293716,0.259453
SG_007493,0,0.599014,0.165088,0.18673
SG_007494,1,0.7403,0.251084,0.176109
SG_007496,0,0.033457,0.069314,0.075332
SG_007497,1,0.50975,0.150807,0.152741
SG_007498,0,0.504086,0.144401,0.16257
SG_007500,0,0.331707,0.121737,0.115156
SG_007501,0,0.4185,0.13347,0.136083
SG_007502,0,0.788293,0.249537,0.217266
SG_007503,0,0.484521,0.15415,0.132673
SG_007504,0,0.365643,0.129189,0.115217
SG_007505,0,0.263286,0.109795,0.112839
SG_007507,0,0.502371,0.147023,0.155679
SG_007510,0,0.366714,0.119066,0.14339
SG_007511,0,0.245486,0.116253,0.06941
SG_007512,0,0.390986,0.116608,0.165725
SG_007513,0,0.254893,0.103404,0.127736
SG_007514,0,0.117607,0.079288,0.117926
SG_007515,0,0.381729,0.119707,0.149906
SG_007516,0,0.408064,0.131685,0.134389
SG_007519,1,0.299121,0.098607,0.171106
SG_007520,0,0.646936,0.196331,0.172733
SG_007521,0,0.203186,0.104838,0.089085
SG_007523,0,0.648629,0.197982,0.171148
SG_007525,0,0.193907,0.094707,0.121954
SG_007526,0,0.420707,0.132073,0.140185
SG_007528,0,0.283407,0.119046,0.093184
SG_007529,0,0.267586,0.113011,0.104535
SG_007530,0,0.690457,0.163534,0.305552
SG_007531,1,0.103086,0.093081,0.036028
SG_007532,0,0.562093,0.135755,0.239403
SG_007533,0,0.168993,0.093128,0.112041
SG_007534,0,0.82215,0.259799,0.239856
SG_007536,1,0.760164,0.218616,0.237786
SG_007537,1,0.709129,0.19136,0.238529
SG_007538,1,0.458143,0.146694,0.131467
SG_007539,0,0.376779,0.125294,0.131543
SG_007541,0,0.402007,0.127014,0.141407
SG_007542,0,0.918693,0.311828,0.289774
SG_007543,1,0.23945,0.110251,0.095528
SG_007544,0,0.753714,0.247673,0.189587
SG_007545,1,0.852429,0.271153,0.260117
SG_007547,0,0.087114,0.088707,0.050698
SG_007548,0,0.566207,0.151918,0.189497
SG_007549,0,0.405257,0.119202,0.166689
SG_007550,1,0.703136,0.211386,0.193127
SG_007551,0,0.761257,0.235112,0.210722
SG_007554,0,0.573386,0.166905,0.165578
SG_007555,0,0.426307,0.15936,0.084884
SG_007556,0,0.746057,0.198355,0.266576
SG_007559,0,0.795393,0.237468,0.244431
SG_007561,1,0.502164,0.136664,0.180982
SG_007562,0,0.97395,0.390484,0.299452
SG_007563,0,0.680093,0.195219,0.199589
SG_007564,0,0.5549,0.158194,0.167915
SG_007565,0,0.04605,0.078591,0.055981
SG_007566,1,0.977836,0.417938,0.298458
SG_007567,0,0.001764,0.055326,0.030497
SG_007569,0,0.565936,0.18345,0.138542
SG_007570,1,0.756471,0.229567,0.214032
SG_007572,0,0.687214,0.198077,0.199914
SG_007574,1,0.180057,0.101863,0.083427
SG_007575,0,0.960321,0.339146,0.335239
SG_007576,0,0.615557,0.171847,0.186647
SG_007580,0,0.663921,0.201894,0.176937
SG_007581,0,0.250607,0.100631,0.134631
SG_007583,1,0.241864,0.10023,0.131186
SG_007584,0,0.864879,0.283047,0.255063
SG_007585,0,0.778293,0.227101,0.242938
SG_007588,0,0.461136,0.133916,0.160254
SG_007590,0,0.881493,0.287656,0.270871
SG_007592,0,0.256486,0.102586,0.131092
SG_007593,1,0.090979,0.087134,0.071211
SG_007594,0,0.639664,0.17164,0.206546
SG_007596,0,0.366929,0.108508,0.180225
SG_007598,0,0.664286,0.169674,0.236484
SG_007600,0,0.723936,0.218139,0.200959
SG_007601,0,0.630607,0.15459,0.244688
SG_007603,0,0.510464,0.138621,0.181532
SG_007604,1,0.082221,0.08105,0.089021
SG_007606,1,0.965957,0.361603,0.307363
SG_007607,0,0.433229,0.12663,0.161402
SG_007608,0,0.227014,0.101939,0.116145
SG_007610,0,0.995721,0.405198,0.469937
SG_007611,0,0.765521,0.221571,0.238538
SG_007612,1,0.970379,0.356966,0.33246
SG_007613,0,0.479171,0.139132,0.158571
SG_007615,1,0.785436,0.238902,0.229612
SG_007616,0,0.336057,0.124668,0.109851
SG_007617,0,0.154821,0.094595,0.097078
SG_007618,0,0.094257,0.083405,0.091066
SG_007619,1,0.756,0.209855,0.250608
SG_007621,0,0.301721,0.113455,0.123979
SG_007622,0,0.658264,0.189403,0.191772
SG_007623,0,0.592607,0.163528,0.184497
SG_007624,0,0.92355,0.323203,0.275338
SG_007625,0,0.474343,0.126624,0.190451
SG_007626,0,0.833357,0.271472,0.235175
SG_007627,0,0.264629,0.100669,0.142043
SG_007629,0,0.308764,0.109357,0.139746
SG_007631,0,0.371979,0.119504,0.14471
SG_007632,1,0.742893,0.226568,0.205807
SG_007633,1,0.484571,0.141252,0.156386
SG_007634,0,0.743721,0.189305,0.299452
SG_007635,0,0.414914,0.114317,0.192977
SG_007636,0,0.881557,0.287496,0.271334
SG_007637,0,0.422579,0.139681,0.124771
SG_007638,0,0.123414,0.094069,0.070637
SG_007639,0,0.390907,0.128791,0.131285
SG_007640,1,0.232529,0.099542,0.127677
SG_007641,0,0.163593,0.091723,0.113018
SG_007642,0,0.296579,0.103168,0.151592
SG_007643,0,0.467521,0.137933,0.15385
SG_007644,0,0.106907,0.090187,0.074145
SG_007645,0,0.128743,0.08847,0.099981
SG_007647,1,0.555743,0.170575,0.148054
SG_007649,0,0.434071,0.132288,0.14717
SG_007650,0,0.008721,0.066754,0.022723
SG_007651,0,0.138271,0.085701,0.113885
SG_007652,1,0.75365,0.215516,0.235974
SG_007653,0,0.054007,0.080223,0.061287
SG_007661,0,0.116636,0.087579,0.093909
SG_007662,0,0.213686,0.10611,0.091637
SG_007664,0,0.829493,0.277523,0.220887
SG_007666,1,0.753071,0.226283,0.215797
SG_007668,1,0.854164,0.30994,0.20769
SG_007669,1,0.390793,0.130811,0.126713
SG_007671,0,0.34315,0.106952,0.168342
SG_007672,1,0.107429,0.08963,0.077692
SG_007673,1,0.219743,0.1014,0.114113
SG_007674,0,0.248021,0.111035,0.098699
SG_007675,0,0.702179,0.213554,0.189864
SG_007676,0,0.50185,0.138422,0.175888
SG_007677,0,0.2408,0.106792,0.107836
SG_007680,0,0.159486,0.094677,0.100323
SG_007682,0,0.828171,0.227373,0.374916
SG_007683,0,0.319857,0.121371,0.109402
SG_007684,0,0.03535,0.068405,0.078861
SG_007689,0,0.480257,0.134483,0.171079
SG_007690,0,0.987264,0.391944,0.349437
SG_007692,1,0.59535,0.164682,0.184523
SG_007693,0,0.722514,0.173448,0.331989
SG_007694,1,0.930793,0.329556,0.276701
SG_007695,0,0.838279,0.263725,0.25381
SG_007697,0,0.426914,0.12005,0.179
SG_007699,0,0.13225,0.086888,0.106551
SG_007701,0,0.592536,0.17132,0.170861
SG_007702,0,0.176114,0.099219,0.093536
SG_007705,1,0.906379,0.286866,0.342638
SG_007707,1,0.378364,0.117896,0.153077
SG_007708,0,0.395579,0.123061,0.14797
SG_007709,0,0.317493,0.116958,0.121631
SG_007710,0,0.260114,0.103188,0.131364
SG_007713,0,0.643421,0.191449,0.178027
SG_007715,0,0.010636,0.064524,0.04907
SG_007716,1,0.758314,0.205304,0.267229
SG_007718,0,0.153571,0.085059,0.124782
SG_007722,0,0.369479,0.125983,0.125874
SG_007723,0,0.182843,0.102066,0.084565
SG_007724,0,0.722843,0.219153,0.198799
SG_007725,0,0.601436,0.169332,0.180608
SG_007726,1,0.4653,0.132774,0.165767
SG_007727,0,0.48815,0.165852,0.116853
SG_007729,0,0.490671,0.138018,0.168834
SG_007730,0,0.549964,0.172653,0.142116
SG_007731,0,0.664786,0.169806,0.236777
SG_007732,0,0.754436,0.232493,0.208059
SG_007733,0,0.555921,0.156931,0.171183
SG_007734,1,0.601986,0.182806,0.160969
SG_007735,0,0.796871,0.239881,0.241367
SG_007736,0,0.304029,0.102827,0.157274
SG_007738,0,0.3114,0.119136,0.111659
SG_007739,0,0.167714,0.097803,0.09313
SG_007740,0,0.341436,0.115087,0.14087
SG_007743,0,0.294979,0.111555,0.126131
SG_007745,0,0.108407,0.092471,0.060833
SG_007747,0,0.928086,0.334071,0.266869
SG_007749,1,0.746064,0.188197,0.308491
SG_007753,0,0.345843,0.120095,0.128726
SG_007754,0,0.654707,0.187945,0.190969
SG_007755,0,0.813707,0.265919,0.220321
SG_007756,1,0.341829,0.116829,0.135752
SG_007757,0,0.352929,0.12986,0.105704
SG_007759,0,0.097371,0.083364,0.09348
SG_007761,0,0.605393,0.166314,0.189578
SG_007763,0,0.733793,0.21109,0.221068
SG_007764,0,0.824329,0.281123,0.211584
SG_007765,0,0.653593,0.198472,0.174246
SG_007766,0,0.546893,0.160617,0.157849
SG_007767,0,0.1498,0.091457,0.104588
SG_007768,1,0.747186,0.212551,0.233846
SG_007769,0,0.869664,0.26506,0.307017
SG_007771,1,0.985821,0.401514,0.326651
SG_007773,0,0.788971,0.257605,0.207223
SG_007774,0,0.456729,0.124885,0.183327
SG_007775,0,0.957857,0.366628,0.284514
SG_007777,0,0.036386,0.074398,0.063723
SG_007778,0,0.439957,0.136539,0.141001
SG_007779,0,0.080257,0.07015,0.111081
SG_007783,1,0.458864,0.16272,0.10299
SG_007784,0,0.641093,0.188561,0.180066
SG_007785,0,0.170157,0.091061,0.118364
SG_007786,0,0.907043,0.285269,0.361702
SG_007788,0,0.355564,0.131039,0.104632
SG_007789,1,0.4118,0.12573,0.149732
SG_007790,0,0.117786,0.095781,0.036803
SG_007791,0,0.58395,0.151228,0.205793
SG_007792,0,0.818007,0.229359,0.303609
SG_007793,0,0.551464,0.16813,0.148904
SG_007794,1,0.589629,0.180548,0.155047
SG_007795,0,0.275529,0.11436,0.104946
SG_007796,0,0.437264,0.124543,0.170734
SG_007797,0,0.464007,0.144586,0.138338
SG_007798,0,0.398986,0.126663,0.140527
SG_007799,1,0.418036,0.146647,0.107609
SG_007802,1,0.891486,0.290694,0.282871
SG_007803,0,0.191036,0.10509,0.075811
SG_007806,0,0.4115,0.124834,0.152637
SG_007809,0,0.941593,0.313813,0.385045
SG_007810,1,0.843314,0.277869,0.235916
SG_007811,0,0.5048,0.152239,0.147225
SG_007812,0,0.745521,0.22237,0.214592
SG_007814,0,0.026086,0.072911,0.05
SG_007816,0,0.971993,0.351091,0.367308
SG_007819,0,0.5318,0.149824,0.169214
SG_007821,1,0.929179,0.316621,0.302169
SG_007825,0,0.724036,0.209803,0.214173
SG_007826,0,0.739307,0.231127,0.196797
SG_007827,0,0.488521,0.135815,0.173352
SG_007828,1,0.848536,0.27808,0.241553
SG_007829,0,0.92145,0.311777,0.296755
SG_007830,0,0.597107,0.16743,0.181667
SG_007831,0,0.027086,0.071816,0.058325
SG_007832,0,0.112564,0.089093,0.08516
SG_007833,0,0.103193,0.073793,0.120157
SG_007835,0,0.170107,0.098567,0.091829
SG_007837,0,0.6493,0.172728,0.213115
SG_007838,1,0.1717,0.096605,0.101529
SG_007840,1,0.749529,0.213496,0.235136
SG_007841,0,0.432636,0.125786,0.163089
SG_007843,0,0.211229,0.097665,0.122025
SG_007845,0,0.09995,0.083948,0.093761
SG_007847,1,0.807943,0.244772,0.246932
SG_007848,0,0.46675,0.117401,0.224156
SG_007850,0,0.214279,0.108606,0.08118
SG_007851,0,0.7899,0.254053,0.212995
SG_007852,1,0.796914,0.23152,0.258486
SG_007853,0,0.642921,0.231511,0.133056
SG_007854,0,0.520643,0.156261,0.149467
SG_007855,0,0.119357,0.094511,0.059793
SG_007856,0,0.174457,0.095495,0.10705
SG_007857,0,0.691043,0.221172,0.172609
SG_007859,0,0.5734,0.167132,0.165259
SG_007860,0,0.231471,0.102186,0.117866
SG_007861,1,0.185686,0.098608,0.102697
SG_007862,0,0.11255,0.080443,0.112394
SG_007863,0,0.260507,0.110356,0.109062
SG_007865,0,0.436143,0.123286,0.173821
SG_007867,0,0.287986,0.112394,0.119681
SG_007868,0,0.412443,0.142524,0.112414
SG_007869,0,0.323036,0.132433,0.072047
SG_007870,0,0.76585,0.26047,0.185375
SG_007871,0,0.042807,0.078258,0.052153
SG_007872,0,0.496464,0.141581,0.163611
SG_007873,0,0.411529,0.116797,0.179699
SG_007874,0,0.406393,0.122744,0.155489
SG_007877,0,0.271186,0.111179,0.113426
SG_007878,0,0.506536,0.121051,0.249358
SG_007879,1,0.731236,0.234677,0.186441
SG_007881,0,0.220486,0.09926,0.12217
SG_007882,1,0.54525,0.148196,0.182887
SG_007883,0,0.726043,0.239966,0.176651
SG_007885,0,0.532657,0.151113,0.167023
SG_007886,0,0.194743,0.090739,0.133417
SG_007887,0,0.470357,0.128727,0.181068
SG_007888,0,0.54735,0.177035,0.135157
SG_007890,1,0.975729,0.378902,0.311235
SG_007891,0,0.705693,0.216272,0.188996
SG_007893,0,0.380186,0.12548,0.132717
SG_007894,0,0.974864,0.378036,0.309969
SG_007895,0,0.8774,0.294229,0.253573
SG_007896,0,0.580579,0.158079,0.186682
SG_007900,0,0.103414,0.080435,0.106498
SG_007902,0,0.290564,0.118548,0.100149
SG_007903,0,0.728814,0.241252,0.177502
SG_007904,0,0.785657,0.228007,0.251075
SG_007905,0,0.162164,0.090249,0.116046
SG_007906,0,0.457836,0.145114,0.134053
SG_007907,0,0.502571,0.149822,0.150252
SG_007909,0,0.784679,0.260807,0.199931
SG_007911,0,0.171971,0.093828,0.11156
SG_007912,0,0.413543,0.125251,0.152435
SG_007913,0,0.032314,0.076308,0.038941
SG_007914,1,0.1636,0.091531,0.113337
SG_007915,0,0.388593,0.123313,0.143294
SG_007916,0,0.287893,0.111187,0.123306
SG_007917,0,0.468529,0.139081,0.151683
SG_007918,0,0.265743,0.116043,0.091397
SG_007919,0,0.933779,0.3341,0.275337
SG_007920,0,0.826664,0.255048,0.253703
SG_007921,1,0.822271,0.262488,0.235697
SG_007924,1,0.892986,0.304906,0.257568
SG_007925,0,0.927779,0.330118,0.271195
SG_007927,0,0.123943,0.08684,0.10127
SG_007928,0,0.739321,0.21822,0.2147
SG_007929,0,0.197479,0.101243,0.10039
SG_007930,0,0.562893,0.160903,0.167979
SG_007932,0,0.329064,0.11639,0.130136
SG_007934,0,0.322536,0.122539,0.107356
SG_007935,0,0.726386,0.179068,0.305093
SG_007936,0,0.525307,0.161806,0.143342
SG_007937,0,0.41615,0.124414,0.156634
SG_007938,0,0.108171,0.094051,0.035146
SG_007941,1,0.85715,0.283552,0.243791
SG_007942,0,0.721157,0.267737,0.148547
SG_007943,0,0.807836,0.256977,0.226939
SG_007944,1,0.493079,0.153163,0.139141
SG_007945,0,0.621929,0.193031,0.160979
SG_007949,1,0.19845,0.109272,0.052239
SG_007950,0,0.27645,0.100663,0.148592
SG_007951,0,0.695529,0.195425,0.212983
SG_007952,0,0.381264,0.113107,0.172956
SG_007953,0,0.282657,0.121633,0.079435
SG_007955,0,0.101286,0.093063,0.023303
SG_007956,0,0.576921,0.161144,0.177529
SG_007958,0,0.9251,0.322428,0.280445
SG_007959,0,0.956707,0.359224,0.28959
SG_007961,0,0.743771,0.249877,0.180146
SG_007962,0,0.2045,0.097308,0.11964
SG_007963,0,0.055164,0.076346,0.079998
SG_007966,0,0.540971,0.160659,0.153969
SG_007967,0,0.348843,0.122679,0.123225
SG_007968,0,0.181971,0.102107,0.083594
SG_007969,0,0.191643,0.085359,0.144671
SG_007970,0,0.04445,0.079804,0.037625
SG_007971,0,0.798879,0.267453,0.20483
SG_007972,1,0.869093,0.325695,0.206341
SG_007973,0,0.590179,0.18427,0.15099
SG_007974,0,0.398179,0.129092,0.134505
SG_007975,0,0.8331,0.274111,0.230574
SG_007976,0,0.068936,0.085069,0.046922
SG_007977,0,0.713379,0.212117,0.20049
SG_007978,0,0.433757,0.135107,0.1406
SG_007979,0,0.467207,0.137448,0.154977
SG_007981,0,0.205936,0.099818,0.111292
SG_007982,0,0.643429,0.177438,0.198364
SG_007983,0,0.896307,0.321634,0.239506
SG_007984,0,0.56285,0.155454,0.179382
SG_007986,0,0.555707,0.160666,0.163548
SG_007987,0,0.586293,0.167652,0.173242
SG_007988,1,0.509693,0.163249,0.132543
SG_007989,1,0.171364,0.095771,0.104352
SG_007990,0,0.273564,0.110385,0.117004
SG_007991,0,0.934,0.347055,0.260453
SG_007993,0,0.9555,0.327377,0.390441
SG_007994,1,0.995121,0.409691,0.40793
SG_007995,0,0.60015,0.146882,0.238398
SG_007997,0,0.231729,0.102072,0.118503
SG_008000,0,0.95535,0.336771,0.319845
SG_008001,0,0.62815,0.196012,0.160691
SG_008002,0,0.251943,0.105557,0.118969
SG_008003,0,0.122293,0.092339,0.079977
SG_008004,0,0.39955,0.120669,0.157705
SG_008005,0,0.713857,0.203867,0.214931
SG_008006,0,0.134336,0.087018,0.107543
SG_008007,0,0.100093,0.089325,0.07114
SG_008008,0,0.15665,0.095773,0.094334
SG_008009,0,0.303957,0.110792,0.133218
SG_008010,0,0.791529,0.226471,0.262366
SG_008011,0,0.59485,0.194553,0.142577
SG_008012,0,0.967943,0.378875,0.292902
SG_008013,0,0.365079,0.113003,0.162448
SG_008016,0,0.990729,0.395466,0.371605
SG_008017,0,0.541264,0.139647,0.20298
SG_008018,0,0.033293,0.073976,0.060699
SG_008019,1,0.276207,0.112119,0.113301
SG_008021,0,0.073214,0.083465,0.06887
SG_008022,1,0.152643,0.101147,0.049384
SG_008023,0,0.324343,0.12919,0.086725
SG_008024,1,0.959143,0.370118,0.282978
SG_008025,0,0.864443,0.300456,0.228323
SG_008027,1,0.682564,0.203726,0.188429
SG_008028,0,0.080514,0.069415,0.111946
SG_008029,0,0.083193,0.078328,0.098414
SG_008030,1,0.751243,0.229194,0.209734
SG_008031,0,0.282386,0.110758,0.121331
SG_008032,0,0.225521,0.092951,0.144592
SG_008034,0,0.3054,0.112389,0.129617
SG_008035,0,0.574043,0.167902,0.163765
SG_008036,0,0.644107,0.200462,0.164828
SG_008037,0,0.995871,0.449228,0.372016
SG_008038,0,0.568464,0.166812,0.162642
SG_008039,0,0.382257,0.124466,0.13721
SG_008040,0,0.270679,0.107712,0.123793
SG_008041,0,0.066721,0.078333,0.084916
SG_008042,0,0.832229,0.255683,0.260782
SG_008044,0,0.457821,0.137629,0.148783
SG_008045,0,0.921643,0.312679,0.294107
SG_008046,0,0.330207,0.1215,0.115042
SG_008047,0,0.710214,0.187048,0.247914
SG_008048,0,0.367914,0.129601,0.115333
SG_008049,0,0.578593,0.154077,0.194064
SG_008051,0,0.73265,0.208597,0.225285
SG_008052,0,0.987464,0.381889,0.375499
SG_008053,0,0.040271,0.075286,0.065815
SG_008054,0,0.852179,0.26476,0.271806
SG_008057,0,0.579429,0.176988,0.15328
SG_008059,0,0.014421,0.065856,0.053101
SG_008060,0,0.032829,0.070138,0.073248
SG_008061,0,0.568514,0.170832,0.155432
SG_008062,0,0.334829,0.100747,0.188036
SG_008063,0,0.553414,0.163217,0.157776
SG_008064,0,0.420357,0.149958,0.101999
SG_008065,0,0.328907,0.121578,0.114151
SG_008066,0,0.030893,0.067327,0.076344
SG_008068,1,0.983614,0.389197,0.330435
SG_008069,0,0.983286,0.378427,0.347552
SG_008070,0,0.073729,0.085106,0.057454
SG_008071,0,0.104729,0.091923,0.058104
SG_008072,0,0.7177,0.214477,0.201639
SG_008073,0,0.799493,0.270078,0.202787
SG_008075,0,0.153664,0.091973,0.105662
SG_008077,0,0.383921,0.133957,0.114669
SG_008078,0,0.2936,0.119016,0.100834
SG_008079,0,0.094507,0.081639,0.096668
SG_008080,1,0.952057,0.335849,0.31153
SG_008082,1,0.801643,0.234702,0.258741
SG_008083,0,0.818771,0.259648,0.235909
SG_008084,0,0.301329,0.125106,0.082222
SG_008085,0,0.659443,0.220911,0.151708
SG_008086,0,0.492814,0.117595,0.254506
SG_008087,0,0.678857,0.153582,0.522476
SG_008088,0,0.694936,0.192083,0.219605
SG_008089,0,0.230679,0.093068,0.147385
SG_008090,1,0.42785,0.131524,0.145427
SG_008092,1,0.910864,0.337815,0.238824
SG_008093,0,0.042264,0.071738,0.07957
SG_008094,1,0.383493,0.116254,0.162505
SG_008095,1,0.474729,0.149172,0.136281
SG_008096,1,0.983943,0.372279,0.377058
SG_008097,1,0.959307,0.339469,0.328434
SG_008098,0,0.560171,0.168543,0.153531
SG_008102,1,0.1561,0.100859,0.061346
SG_008103,0,0.729321,0.211499,0.215915
SG_008105,0,0.209093,0.105728,0.089512
SG_008106,0,0.281107,0.124164,0.063331
SG_008107,0,0.938079,0.325112,0.30266
SG_008108,0,0.057743,0.081457,0.055697
SG_008109,0,0.862571,0.258316,0.312816
SG_008110,0,0.767379,0.242394,0.206117
SG_008111,0,0.170357,0.089995,0.122112
SG_008112,0,0.107036,0.085797,0.092746
SG_008113,0,0.461779,0.132144,0.164749
SG_008114,0,0.135136,0.091411,0.094864
SG_008116,0,0.562521,0.158291,0.173462
SG_008119,1,0.682571,0.223804,0.163668
SG_008120,0,0.010314,0.066776,0.035272
SG_008121,0,0.529471,0.142532,0.184366
SG_008122,1,0.91895,0.345072,0.242022
SG_008123,0,0.031343,0.076112,0.037185
SG_008124,1,0.917521,0.329103,0.257209
SG_008125,0,0.834493,0.274176,0.231589
SG_008126,0,0.107,0.082145,0.103903
SG_008128,0,0.465729,0.14528,0.13799
SG_008129,0,0.727629,0.210706,0.215546
SG_008130,0,0.5953,0.167042,0.181087
SG_008132,0,0.8499,0.249684,0.310832
SG_008134,0,0.667193,0.171129,0.236705
SG_008135,0,0.946971,0.337623,0.296458
SG_008136,1,0.703907,0.209148,0.197442
SG_008138,0,0.145029,0.095213,0.086683
SG_008139,0,0.80155,0.242994,0.241766
SG_008142,1,0.991707,0.393394,0.39972
SG_008143,0,0.40915,0.134059,0.129408
SG_008144,0,0.711529,0.20339,0.21383
SG_008146,0,0.715936,0.207069,0.211656
SG_008147,0,0.545821,0.15618,0.165691
SG_008148,0,0.044643,0.068723,0.087688
SG_008149,1,0.977007,0.388664,0.307692
SG_008150,0,0.0242,0.073095,0.044554
SG_008151,0,0.014371,0.068487,0.042207
SG_008153,1,0.683271,0.215156,0.174417
SG_008154,0,0.74865,0.272727,0.162401
SG_008155,0,0.029407,0.069669,0.069423
SG_008157,1,0.972743,0.409434,0.288505
SG_008158,0,0.579157,0.183239,0.146043
SG_008159,0,0.715264,0.243761,0.165457
SG_008161,0,0.411564,0.12528,0.150905
SG_008162,0,0.859907,0.277475,0.258256
SG_008163,0,0.114429,0.089874,0.083818
SG_008165,0,0.711614,0.222271,0.186072
SG_008166,0,0.171264,0.09017,0.122044
SG_008168,0,0.814821,0.280999,0.20356
SG_008169,0,0.881186,0.30479,0.242074
SG_008170,0,0.513221,0.150508,0.155488
SG_008171,0,0.6435,0.169408,0.214967
SG_008172,0,0.05,0.077638,0.069888
SG_008173,0,0.978064,0.380059,0.317469
SG_008174,0,0.211136,0.102769,0.103127
SG_008177,0,0.524693,0.14741,0.169646
SG_008178,0,0.513164,0.128931,0.215485
SG_008179,1,0.897207,0.294864,0.284912
SG_008180,1,0.461693,0.141465,0.142673
SG_008181,0,0.775561,0.225471,0.242642
SG_008182,1,0.029379,0.071185,0.065384
SG_008184,0,0.7006,0.20376,0.203392
SG_008185,0,0.554264,0.171215,0.146327
SG_008186,1,0.218757,0.111824,0.066689
SG_008187,0,0.925486,0.318837,0.288525
SG_008189,0,0.930343,0.309698,0.329425
SG_008190,0,0.144164,0.095913,0.082713
SG_008194,0,0.270157,0.099043,0.150081
SG_008196,0,0.718821,0.218655,0.196165
SG_008197,0,0.102557,0.083006,0.098338
SG_008198,0,0.600921,0.168383,0.181844
SG_008199,0,0.846986,0.258374,0.277212
SG_008200,0,0.425871,0.139883,0.126175
SG_008201,0,0.669,0.201548,0.181187
SG_008203,0,0.058664,0.070617,0.096118
SG_008204,0,0.36795,0.121708,0.136286
SG_008205,1,0.809393,0.24026,0.25724
SG_008206,1,0.420586,0.122426,0.165809
SG_008207,0,0.869257,0.304477,0.228499
SG_008208,0,0.644543,0.181439,0.192578
SG_008209,0,0.488157,0.147161,0.146985
SG_008210,0,0.246429,0.106139,0.113539
SG_008211,1,0.802829,0.241571,0.245678
SG_008212,0,0.393607,0.137264,0.113213
SG_008214,0,0.704036,0.194956,0.222982
SG_008215,1,0.805493,0.246784,0.241072
SG_008216,0,0.146543,0.0922,0.100411
SG_008218,0,0.634171,0.181736,0.184243
SG_008219,1,0.704229,0.233508,0.168187
SG_008220,0,0.569964,0.165479,0.165136
SG_008221,0,0.164193,0.090133,0.117731
SG_008222,0,0.020971,0.064426,0.069742
SG_008223,0,0.592914,0.171178,0.171385
SG_008225,0,0.481207,0.141866,0.153109
SG_008226,0,0.0615,0.083247,0.047033
SG_008227,0,0.475514,0.156507,0.124168
SG_008230,0,0.059143,0.082205,0.052302
SG_008231,0,0.351307,0.119057,0.135127
SG_008232,0,0.749479,0.247799,0.186185
SG_008233,1,0.621421,0.168047,0.198408
SG_008234,1,0.806357,0.263968,0.215725
SG_008235,0,0.332864,0.11084,0.149017
SG_008236,1,0.9268,0.336499,0.260969
SG_008238,0,0.170793,0.096979,0.09982
SG_008239,0,0.062407,0.07921,0.077232
SG_008240,0,0.474114,0.142781,0.146948
SG_008241,0,0.116957,0.081619,0.111539
SG_008243,1,0.70885,0.209603,0.200495
SG_008244,0,0.483929,0.142814,0.152565
SG_008245,0,0.359629,0.112915,0.159036
SG_008247,0,0.822843,0.237817,0.286194
SG_008250,0,0.383007,0.108496,0.192351
SG_008251,0,0.651186,0.196958,0.174892
SG_008252,0,0.416364,0.125176,0.154569
SG_008254,1,0.59025,0.158502,0.193393
SG_008255,0,0.655279,0.174472,0.214821
SG_008256,0,0.94445,0.329636,0.306092
SG_008258,1,0.968086,0.34565,0.358361
SG_008259,1,0.773643,0.249637,0.203878
SG_008260,0,0.879929,0.284062,0.276619
SG_008262,1,0.879293,0.286714,0.270248
SG_008263,1,0.701671,0.196939,0.215618
SG_008266,0,0.086214,0.071582,0.113038
SG_008267,0,0.161314,0.092956,0.107602
SG_008268,0,0.135993,0.088532,0.104409
SG_008269,0,0.490293,0.145289,0.15153
SG_008270,1,0.547657,0.153588,0.172286
SG_008271,0,0.203207,0.100685,0.106346
SG_008272,1,0.952121,0.329798,0.332763
SG_008273,0,0.346271,0.109234,0.16319
SG_008274,0,0.638064,0.195182,0.168155
SG_008275,0,0.217564,0.106058,0.095004
SG_008276,1,0.651521,0.178577,0.203814
SG_008277,0,0.178293,0.099334,0.094628
SG_008278,0,0.298393,0.110225,0.132028
SG_008279,0,0.415464,0.126587,0.149956
SG_008280,0,0.754871,0.216761,0.235146
SG_008282,0,0.739536,0.235497,0.191781
SG_008284,0,0.531936,0.170408,0.135212
SG_008285,0,0.816957,0.245252,0.258832
SG_008286,1,0.803957,0.241059,0.247971
SG_008288,0,0.328543,0.109453,0.150588
SG_008289,0,0.157414,0.096976,0.089526
SG_008290,0,0.634957,0.190583,0.17352
SG_008292,1,0.918171,0.300269,0.319919
SG_008295,1,0.329171,0.108931,0.153143
SG_008297,0,0.706993,0.201809,0.211639
SG_008299,0,0.726221,0.183838,0.283555
SG_008300,0,0.7956,0.24915,0.225812
SG_008301,0,0.703693,0.195293,0.221366
SG_008302,1,0.527693,0.152696,0.160822
SG_008303,0,0.491836,0.147754,0.147932
SG_008304,0,0.351829,0.138253,0.078534
SG_008305,0,0.383086,0.135963,0.109456
SG_008306,1,0.570036,0.136413,0.24634
SG_008307,1,0.323343,0.120956,0.112961
SG_008308,0,0.784779,0.273704,0.186547
SG_008311,0,0.45325,0.140149,0.140823
SG_008313,0,0.79155,0.215367,0.296384
SG_008314,1,0.8605,0.256145,0.317914
SG_008315,0,0.871186,0.269176,0.299316
SG_008319,0,0.864829,0.282187,0.256802
SG_008320,0,0.124321,0.091272,0.086265
SG_008321,1,0.431807,0.140393,0.128533
SG_008322,0,0.776,0.257649,0.196153
SG_008323,0,0.525714,0.158648,0.148491
SG_008324,1,0.279864,0.107106,0.130571
SG_008325,1,0.792936,0.254694,0.215066
SG_008326,0,0.398829,0.125661,0.142877
SG_008328,0,0.01315,0.062246,0.059321
SG_008329,0,0.394257,0.119756,0.15734
SG_008331,0,0.306107,0.102718,0.159164
SG_008332,0,0.643371,0.186891,0.183757
SG_008334,0,0.392429,0.126099,0.138408
SG_008335,0,0.775464,0.210981,0.276127
SG_008337,0,0.002457,0.057353,0.03307
SG_008338,0,0.162364,0.098732,0.083908
SG_008339,1,0.817043,0.225523,0.319029
SG_008340,0,0.197379,0.095314,0.12184
SG_008341,1,0.388079,0.126261,0.135694
SG_008342,0,0.160307,0.102601,0.045782
SG_008343,0,0.204771,0.105298,0.088275
SG_008344,0,0.635357,0.183824,0.182426
SG_008346,0,0.351671,0.123022,0.123623
SG_008348,0,0.240271,0.101636,0.125268
SG_008349,0,0.234086,0.10351,0.114889
SG_008350,1,0.400086,0.116377,0.173387
SG_008351,0,0.397986,0.133884,0.12364
SG_008352,0,0.728507,0.220418,0.202375
SG_008353,0,0.589157,0.167812,0.174894
SG_008354,0,0.858829,0.27271,0.2673
SG_008356,0,0.164171,0.095913,0.099116
SG_008357,0,0.266121,0.112739,0.104402
SG_008363,0,0.874664,0.301009,0.240084
SG_008364,0,0.827157,0.25974,0.245498
SG_008367,1,0.964357,0.339578,0.362365
SG_008368,0,0.166079,0.09467,0.104567
SG_008369,0,0.670157,0.187281,0.204731
SG_008370,0,0.804929,0.274139,0.202616
SG_008371,0,0.917829,0.303738,0.307756
SG_008372,0,0.603343,0.155022,0.213232
SG_008373,0,0.648829,0.178649,0.201097
SG_008374,0,0.352821,0.124669,0.120228
SG_008377,0,0.484014,0.149491,0.140355
SG_008378,0,0.346886,0.118117,0.134986
SG_008379,1,0.3177,0.114771,0.129001
SG_008380,0,0.076779,0.079992,0.088493
SG_008381,0,0.476564,0.134774,0.167551
SG_008384,0,0.906921,0.308372,0.274255
SG_008385,0,0.477,0.123403,0.20475
SG_008386,0,0.9601,0.348014,0.310085
SG_008387,0,0.235093,0.107731,0.101667
SG_008390,0,0.219971,0.09752,0.127518
SG_008391,0,0.114843,0.093261,0.064971
SG_008393,0,0.772793,0.201829,0.306981
SG_008394,0,0.7613,0.251629,0.19128
SG_008395,0,0.572707,0.16262,0.171991
SG_008397,0,0.540836,0.153101,0.168375
SG_008398,0,0.151371,0.092727,0.102037
SG_008399,0,0.499321,0.136193,0.18028
SG_008400,0,0.023786,0.07295,0.043616
SG_008401,0,0.297071,0.116469,0.110869
SG_008403,1,0.34465,0.10991,0.159889
SG_008404,1,0.981643,0.404269,0.310195
SG_008405,0,0.329093,0.104707,0.167247
SG_008406,0,0.067971,0.067555,0.106109
SG_008407,0,0.936057,0.347427,0.263708
SG_008408,0,0.580871,0.211083,0.116109
SG_008409,0,0.937107,0.317746,0.320336
SG_008411,0,0.780729,0.228718,0.242522
SG_008412,1,0.939057,0.326215,0.302627
SG_008414,0,0.94905,0.332797,0.311734
SG_008415,0,0.771321,0.236513,0.218028
SG_008416,0,0.910121,0.30298,0.292033
SG_008418,0,0.4267,0.115365,0.197723
SG_008419,0,0.17885,0.0857,0.1373
SG_008421,0,0.816264,0.242816,0.262447
SG_008423,0,0.201707,0.101756,0.100946
SG_008424,0,0.124779,0.091591,0.085478
SG_008425,0,0.717121,0.230022,0.180969
SG_008426,0,0.197307,0.104456,0.085322
SG_008427,1,0.541007,0.158971,0.157271
SG_008428,0,0.410571,0.134061,0.130269
SG_008429,0,0.063107,0.080646,0.071738
SG_008430,0,0.274836,0.101071,0.146571
SG_008431,1,0.791707,0.22367,0.269252
SG_008432,0,0.336714,0.110647,0.152138
SG_008433,0,0.285307,0.122976,0.075747
SG_008434,0,0.985671,0.373236,0.403331
SG_008436,0,0.241179,0.099943,0.131509
SG_008437,0,0.249293,0.104332,0.12145
SG_008438,0,0.486664,0.125708,0.20389
SG_008439,0,0.561736,0.165329,0.160162
SG_008445,0,0.429,0.144291,0.119036
SG_008446,0,0.941714,0.331582,0.297038
SG_008447,0,0.3364,0.112606,0.145579
SG_008448,0,0.78715,0.237017,0.235515
SG_008450,0,0.492764,0.137351,0.172334
SG_008451,0,0.28225,0.115459,0.105192
SG_008453,0,0.080336,0.088059,0.039091
SG_008454,0,0.035607,0.078099,0.023491
SG_008455,1,0.663879,0.186947,0.199669
SG_008456,0,0.297807,0.113872,0.120377
SG_008458,1,0.058221,0.070435,0.095987
SG_008460,0,0.284407,0.113167,0.114406
SG_008461,0,0.776136,0.235642,0.224828
SG_008463,0,0.213893,0.106067,0.09199
SG_008464,0,0.664943,0.194835,0.188412
SG_008465,0,0.705543,0.173545,0.284865
SG_008466,0,0.041707,0.07471,0.070674
SG_008469,1,0.941171,0.337748,0.283819
SG_008470,1,0.682557,0.185617,0.219608
SG_008471,1,0.725771,0.205218,0.224792
SG_008472,1,0.668386,0.192135,0.195294
SG_008473,0,0.416,0.12157,0.165325
SG_008474,0,0.1936,0.094042,0.123685
SG_008475,0,0.772843,0.255144,0.196661
SG_008476,0,0.4031,0.116745,0.174086
SG_008477,0,0.785736,0.230653,0.244585
SG_008479,0,0.645564,0.173255,0.208056
SG_008480,0,0.750043,0.234958,0.200947
SG_008481,0,0.962036,0.341975,0.332832
SG_008483,0,0.413993,0.121271,0.165274
SG_008486,0,0.0895,0.076541,0.106309
SG_008487,0,0.036729,0.067159,0.08297
SG_008488,0,0.697643,0.208676,0.193047
SG_008489,0,0.797757,0.247163,0.231692
SG_008490,0,0.475829,0.144804,0.144248
SG_008491,0,0.924143,0.316842,0.290122
SG_008492,0,0.709407,0.191039,0.239368
SG_008493,0,0.678229,0.191712,0.204906
SG_008495,0,0.354771,0.110932,0.162829
SG_008496,0,0.107757,0.087501,0.086778
SG_008499,0,0.713921,0.184755,0.260578
SG_008502,1,0.40755,0.133957,0.12864
SG_008503,0,0.628564,0.167768,0.205358
SG_008505,0,0.29325,0.110877,0.127129
SG_008507,0,0.537971,0.155622,0.162008
SG_008508,0,0.36065,0.120202,0.136746
SG_008509,0,0.534893,0.143313,0.186719
SG_008510,0,0.842757,0.267641,0.252827
SG_008511,0,0.215571,0.096735,0.127903
SG_008513,0,0.361807,0.140209,0.081526
SG_008515,0,0.214836,0.100451,0.114391
SG_008516,0,0.033579,0.068752,0.076544
SG_008518,0,0.486579,0.150192,0.140608
SG_008519,1,0.769257,0.236187,0.216817
SG_008520,0,0.998864,0.448428,0.470349
SG_008521,1,0.771129,0.242881,0.209293
SG_008523,0,0.2997,0.105653,0.145156
SG_008524,0,0.326057,0.117111,0.126123
SG_008525,1,0.653429,0.203367,0.167761
SG_008526,0,0.525629,0.149926,0.164839
SG_008528,0,0.547171,0.157776,0.163422
SG_008530,0,0.492743,0.155265,0.135708
SG_008532,0,0.420971,0.123613,0.16241
SG_008533,0,0.566571,0.158052,0.176629
SG_008537,0,0.6986,0.192271,0.22304
SG_008539,0,0.391557,0.131003,0.126683
SG_008540,0,0.625007,0.160361,0.21933
SG_008543,1,0.483421,0.129371,0.188042
SG_008544,1,0.947779,0.367532,0.265643
SG_008546,0,0.241757,0.106077,0.111005
SG_008548,0,0.329729,0.12494,0.104704
SG_008552,0,0.678321,0.192533,0.203434
SG_008554,0,0.341314,0.123201,0.116764
SG_008556,1,0.8564,0.288192,0.235676
SG_008558,0,0.845,0.286479,0.225529
SG_008559,0,0.916229,0.31277,0.282647
SG_008560,0,0.778786,0.209993,0.287141
SG_008562,1,0.842921,0.30504,0.202412
SG_008563,1,0.937979,0.355267,0.259976
SG_008566,0,0.591218,0.155997,0.200185
SG_008567,0,0.341014,0.121834,0.120873
SG_008571,0,0.208679,0.095175,0.128596
SG_008573,0,0.627864,0.174842,0.190466
SG_008578,0,0.507193,0.123245,0.236937
SG_008579,0,0.781,0.221477,0.258732
SG_008581,0,0.139807,0.092082,0.096071
SG_008582,0,0.755193,0.219997,0.22871
SG_008583,1,0.890614,0.287698,0.287953
SG_008584,0,0.703579,0.224567,0.177819
SG_008585,0,0.039693,0.065982,0.086808
SG_008587,0,0.741836,0.239295,0.188729
SG_008588,0,0.694586,0.183745,0.237813
SG_008589,0,0.54375,0.149287,0.179469
SG_008590,0,0.702843,0.206181,0.20115
SG_008591,0,0.644571,0.183792,0.189132
SG_008592,0,0.1111,0.091919,0.069328
SG_008593,0,0.551264,0.174256,0.140631
SG_008595,0,0.886721,0.276816,0.311275
SG_008596,1,0.917457,0.371902,0.223723
SG_008597,0,0.752264,0.210936,0.242485
SG_008599,0,0.641464,0.185966,0.183698
SG_008601,1,0.739771,0.205569,0.240466
SG_008602,0,0.341921,0.101779,0.188397
SG_008603,0,0.990679,0.445303,0.333189
SG_008604,0,0.406221,0.12331,0.153461
SG_008605,0,0.6147,0.159648,0.211382
SG_008606,0,0.9361,0.354146,0.258577
SG_008607,0,0.029221,0.07251,0.059899
SG_008608,0,0.050579,0.065455,0.096545
SG_008609,0,0.488707,0.163904,0.120039
SG_008610,0,0.839593,0.302296,0.202508
SG_008611,1,0.887521,0.295474,0.266105
SG_008612,0,0.938279,0.338033,0.277041
SG_008613,0,0.864414,0.274064,0.272426
SG_008616,0,0.03885,0.077641,0.047473
SG_008618,0,0.692821,0.199984,0.202082
SG_008619,0,0.763393,0.236384,0.210809
SG_008620,0,0.860714,0.325862,0.199131
SG_008621,0,0.46055,0.147823,0.130534
SG_008622,0,0.0252,0.069137,0.065058
SG_008623,0,0.320679,0.113064,0.135831
SG_008625,0,0.835121,0.255403,0.265872
SG_008626,0,0.139707,0.096476,0.074644
SG_008627,0,0.624857,0.16177,0.215521
SG_008628,0,0.740936,0.244729,0.183053
SG_008629,0,0.881071,0.291692,0.263143
SG_008631,0,0.136014,0.096875,0.067131
SG_008632,0,0.707229,0.195394,0.224872
SG_008633,0,0.632479,0.172469,0.198702
SG_008634,0,0.086286,0.086294,0.070064
SG_008637,0,0.335014,0.116874,0.131826
SG_008638,0,0.538057,0.152932,0.166939
SG_008640,1,0.882336,0.280736,0.289892
SG_008641,0,0.240257,0.112521,0.086112
SG_008642,0,0.188843,0.093692,0.122221
SG_008643,0,0.750314,0.21419,0.235108
SG_008644,1,0.7511,0.245378,0.189781
SG_008647,0,0.30665,0.117773,0.112519
SG_008648,0,0.872729,0.293848,0.247761
SG_008649,0,0.602857,0.186148,0.156581
SG_008651,1,0.685457,0.21026,0.181552
SG_008652,1,0.740064,0.226015,0.20465
SG_008654,0,0.43685,0.148828,0.114767
SG_008655,1,0.811521,0.239496,0.261821
SG_008656,0,0.720307,0.209958,0.210331
SG_008657,0,0.977786,0.358552,0.399038
SG_008658,0,0.678136,0.185725,0.214912
SG_008659,0,0.755607,0.23758,0.2026
SG_008660,0,0.676457,0.190281,0.205785
SG_008661,1,0.784071,0.235293,0.234963
SG_008662,1,0.310643,0.104586,0.155373
SG_008663,1,0.815736,0.252006,0.244451
SG_008664,1,0.893079,0.289822,0.288436
SG_008665,0,0.233671,0.098172,0.132752
SG_008666,0,0.015014,0.065352,0.056983
SG_008667,0,0.130386,0.092593,0.086738
SG_008668,0,0.7945,0.225806,0.26865
SG_008670,1,0.7691,0.25463,0.194295
SG_008672,0,0.131786,0.093621,0.082946
SG_008673,0,0.25775,0.107117,0.117648
SG_008674,0,0.976064,0.364283,0.345131
SG_008675,0,0.162593,0.089364,0.119105
SG_008676,0,0.365036,0.098974,0.223715
SG_008677,0,0.259171,0.117212,0.078691
SG_008678,0,0.048929,0.078301,0.064874
SG_008679,1,0.976914,0.362804,0.354759
SG_008680,0,0.656043,0.168585,0.230771
SG_008681,0,0.373186,0.116889,0.153102
SG_008682,0,0.341357,0.115443,0.139771
SG_008683,0,0.518486,0.140519,0.182013
SG_008684,0,0.883671,0.289923,0.270373
SG_008685,0,0.279014,0.10964,0.122571
SG_008686,0,0.668364,0.171865,0.236267
SG_008687,0,0.084829,0.086271,0.068292
SG_008688,0,0.096471,0.081461,0.098475
SG_008690,0,0.644043,0.17456,0.204522
SG_008692,0,0.267914,0.10945,0.116354
SG_008694,0,0.325843,0.112934,0.13905
SG_008695,0,0.451129,0.118178,0.20521
SG_008696,1,0.831307,0.263471,0.245006
SG_008697,0,0.652164,0.186012,0.191896
SG_008698,0,0.580529,0.174251,0.157947
SG_008699,0,0.995893,0.406496,0.470007
SG_008700,0,0.847879,0.282984,0.234153
SG_008701,0,0.081957,0.087328,0.05291
SG_008702,0,0.98505,0.37354,0.384487
SG_008703,0,0.935929,0.311267,0.355044
SG_008704,0,0.102179,0.087566,0.081282
SG_008705,0,0.185021,0.089591,0.131346
SG_008706,1,0.272421,0.103834,0.136221
SG_008707,0,0.970282,0.391283,0.290353
SG_008709,0,0.036329,0.075717,0.055575
SG_008710,0,0.777721,0.234934,0.22767
SG_008711,0,0.259343,0.111724,0.103907
SG_008712,0,0.301014,0.11331,0.124004
SG_008713,0,0.296993,0.10431,0.148123
SG_008715,0,0.223757,0.098959,0.124675
SG_008716,0,0.232721,0.097677,0.1339
SG_008717,0,0.288814,0.110105,0.126979
SG_008718,0,0.3048,0.113964,0.124151
SG_008719,0,0.753807,0.227714,0.21482
SG_008720,0,0.412793,0.122557,0.160566
SG_008721,0,0.877971,0.294957,0.253194
SG_008722,0,0.335507,0.124653,0.10954
SG_008723,1,0.707321,0.214176,0.193283
SG_008724,1,0.715371,0.210501,0.20475
SG_008725,1,0.177829,0.088309,0.130353
SG_008728,0,0.988907,0.407934,0.337995
SG_008730,0,0.974414,0.372308,0.315501
SG_008731,1,0.243886,0.100437,0.131529
SG_008732,0,0.122407,0.08636,0.101803
SG_008733,0,0.301471,0.108416,0.138868
SG_008736,0,0.632993,0.179362,0.18698
SG_008738,0,0.549386,0.154991,0.170601
SG_008740,0,0.077721,0.074113,0.10362
SG_008741,1,0.672329,0.189014,0.204412
SG_008742,0,0.747993,0.21469,0.231111
SG_008743,0,0.8964,0.304278,0.26451
SG_008744,0,0.118521,0.088159,0.093771
SG_008746,1,0.6618,0.197048,0.182247
SG_008747,0,0.551457,0.148678,0.186176
SG_008748,0,0.394807,0.124603,0.14367
SG_008750,0,0.226436,0.097723,0.130334
SG_008751,0,0.471429,0.127766,0.184584
SG_008752,0,0.3795,0.125607,0.13223
SG_008753,0,0.560421,0.156128,0.176141
SG_008754,0,0.954786,0.325423,0.421885
SG_008756,1,0.840871,0.283882,0.224375
SG_008757,0,0.408214,0.152013,0.087947
SG_008758,0,0.191093,0.096734,0.113636
SG_008760,0,0.981657,0.382036,0.329181
SG_008761,0,0.748364,0.223709,0.215163
SG_008762,0,0.341607,0.118284,0.131479
SG_008763,1,0.044636,0.077131,0.064316
SG_008764,0,0.4838,0.13432,0.174296
SG_008765,0,0.9035,0.293799,0.301429
SG_008767,0,0.43595,0.123385,0.173234
SG_008768,1,0.208757,0.099827,0.113057
SG_008772,0,0.237807,0.10386,0.116168
SG_008775,0,0.098836,0.076887,0.111855
SG_008778,1,0.909857,0.313657,0.269503
SG_008779,0,0.726471,0.205436,0.224911
SG_008781,0,0.153643,0.0825,0.130845
SG_008783,0,0.713436,0.209728,0.20465
SG_008786,0,0.853464,0.304587,0.212137
SG_008788,1,0.879757,0.286767,0.270805
SG_008790,1,0.292229,0.114089,0.115969
SG_008791,0,0.232943,0.108824,0.096345
SG_008792,0,0.151343,0.099859,0.062962
SG_008794,0,0.349121,0.130711,0.101258
SG_008795,0,0.151064,0.091995,0.104036
SG_008796,0,0.3338,0.108499,0.157282
SG_008797,0,0.037014,0.077123,0.047592
SG_008799,1,0.736979,0.184912,0.303431
SG_008800,0,0.12165,0.095171,0.057109
SG_008801,1,0.140136,0.097381,0.068261
SG_008802,0,0.423471,0.132101,0.141542
SG_008803,0,0.422957,0.13272,0.140125
SG_008804,0,0.245279,0.115714,0.073017
SG_008805,1,0.667771,0.186402,0.204329
SG_008806,0,0.682993,0.186536,0.217714
SG_008807,0,0.480093,0.130964,0.181621
SG_008808,1,0.758879,0.238417,0.20387
SG_008809,0,0.621507,0.198056,0.153013
SG_008811,0,0.668743,0.152599,0.342955
SG_008812,0,0.775029,0.248192,0.2063
SG_008813,0,0.771221,0.255,0.195335
SG_008814,1,0.891257,0.305591,0.254279
SG_008815,0,0.400057,0.122898,0.150729
SG_008817,0,0.697714,0.160922,0.391963
SG_008818,1,0.928371,0.311945,0.311799
SG_008819,0,0.682843,0.194412,0.204332
SG_008820,0,0.671286,0.186092,0.207721
SG_008821,1,0.159186,0.089816,0.11544
SG_008822,1,0.309371,0.11599,0.120307
SG_008826,0,0.769279,0.234827,0.218999
SG_008827,0,0.408671,0.128281,0.142312
SG_008829,0,0.172021,0.081398,0.143326
SG_008830,0,0.513871,0.153379,0.150395
SG_008831,0,0.945921,0.332991,0.303448
SG_008832,0,0.443879,0.124782,0.174774
SG_008833,0,0.078843,0.0824,0.080568
SG_008834,0,0.756829,0.231716,0.211366
SG_008835,1,0.747943,0.245412,0.187178
SG_008837,0,0.81515,0.270583,0.21632
SG_008838,0,0.785121,0.243278,0.222603
SG_008842,0,0.043514,0.069116,0.086057
SG_008846,0,0.56625,0.170697,0.154294
SG_008847,0,0.237607,0.116286,0.054621
SG_008848,0,0.168557,0.10083,0.078113
SG_008851,1,0.285979,0.110508,0.124082
SG_008852,0,0.537329,0.152123,0.167666
SG_008854,0,0.745457,0.191614,0.293976
SG_008856,1,0.940893,0.36114,0.260061
SG_008857,0,0.298157,0.105609,0.144465
SG_008858,0,0.523586,0.15825,0.147999
SG_008860,1,0.66095,0.198701,0.179095
SG_008861,0,0.840529,0.250812,0.285792
SG_008863,1,0.384314,0.137018,0.107798
SG_008868,1,0.659464,0.180389,0.20672
SG_008870,0,0.481343,0.149327,0.139373
SG_008871,0,0.967929,0.374032,0.297865
SG_008872,0,0.654236,0.182766,0.198876
SG_008873,0,0.302021,0.113968,0.122557
SG_008874,0,0.125364,0.080673,0.119411
SG_008875,0,0.4414,0.132819,0.150159
SG_008877,0,0.301129,0.112133,0.127613
SG_008878,0,0.109943,0.082653,0.104159
SG_008879,0,0.255871,0.108573,0.112273
SG_008880,1,0.459821,0.16439,0.100952
SG_008882,0,0.233314,0.103892,0.113583
SG_008884,0,0.774879,0.210951,0.27519
SG_008885,0,0.767893,0.206121,0.28056
SG_008886,1,0.528329,0.155433,0.155596
SG_008887,0,0.029857,0.075187,0.041934
SG_008890,0,0.714686,0.218676,0.192758
SG_008891,1,0.628436,0.17662,0.187674
SG_008892,0,0.697407,0.214961,0.184583
SG_008893,1,0.383964,0.136332,0.109455
SG_008894,0,0.805093,0.248671,0.237871
SG_008896,0,0.087886,0.083751,0.084004
SG_008898,0,0.562,0.164289,0.162094
SG_008899,1,0.353207,0.118851,0.136616
SG_008900,0,0.528521,0.152956,0.160806
SG_008902,0,0.944336,0.348183,0.275553
SG_008903,1,0.733657,0.217121,0.211572
SG_008904,1,0.469979,0.135911,0.160599
SG_008906,0,0.081221,0.079743,0.092821
SG_008909,0,0.348321,0.126572,0.111929
SG_008911,1,0.792207,0.241508,0.233399
SG_008912,1,0.77895,0.244092,0.21523
SG_008915,0,0.397829,0.122555,0.150642
SG_008916,1,0.380229,0.133763,0.113434
SG_008918,0,0.919071,0.296717,0.346462
SG_008921,0,0.102064,0.090845,0.062967
SG_008922,0,0.761814,0.234399,0.212679
SG_008923,0,0.084043,0.084772,0.075973
SG_008924,0,0.4379,0.144232,0.124365
SG_008928,0,0.655586,0.232296,0.139442
SG_008929,1,0.341943,0.116434,0.137007
SG_008931,0,0.051179,0.080381,0.053034
SG_008933,0,0.966364,0.388194,0.284887
SG_008935,0,0.479793,0.142174,0.15131
SG_008936,0,0.086079,0.077807,0.101523
SG_008938,0,0.1785,0.093403,0.116639
SG_008939,1,0.86725,0.287176,0.250941
SG_008941,0,0.864243,0.281007,0.258593
SG_008942,0,0.609114,0.173114,0.179508
SG_008944,0,0.491357,0.130115,0.191998
SG_008945,1,0.460514,0.12852,0.174567
SG_008946,0,0.768086,0.226936,0.231316
SG_008948,0,0.967786,0.372736,0.298676
SG_008949,0,0.23965,0.107204,0.106214
SG_008950,0,0.956629,0.353088,0.296754
SG_008951,0,0.322079,0.117798,0.12168
SG_008952,0,0.500136,0.154377,0.140914
SG_008953,0,0.48385,0.130045,0.186474
SG_008954,1,0.7096,0.224265,0.182594
SG_008956,0,0.943086,0.34304,0.280247
SG_008957,0,0.333529,0.128043,0.098232
SG_008958,1,0.662257,0.186595,0.198899
SG_008959,0,0.740064,0.205606,0.240648
SG_008961,1,0.833157,0.251841,0.270039
SG_008963,0,0.897457,0.281987,0.327081
SG_008967,0,0.40125,0.137819,0.116435
SG_008968,1,0.9424,0.341301,0.281203
SG_008969,0,0.897543,0.276726,0.379906
SG_008970,1,0.950029,0.343706,0.293206
SG_008973,0,0.174179,0.100344,0.08655
SG_008974,1,0.915686,0.322579,0.264599
SG_008975,1,0.907307,0.304467,0.282608
SG_008977,0,0.720371,0.217686,0.198704
SG_008979,1,0.192536,0.095287,0.118911
SG_008980,0,0.483114,0.12499,0.204016
SG_008981,0,0.462479,0.132142,0.165255
SG_008982,1,0.249093,0.115075,0.081211
SG_008984,1,0.880229,0.287341,0.269548
SG_008985,1,0.485407,0.141955,0.15545
SG_008986,0,0.056743,0.07757,0.077771
SG_008987,0,0.29585,0.114259,0.117855
SG_008988,0,0.11685,0.087951,0.092815
SG_008991,0,0.730914,0.239369,0.180756
SG_008992,0,0.079421,0.068532,0.112409
SG_008993,1,0.265907,0.107061,0.122765
SG_008995,0,0.310636,0.098919,0.177803
SG_008997,1,0.901529,0.282631,0.345865
SG_009000,0,0.317829,0.11736,0.120756
SG_009002,0,0.510236,0.156809,0.14272
SG_009003,0,0.553079,0.159697,0.163636
SG_009004,1,0.945279,0.336079,0.295667
SG_009007,0,0.213371,0.092513,0.139147
SG_009008,0,0.875564,0.284606,0.26809
SG_009009,0,0.943314,0.329389,0.303915
SG_009010,0,0.758029,0.245533,0.195069
SG_009012,0,0.219479,0.102073,0.11121
SG_009013,0,0.217307,0.094187,0.136271
SG_009014,0,0.705557,0.196105,0.221619
SG_009015,0,0.2308,0.098415,0.130756
SG_009016,0,0.039,0.070516,0.078679
SG_009019,0,0.7386,0.211115,0.226294
SG_009020,0,0.445093,0.144758,0.127463
SG_009021,0,0.038643,0.073696,0.070627
SG_009022,0,0.875443,0.299153,0.242611
SG_009023,0,0.250143,0.09803,0.142471
SG_009024,1,0.998921,0.486886,0.438847
SG_009025,0,0.817443,0.252627,0.245558
SG_009026,0,0.469143,0.149044,0.133253
SG_009027,0,0.852421,0.279074,0.245062
SG_009028,1,0.840936,0.268078,0.249087
SG_009029,0,0.574929,0.179388,0.147769
SG_009030,0,0.293886,0.101096,0.157931
SG_009031,0,0.952614,0.33425,0.318668
SG_009033,0,0.043093,0.069245,0.085273
SG_009035,0,0.0987,0.074029,0.116714
SG_009036,0,0.060371,0.081077,0.064728
SG_009037,0,0.638943,0.1965,0.166741
SG_009038,1,0.739121,0.245965,0.180663
SG_009039,1,0.656386,0.257984,0.1198
SG_009040,0,0.422464,0.123713,0.162868
SG_009041,0,0.508036,0.144914,0.163981
SG_009042,0,0.589864,0.155657,0.199752
SG_009044,0,0.187086,0.093448,0.121936
SG_009045,0,0.738521,0.203023,0.244281
SG_009046,1,0.676429,0.217659,0.166062
SG_009049,0,0.474636,0.123128,0.204255
SG_009050,0,0.989507,0.398598,0.352456
SG_009051,0,0.929329,0.348231,0.252948
SG_009052,0,0.510714,0.153398,0.148545
SG_009054,1,0.919057,0.318544,0.27631
SG_009056,0,0.412929,0.133494,0.132647
SG_009057,0,0.6949,0.166161,0.30221
SG_009059,0,0.190721,0.098085,0.107773
SG_009060,0,0.247621,0.099969,0.135064
SG_009061,0,0.5148,0.142008,0.17537
SG_009062,0,0.175771,0.090553,0.123355
SG_009066,1,0.1603,0.098855,0.081194
SG_009067,0,0.889757,0.321796,0.231325
SG_009068,0,0.428471,0.135563,0.13686
SG_009071,1,0.675136,0.173949,0.238236
SG_009073,0,0.201379,0.093823,0.128872
SG_009074,0,0.2142,0.105448,0.095118
SG_009076,0,0.63,0.175585,0.190553
SG_009077,0,0.704143,0.166217,0.333405
SG_009078,0,0.627179,0.173046,0.193082
SG_009082,0,0.049479,0.078242,0.066222
SG_009084,0,0.412443,0.113186,0.195656
SG_009086,0,0.458136,0.126999,0.177576
SG_009087,0,0.652807,0.176914,0.207183
SG_009088,0,0.562243,0.155039,0.179626
SG_009089,0,0.720621,0.208521,0.213524
SG_009090,1,0.799971,0.238263,0.247796
SG_009092,0,0.752714,0.224973,0.218088
SG_009094,0,0.345357,0.116385,0.138976
SG_009095,0,0.62725,0.158252,0.22865
SG_009096,0,0.977164,0.364799,0.35143
SG_009097,0,0.264729,0.116636,0.087406
SG_009098,1,0.479736,0.13854,0.160585
SG_009099,0,0.257893,0.103601,0.128838
SG_009101,0,0.381586,0.11756,0.15601
SG_009102,0,0.3261,0.122762,0.108949
SG_009103,0,0.587664,0.166222,0.176735
SG_009104,0,0.303121,0.115135,0.119363
SG_009105,0,0.775,0.260182,0.192688
SG_009106,0,0.707721,0.215056,0.192374
SG_009107,1,0.787957,0.250151,0.216229
SG_009108,0,0.368114,0.118723,0.144743
SG_009110,1,0.875536,0.258402,0.443232
SG_009111,0,0.914029,0.302983,0.301178
SG_009112,1,0.385836,0.10785,0.197441
SG_009113,0,0.702343,0.196879,0.216456
SG_009114,0,0.045121,0.0784,0.056029
SG_009116,0,0.472236,0.143052,0.145119
SG_009117,0,0.478929,0.153614,0.130595
SG_009118,0,0.149193,0.084573,0.12372
SG_009121,0,0.303221,0.106344,0.145006
SG_009122,0,0.51305,0.143885,0.170005
SG_009125,0,0.563907,0.178791,0.142557
SG_009126,0,0.254721,0.097234,0.147819
SG_009129,0,0.05525,0.075242,0.083445
SG_009130,0,0.385329,0.113354,0.175031
SG_009131,0,0.549364,0.167684,0.14871
SG_009132,1,0.800979,0.23596,0.254948
SG_009133,1,0.852,0.298217,0.217565
SG_009134,0,0.645564,0.171631,0.212265
SG_009137,0,0.049314,0.07768,0.068401
SG_009138,0,0.107007,0.085172,0.095005
SG_009140,0,0.374086,0.128382,0.122762
SG_009141,0,0.758971,0.244276,0.197413
SG_009142,1,0.053107,0.075677,0.079906
SG_009143,0,0.897536,0.293887,0.288037
SG_009144,0,0.796886,0.24388,0.235156
SG_009145,0,0.540736,0.162046,0.151387
SG_009148,0,0.065514,0.07933,0.080158
SG_009151,0,0.381436,0.112935,0.174159
SG_009154,0,0.299143,0.10458,0.148416
SG_009155,0,0.733736,0.22192,0.204723
SG_009156,0,0.472021,0.169576,0.10028
SG_009157,1,0.266429,0.099839,0.145421
SG_009158,1,0.901421,0.291293,0.30222
SG_009160,0,0.752271,0.228577,0.211913
SG_009161,0,0.531607,0.154033,0.160651
SG_009162,0,0.318371,0.122079,0.106217
SG_009163,0,0.236586,0.115077,0.06631
SG_009164,0,0.0443,0.070489,0.084266
SG_009165,0,0.239107,0.107696,0.104374
SG_009166,0,0.699879,0.203453,0.203268
SG_009167,0,0.160879,0.084696,0.130235
SG_009171,0,0.426957,0.133001,0.141782
SG_009173,0,0.37365,0.134844,0.1061
SG_009174,0,0.579657,0.161453,0.179112
SG_009175,0,0.692221,0.215146,0.180783
SG_009177,1,0.376286,0.137933,0.100381
SG_009178,1,0.86545,0.28016,0.261807
SG_009180,0,0.749829,0.237998,0.196836
SG_009181,0,0.8205,0.267975,0.224747
SG_009182,0,0.503736,0.140939,0.170246
SG_009184,0,0.497629,0.148737,0.149435
SG_009185,0,0.624257,0.183415,0.175239
SG_009186,1,0.599757,0.20742,0.13153
SG_009187,0,0.307829,0.108834,0.141018
SG_009188,1,0.745643,0.218338,0.220982
SG_009189,1,0.189321,0.097624,0.108642
SG_009190,1,0.690236,0.174478,0.255928
SG_009191,1,0.507979,0.178804,0.110422
SG_009192,0,0.1271,0.087057,0.102944
SG_009194,0,0.89425,0.31161,0.250154
SG_009195,0,0.019164,0.067892,0.057208
SG_009197,1,0.949364,0.330073,0.319701
SG_009198,0,0.526893,0.147217,0.171857
SG_009200,0,0.881064,0.287162,0.271244
SG_009201,0,0.516971,0.133835,0.201114
SG_009205,0,0.439821,0.137218,0.139496
SG_009208,0,0.799786,0.229918,0.266386
SG_009211,0,0.979779,0.36055,0.43513
SG_009212,0,0.082279,0.074878,0.104851
SG_009213,0,0.305264,0.131481,0.046489
SG_009215,0,0.8391,0.260622,0.260793
SG_009216,1,0.719721,0.226907,0.186805
SG_009217,0,0.193864,0.0869,0.142241
SG_009218,0,0.11275,0.085288,0.098695
SG_009219,0,0.074564,0.079822,0.086958
SG_009221,1,0.343629,0.117883,0.133496
SG_009222,0,0.722271,0.209259,0.213139
SG_009227,0,0.894736,0.298138,0.272237
SG_009228,1,0.077514,0.078215,0.094923
SG_009231,1,0.062386,0.078986,0.078001
SG_009232,0,0.696786,0.1985,0.207572
SG_009233,0,0.032371,0.069924,0.072824
SG_009234,0,0.36305,0.118952,0.141801
SG_009235,0,0.27355,0.114968,0.101446
SG_009237,1,0.742571,0.239115,0.189424
SG_009238,1,0.742514,0.222087,0.212383
SG_009239,0,0.86915,0.298847,0.235878
SG_009240,0,0.33145,0.108146,0.156806
SG_009241,0,0.290071,0.107785,0.134513
SG_009243,0,0.747879,0.217307,0.225271
SG_009244,0,0.763407,0.240489,0.205062
SG_009245,0,0.100464,0.087658,0.078791
SG_009247,0,0.262257,0.109764,0.11231
SG_009248,0,0.307636,0.115257,0.121669
SG_009249,0,0.645664,0.222484,0.142542
SG_009251,0,0.820636,0.23531,0.289548
SG_009252,0,0.831429,0.283886,0.214633
SG_009254,0,0.962443,0.361473,0.29946
SG_009255,0,0.497471,0.188707,0.089502
SG_009256,0,0.18715,0.099321,0.100951
SG_009257,0,0.640007,0.200949,0.161696
SG_009258,0,0.154686,0.093346,0.101995
SG_009259,0,0.342157,0.123479,0.11639
SG_009260,0,0.384014,0.112978,0.175577
SG_009261,0,0.443071,0.128834,0.161718
SG_009262,0,0.561343,0.169458,0.152979
SG_009263,0,0.148793,0.088771,0.112171
SG_009264,0,0.406707,0.131024,0.135073
SG_009265,0,0.355879,0.113212,0.155251
SG_009267,1,0.838829,0.261713,0.258526
SG_009269,0,0.326936,0.112717,0.140031
SG_009270,1,0.1771,0.096685,0.104854
SG_009271,0,0.779221,0.22039,0.258739
SG_009275,0,0.505307,0.141273,0.170527
SG_009276,0,0.195221,0.106256,0.072542
SG_009282,0,0.753586,0.212549,0.241337
SG_009283,0,0.576914,0.15954,0.180795
SG_009284,0,0.454643,0.139657,0.142617
SG_009285,0,0.717179,0.205996,0.214526
SG_009286,0,0.30015,0.109565,0.134736
SG_009287,1,0.246364,0.109713,0.102066
SG_009288,0,0.463793,0.139053,0.149
SG_009291,0,0.799143,0.214513,0.319442
SG_009292,0,0.946536,0.332311,0.306758
SG_009293,1,0.770836,0.235931,0.218976
SG_009294,0,0.247907,0.109553,0.103689
SG_009295,0,0.206471,0.098748,0.114948
SG_009296,0,0.2203,0.099805,0.120134
SG_009297,0,0.123036,0.087884,0.097713
SG_009298,0,0.451071,0.135337,0.149609
SG_009301,1,0.149179,0.097173,0.080228
SG_009302,1,0.260236,0.107054,0.119586
SG_009303,0,0.470157,0.137192,0.157522
SG_009304,0,0.429629,0.125679,0.161667
SG_009306,0,0.695457,0.196185,0.211445
SG_009308,0,0.530557,0.170386,0.134491
SG_009309,0,0.970864,0.360657,0.324434
SG_009310,0,0.662114,0.193161,0.188918
SG_009311,0,0.413707,0.15614,0.082207
SG_009312,0,0.3872,0.129814,0.126623
SG_009313,0,0.313093,0.119741,0.11057
SG_009314,0,0.108307,0.086817,0.089753
SG_009315,0,0.980336,0.378469,0.328985
SG_009316,0,0.230221,0.107965,0.097298
SG_009317,0,0.750329,0.225601,0.214398
SG_009318,1,0.655714,0.1797,0.204956
SG_009320,0,0.461614,0.126327,0.182012
SG_009321,0,0.481186,0.140687,0.155649
SG_009322,0,0.824729,0.250049,0.260954
SG_009323,0,0.512436,0.153776,0.148627
SG_009324,0,0.667121,0.188026,0.200879
SG_009325,0,0.248636,0.098466,0.140175
SG_009326,0,0.737671,0.210846,0.22615
SG_009327,1,0.510193,0.160973,0.136086
SG_009329,0,0.742693,0.219245,0.216738
SG_009330,1,0.865186,0.295005,0.236979
SG_009331,1,0.137043,0.092452,0.092685
SG_009332,0,0.573564,0.149971,0.20018
SG_009334,0,0.367879,0.119391,0.14312
SG_009336,0,0.918564,0.325677,0.264576
SG_009337,0,0.41945,0.132774,0.138277
SG_009338,1,0.339279,0.117267,0.132908
SG_009339,0,0.156429,0.091877,0.107715
SG_009340,0,0.297793,0.114144,0.119559
SG_009342,0,0.015621,0.06815,0.048158
SG_009343,1,0.343543,0.112791,0.149074
SG_009344,0,0.594629,0.203694,0.132364
SG_009345,0,0.478436,0.137252,0.16279
SG_009346,0,0.258993,0.115523,0.088216
SG_009348,0,0.088779,0.081537,0.092486
SG_009349,0,0.507129,0.150891,0.150913
SG_009350,0,0.132086,0.096902,0.060179
SG_009351,1,0.981129,0.368215,0.368921
SG_009352,0,0.401643,0.137575,0.117341
SG_009353,1,0.688371,0.199526,0.198615
SG_009356,0,0.474229,0.137596,0.159467
SG_009358,0,0.469493,0.129175,0.178817
SG_009359,0,0.594579,0.166521,0.181406
SG_009360,0,0.765729,0.225709,0.230936
SG_009361,0,0.089486,0.0866,0.072146
SG_009364,0,0.267221,0.094787,0.164296
SG_009368,0,0.387129,0.109627,0.190645
SG_009369,0,0.908436,0.288361,0.341302
SG_009371,0,0.571936,0.138139,0.240536
SG_009372,0,0.435864,0.144372,0.123105
SG_009373,0,0.063793,0.076753,0.0873
SG_009374,0,0.151664,0.093607,0.099119
SG_009375,0,0.441186,0.139442,0.135797
SG_009376,0,0.560157,0.136127,0.235493
SG_009377,0,0.12115,0.086815,0.099788
SG_009378,0,0.509843,0.162061,0.134368
SG_009379,0,0.625564,0.169618,0.198201
SG_009380,0,0.258364,0.10833,0.114299
SG_009381,0,0.652893,0.170566,0.221733
SG_009382,0,0.372414,0.130842,0.115585
SG_009383,1,0.32995,0.118163,0.125267
SG_009384,0,0.307057,0.121419,0.100991
SG_009385,0,0.592064,0.177784,0.160748
SG_009387,0,0.784643,0.257985,0.203321
SG_009388,0,0.577236,0.134522,0.266562
SG_009389,0,0.159221,0.091959,0.109335
SG_009390,0,0.579593,0.159705,0.18249
SG_009391,0,0.572029,0.150981,0.196637
SG_009393,0,0.326136,0.101692,0.177504
SG_009394,0,0.596243,0.167538,0.180743
SG_009395,0,0.286129,0.103455,0.144639
SG_009396,0,0.207421,0.105874,0.087436
SG_009397,1,0.740764,0.234658,0.193823
SG_009399,0,0.458364,0.142017,0.139608
SG_009401,0,0.678486,0.203298,0.186096
SG_009405,0,0.711286,0.199506,0.2199
SG_009414,0,0.718957,0.202615,0.222552
SG_009416,0,0.309621,0.11475,0.124571
SG_009418,0,0.891521,0.277147,0.328037
SG_009420,1,0.873436,0.27873,0.276747
SG_009421,0,0.199007,0.102208,0.096907
SG_009422,0,0.517414,0.143219,0.174511
SG_009423,1,0.9866,0.383994,0.359376
SG_009424,0,0.582614,0.159886,0.184204
SG_009428,1,0.146914,0.088707,0.11106
SG_009430,0,0.420557,0.12495,0.157931
SG_009431,1,0.943421,0.332829,0.298594
SG_009432,0,0.024729,0.071375,0.054992
SG_009433,0,0.223875,0.098901,0.124927
SG_009435,0,0.105779,0.079509,0.110272
SG_009436,0,0.897264,0.316959,0.246497
SG_009437,0,0.659264,0.192911,0.187118
SG_009439,0,0.339279,0.113678,0.143966
SG_009440,0,0.643521,0.185745,0.185518
SG_009443,0,0.192193,0.091399,0.130325
SG_009448,0,0.416379,0.121425,0.166109
SG_009450,0,0.75825,0.218242,0.235418
SG_009451,0,0.040271,0.073488,0.073435
SG_009452,1,0.95025,0.332481,0.317326
SG_009453,0,0.457729,0.139263,0.144906
SG_009454,0,0.024079,0.061202,0.076234
SG_009456,0,0.192593,0.098682,0.106802
SG_009457,0,0.541779,0.159223,0.157143
SG_009459,1,0.740757,0.214518,0.223323
SG_009460,0,0.152064,0.084628,0.12522
SG_009463,0,0.975457,0.361926,0.347739
SG_009464,0,0.355114,0.121535,0.129878
SG_009465,0,0.517414,0.13386,0.201498
SG_009467,0,0.800314,0.253308,0.224511
SG_009468,1,0.6308,0.17885,0.186353
SG_009469,0,0.349814,0.122095,0.125119
SG_009470,0,0.634771,0.182762,0.183658
SG_009471,0,0.477521,0.13624,0.164724
SG_009472,0,0.096271,0.076427,0.110972
SG_009474,0,0.534693,0.150777,0.16913
SG_009475,0,0.354214,0.124697,0.12095
SG_009476,0,0.629157,0.17206,0.197044
SG_009477,0,0.1822,0.103004,0.078272
SG_009480,0,0.5202,0.151596,0.157967
SG_009482,1,0.818764,0.297707,0.189152
SG_009483,0,0.842643,0.283228,0.22703
SG_009484,0,0.798557,0.243702,0.238178
SG_009486,0,0.086971,0.077654,0.102467
SG_009487,1,0.233721,0.08632,0.168567
SG_009488,0,0.473157,0.142226,0.147495
SG_009489,0,0.712264,0.206699,0.209052
SG_009491,0,0.559129,0.157667,0.172087
SG_009492,0,0.185421,0.097998,0.104741
SG_009493,0,0.798264,0.256939,0.217138
SG_009494,0,0.519129,0.148865,0.162997
SG_009495,1,0.377243,0.117532,0.153545
SG_009497,0,0.35895,0.125322,0.121427
SG_009498,0,0.522993,0.163985,0.138952
SG_009499,0,0.825664,0.277918,0.216408
SG_009501,0,0.914,0.294911,0.330164
SG_009503,0,0.331921,0.101784,0.181101
SG_009506,0,0.389157,0.124495,0.140734
SG_009507,0,0.10905,0.092131,0.06444
SG_009508,0,0.464571,0.131078,0.170026
SG_009509,1,0.801886,0.257075,0.220506
SG_009510,0,0.685629,0.220403,0.169615
SG_009511,0,0.687479,0.189345,0.217555
SG_009512,0,0.155229,0.096592,0.089484
SG_009513,0,0.496057,0.125498,0.212849
SG_009514,0,0.906014,0.283148,0.382053
SG_009515,1,0.821693,0.245384,0.265917
SG_009517,1,0.632479,0.194423,0.165764
SG_009520,0,0.628864,0.185078,0.176347
SG_009521,0,0.276407,0.098938,0.15461
SG_009522,0,0.250314,0.11204,0.096589
SG_009523,0,0.52215,0.148376,0.165929
SG_009524,0,0.758021,0.212169,0.247086
SG_009525,0,0.040229,0.076487,0.058719
SG_009526,0,0.109314,0.091747,0.067789
SG_009527,0,0.554064,0.151075,0.182663
SG_009531,1,0.136414,0.094242,0.083363
SG_009532,0,0.963586,0.350711,0.317483
SG_009534,0,0.981079,0.375542,0.340196
SG_009535,0,0.767479,0.26176,0.185265
SG_009536,0,0.809557,0.253873,0.234575
SG_009538,1,0.230971,0.106441,0.102764
SG_009542,0,0.883386,0.305738,0.243523
SG_009543,0,0.501957,0.146461,0.156793
SG_009545,0,0.326893,0.110768,0.145708
SG_009546,0,0.336936,0.1097,0.155203
SG_009547,0,0.167543,0.101528,0.072093
SG_009548,0,0.801764,0.244935,0.239578
SG_009549,0,0.109129,0.084936,0.097363
SG_009550,0,0.776657,0.213906,0.271172
SG_009551,1,0.981,0.392624,0.316203
SG_009552,1,0.942557,0.341304,0.281456
SG_009553,0,0.180679,0.100312,0.092232
SG_009554,0,0.930679,0.362129,0.244698
SG_009555,0,0.513493,0.143675,0.170805
SG_009557,0,0.314257,0.125268,0.09254
SG_009559,0,0.61025,0.161704,0.202745
SG_009560,0,0.019264,0.072398,0.025918
SG_009561,0,0.370193,0.129737,0.116648
SG_009562,0,0.218229,0.098454,0.123531
SG_009563,0,0.197314,0.087475,0.142901
SG_009564,0,0.763314,0.225327,0.229219
SG_009565,1,0.727186,0.22355,0.196739
SG_009568,1,0.721079,0.232801,0.181184
SG_009570,1,0.902121,0.294905,0.295219
SG_009571,0,0.548979,0.144242,0.195303
SG_009572,0,0.814786,0.277425,0.206742
SG_009574,0,0.625114,0.173119,0.191341
SG_009575,0,0.585479,0.177601,0.156142
SG_009576,1,0.784907,0.2656,0.194455
SG_009578,1,0.966993,0.359875,0.3134
SG_009579,1,0.870843,0.28517,0.25971
SG_009580,1,0.724329,0.199209,0.235015
SG_009583,0,0.07585,0.084924,0.064258
SG_009586,0,0.858664,0.281283,0.249632
SG_009587,0,0.421964,0.145366,0.112755
SG_009588,1,0.699286,0.182855,0.24513
SG_009590,0,0.19685,0.091608,0.13232
SG_009591,0,0.905021,0.284642,0.351732
SG_009594,0,0.178493,0.085949,0.136502
SG_009595,0,0.92335,0.298123,0.370931
SG_009596,1,0.998029,0.50407,0.401143
SG_009597,0,0.0168,0.067429,0.053815
SG_009598,0,0.12475,0.089977,0.092252
SG_009599,0,0.068471,0.066473,0.107216
SG_009600,0,0.662464,0.194828,0.186639
SG_009601,0,0.110371,0.085316,0.096777
SG_009603,0,0.591536,0.177102,0.161187
SG_009604,0,0.798036,0.237506,0.247402
SG_009605,0,0.122021,0.091019,0.085554
SG_009606,0,0.145471,0.078131,0.136493
SG_009607,0,0.0682,0.076319,0.092066
SG_009608,0,0.387364,0.123599,0.141819
SG_009609,1,0.735536,0.221598,0.206351
SG_009610,0,0.799257,0.249375,0.229629
SG_009611,0,0.232857,0.114536,0.065032
SG_009612,1,0.305907,0.121558,0.09978
SG_009613,1,0.135893,0.095024,0.078715
SG_009615,0,0.4304,0.142189,0.123794
SG_009617,0,0.541314,0.149423,0.177103
SG_009621,0,0.311507,0.119426,0.110737
SG_009623,0,0.400836,0.124137,0.148278
SG_009624,0,0.647579,0.188122,0.185048
SG_009625,0,0.822386,0.256681,0.24486
SG_009626,0,0.459829,0.133465,0.160479
SG_009627,0,0.772371,0.20922,0.276915
SG_009628,0,0.561721,0.161597,0.166074
SG_009629,1,0.858743,0.277594,0.256014
SG_009631,0,0.487707,0.146398,0.148372
SG_009633,1,0.793521,0.247328,0.226386
SG_009634,0,0.900971,0.326278,0.2397
SG_009635,0,0.536236,0.155111,0.161641
SG_009636,1,0.087293,0.076099,0.105964
SG_009637,0,0.860929,0.296541,0.229661
SG_009638,0,0.213171,0.109245,0.076417
SG_009640,0,0.387764,0.12983,0.126834
SG_009641,1,0.495643,0.136505,0.176731
SG_009642,1,0.921314,0.321983,0.273984
SG_009643,0,0.853693,0.255649,0.301058
SG_009644,0,0.592571,0.174435,0.165603
SG_009645,0,0.847157,0.237794,0.451441
SG_009646,1,0.23015,0.099318,0.127244
SG_009647,0,0.567314,0.157209,0.178847
SG_009648,0,0.530779,0.151388,0.165151
SG_009650,0,0.258679,0.09399,0.161711
SG_009652,0,0.287086,0.106115,0.137037
SG_009653,0,0.124736,0.090825,0.088859
SG_009654,0,0.810986,0.256204,0.232158
SG_009655,0,0.423836,0.131142,0.14395
SG_009656,0,0.382779,0.133046,0.116555
SG_009657,0,0.799464,0.265006,0.207557
SG_009658,0,0.008364,0.057759,0.053224
SG_009659,0,0.796307,0.241289,0.23887
SG_009660,1,0.912714,0.306465,0.289465
SG_009662,1,0.750243,0.224614,0.215942
SG_009663,0,0.635807,0.19799,0.162478
SG_009664,1,0.262164,0.114693,0.094792
SG_009665,0,0.71625,0.216177,0.197835
SG_009666,1,0.546143,0.159471,0.159738
SG_009667,0,0.5397,0.154388,0.165083
SG_009668,0,0.554786,0.138124,0.220905
SG_009669,0,0.6749,0.188067,0.207497
SG_009672,0,0.642264,0.18488,0.186282
SG_009673,0,0.585114,0.162401,0.181111
SG_009674,0,0.224943,0.094859,0.138637
SG_009675,0,0.215221,0.099788,0.116955
SG_009676,1,0.507214,0.139774,0.175861
SG_009677,1,0.930979,0.328716,0.279849
SG_009678,0,0.976429,0.397777,0.300475
SG_009680,0,0.491957,0.136899,0.173179
SG_009682,0,0.360093,0.128997,0.112796
SG_009684,1,0.966764,0.369645,0.299912
SG_009685,0,0.11615,0.085023,0.101982
SG_009686,0,0.685707,0.181375,0.23186
SG_009688,0,0.806157,0.234281,0.266876
SG_009689,0,0.292093,0.120432,0.094341
SG_009692,0,0.075457,0.08628,0.049201
SG_009693,0,0.511221,0.147514,0.160604
SG_009695,0,0.399993,0.138089,0.11485
SG_009697,0,0.277014,0.094587,0.171797
SG_009698,0,0.823907,0.25322,0.253604
SG_009699,0,0.603271,0.163587,0.192689
SG_009700,0,0.644321,0.170541,0.213378
SG_009703,0,0.895771,0.306835,0.259268
SG_009704,0,0.198779,0.109825,0.046178
SG_009705,0,0.397521,0.121256,0.15475
SG_009706,0,0.501914,0.141016,0.168472
SG_009708,0,0.582879,0.155267,0.194721
SG_009709,0,0.77635,0.228487,0.238537
SG_009710,0,0.370471,0.124994,0.129003
SG_009711,0,0.928671,0.326231,0.28046
SG_009712,1,0.782493,0.232713,0.238231
SG_009713,1,0.105671,0.083907,0.098039
SG_009714,0,0.556414,0.162641,0.160969
SG_009715,0,0.349114,0.107534,0.171029
SG_009717,0,0.026386,0.062531,0.077529
SG_009719,0,0.448236,0.132782,0.154781
SG_009720,0,0.954057,0.38166,0.266073
SG_009721,0,0.468129,0.138384,0.153191
SG_009722,0,0.77145,0.218044,0.25269
SG_009723,0,0.287757,0.119896,0.092842
SG_009724,0,0.951193,0.364434,0.273417
SG_009725,0,0.337457,0.111764,0.148961
SG_009726,0,0.590543,0.151981,0.209871
SG_009728,0,0.083786,0.086538,0.064521
SG_009729,0,0.614179,0.168197,0.192075
SG_009730,1,0.612336,0.195734,0.150531
SG_009731,0,0.438886,0.121866,0.180702
SG_009732,1,0.727043,0.208594,0.219647
SG_009733,0,0.705371,0.225721,0.177738
SG_009734,0,0.102671,0.07723,0.113558
SG_009735,0,0.593286,0.172028,0.170373
SG_009737,0,0.365929,0.121772,0.135081
SG_009738,1,0.735729,0.237936,0.185792
SG_009739,0,0.809014,0.249178,0.241326
SG_009740,0,0.936814,0.326315,0.297455
SG_009742,0,0.839929,0.245043,0.301724
SG_009743,0,0.091757,0.088401,0.06424
SG_009745,1,0.194607,0.100175,0.102913
SG_009748,0,0.252657,0.100394,0.136538
SG_009749,0,0.247786,0.10889,0.106195
SG_009750,0,0.876186,0.267371,0.319076
SG_009752,0,0.56665,0.153452,0.186116
SG_009753,0,0.385014,0.122243,0.144126
SG_009755,0,0.538286,0.16271,0.149018
SG_009756,1,0.370379,0.114038,0.162085
SG_009758,0,0.67485,0.192692,0.199908
SG_009761,0,0.239307,0.108244,0.102539
SG_009764,0,0.652457,0.168051,0.227927
SG_009765,0,0.917636,0.326554,0.261072
SG_009767,0,0.32345,0.112264,0.139704
SG_009768,0,0.202907,0.09495,0.126008
SG_009769,0,0.325486,0.114726,0.133388
SG_009770,0,0.882736,0.3035,0.246178
SG_009771,0,0.342,0.128964,0.101186
SG_009772,0,0.105621,0.093657,0.033166
SG_009773,0,0.894079,0.332646,0.224414
SG_009774,0,0.2315,0.100578,0.123949
SG_009775,0,0.7416,0.207884,0.238196
SG_009777,0,0.653893,0.17788,0.206476
SG_009779,0,0.1705,0.094233,0.108564
SG_009781,0,0.846407,0.257088,0.280017
SG_009784,0,0.12445,0.084018,0.110167
SG_009787,0,0.073421,0.083208,0.07059
SG_009788,0,0.450921,0.135457,0.1492
SG_009789,0,0.125021,0.087883,0.099279
SG_009790,0,0.176664,0.104835,0.055729
SG_009792,0,0.415614,0.131909,0.137938
SG_009793,1,0.869093,0.295528,0.240489
SG_009796,0,0.506736,0.141366,0.171238
SG_009797,0,0.867257,0.276663,0.270931
SG_009798,0,0.922586,0.308493,0.30727
SG_009801,0,0.496021,0.144577,0.156763
SG_009802,0,0.268275,0.098161,0.152357
SG_009803,0,0.946,0.3204,0.356351
SG_009804,0,0.9709,0.362277,0.320447
SG_009805,1,0.408336,0.129337,0.139125
SG_009806,0,0.256621,0.118117,0.070961
SG_009807,0,0.170329,0.101297,0.076768
SG_009808,0,0.297,0.115711,0.113655
SG_009809,0,0.891136,0.308616,0.250267
SG_009810,0,0.833029,0.273975,0.230824
SG_009811,0,0.610136,0.171143,0.183571
SG_009812,0,0.189379,0.093324,0.123573
SG_009813,0,0.70085,0.19707,0.214409
SG_009815,0,0.589764,0.168389,0.173985
SG_009816,0,0.910886,0.286821,0.393059
SG_009817,0,0.434036,0.123331,0.172079
SG_009818,1,0.855307,0.267238,0.272253
SG_009820,0,0.26465,0.104249,0.130616
SG_009821,0,0.552671,0.160966,0.161339
SG_009822,1,0.633379,0.182624,0.182995
SG_009823,0,0.202736,0.09411,0.128425
SG_009826,0,0.716279,0.246591,0.163714
SG_009827,0,0.41155,0.138618,0.120896
SG_009828,0,0.936221,0.329536,0.288197
SG_009830,0,0.689029,0.222604,0.169304
SG_009831,0,0.577157,0.159773,0.180612
SG_009832,0,0.2273,0.096076,0.136375
SG_009833,0,0.365157,0.116413,0.149806
SG_009835,0,0.10645,0.091332,0.066047
SG_009836,0,0.921186,0.304656,0.313521
SG_009839,0,0.161336,0.092777,0.108102
SG_009840,0,0.556207,0.161995,0.161816
SG_009841,0,0.274293,0.103303,0.138714
SG_009842,0,0.117414,0.090457,0.083998
SG_009844,0,0.995321,0.447796,0.367279
SG_009846,0,0.579407,0.188128,0.14065
SG_009847,0,0.362957,0.129121,0.113912
SG_009848,0,0.502243,0.146953,0.155913
SG_009849,0,0.733971,0.196941,0.253578
SG_009850,0,0.875343,0.264235,0.331908
SG_009852,0,0.466771,0.134234,0.162536
SG_009853,0,0.842686,0.273906,0.24183
SG_009854,1,0.206007,0.094584,0.128866
SG_009857,0,0.071129,0.078306,0.089304
SG_009858,0,0.7171,0.182272,0.272261
SG_009859,0,0.702336,0.194059,0.223559
SG_009860,0,0.919879,0.303129,0.315652
SG_009861,0,0.324164,0.109353,0.148442
SG_009863,0,0.532236,0.169123,0.137134
SG_009864,0,0.967621,0.345133,0.357748
SG_009866,0,0.054479,0.073778,0.086896
SG_009871,0,0.3817,0.125742,0.133037
SG_009872,0,0.657914,0.206821,0.166774
SG_009873,0,0.671957,0.198441,0.187202
SG_009874,1,0.39935,0.125709,0.142976
SG_009879,1,0.716779,0.2018,0.22124
SG_009882,0,0.603714,0.163759,0.192876
SG_009883,0,0.666029,0.201115,0.179566
SG_009884,0,0.537086,0.141354,0.19357
SG_009885,0,0.950614,0.353954,0.282829
SG_009886,0,0.470971,0.14973,0.132818
SG_009887,0,0.320436,0.111976,0.138887
SG_009888,0,0.210743,0.097158,0.123627
SG_009889,0,0.169371,0.097811,0.094471
SG_009890,0,0.554479,0.164844,0.155869
SG_009891,1,0.860093,0.308565,0.214727
SG_009892,0,0.3117,0.103797,0.159303
SG_009893,0,0.40305,0.126332,0.143534
SG_009894,0,0.973929,0.357356,0.35419
SG_009896,1,0.755171,0.240753,0.197838
SG_009897,1,0.1341,0.096652,0.066322
SG_009898,0,0.931086,0.308681,0.339094
SG_009899,0,0.313914,0.1199,0.110723
SG_009900,0,0.517657,0.16419,0.135883
SG_009901,0,0.76475,0.230924,0.2202
SG_009902,0,0.760693,0.226001,0.224384
SG_009903,0,0.299507,0.110497,0.131767
SG_009904,0,0.340629,0.107436,0.165312
SG_009906,0,0.870279,0.305417,0.228526
SG_009907,0,0.778,0.231259,0.234691
SG_009908,0,0.819593,0.261061,0.235058
SG_009910,0,0.586543,0.16784,0.172729
SG_009911,0,0.713521,0.203713,0.215008
SG_009912,0,0.527593,0.141598,0.185532
SG_009913,0,0.87335,0.289213,0.255984
SG_009915,0,0.145471,0.100727,0.028992
SG_009917,0,0.135164,0.075583,0.13507
SG_009918,1,0.247221,0.104879,0.118329
SG_009919,0,0.237221,0.107342,0.104156
SG_009920,0,0.315386,0.113739,0.130809
SG_009922,1,0.797864,0.258664,0.214243
SG_009924,0,0.290736,0.100136,0.159867
SG_009925,0,0.033671,0.065766,0.081497
SG_009927,0,0.574207,0.181656,0.144581
SG_009928,0,0.091157,0.086203,0.076273
SG_009930,0,0.441436,0.13207,0.15216
SG_009931,0,0.818221,0.256959,0.239561
SG_009934,0,0.216421,0.096447,0.129194
SG_009938,1,0.472871,0.140021,0.1523
SG_009939,0,0.56445,0.145137,0.206038
SG_009940,0,0.263736,0.104575,0.128853
SG_009943,0,0.665157,0.194117,0.189994
SG_009944,0,0.850821,0.27757,0.245227
SG_009945,0,0.512157,0.133276,0.199134
SG_009946,0,0.664864,0.204962,0.174338
SG_009947,0,0.661629,0.189468,0.194294
SG_009948,0,0.594193,0.167166,0.179931
SG_009949,0,0.244461,0.115032,0.076469
SG_009950,0,0.453179,0.148854,0.124632
SG_009951,0,0.414179,0.119666,0.171567
SG_009952,0,0.906807,0.300709,0.289806
SG_009954,0,0.676421,0.17946,0.225543
SG_009955,0,0.657607,0.194412,0.183726
SG_009957,0,0.950593,0.320775,0.439558
SG_009958,0,0.283593,0.118862,0.093887
SG_009960,0,0.754221,0.216927,0.234175
SG_009961,0,0.344636,0.107606,0.167476
SG_009962,0,0.646779,0.204419,0.162151
SG_009963,0,0.940671,0.331493,0.294384
SG_009965,0,0.52065,0.133991,0.203806
SG_009966,0,0.244479,0.109949,0.100253
SG_009967,1,0.51145,0.154137,0.147681
SG_009968,0,0.168493,0.076434,0.152217
SG_009969,0,0.854036,0.244844,0.371245
SG_009970,0,0.771714,0.20951,0.274563
SG_009971,0,0.639843,0.160547,0.235457
SG_009973,0,0.764586,0.234868,0.214244
SG_009974,0,0.182529,0.09711,0.106534
SG_009975,1,0.839636,0.273597,0.239242
SG_009976,1,0.742821,0.225222,0.208346
SG_009978,0,0.72835,0.225422,0.195591
SG_009980,0,0.30465,0.108557,0.139988
SG_009981,0,0.586993,0.152175,0.205629
SG_009983,0,0.2561,0.094208,0.158755
SG_009984,0,0.103036,0.088193,0.079097
SG_009986,0,0.537407,0.163151,0.148103
SG_009988,0,0.014357,0.067623,0.047188
SG_009990,0,0.278457,0.113432,0.110044
SG_009991,0,0.6704,0.191775,0.197939
SG_009992,0,0.641443,0.212256,0.149304
SG_009994,0,0.586571,0.163826,0.179912
SG_009995,0,0.620221,0.19003,0.163587
SG_009996,0,0.617721,0.163898,0.204452
SG_009998,0,0.964443,0.335582,0.427991
SG_010000,0,0.763236,0.240665,0.204807
SG_010001,0,0.061129,0.073528,0.092999
SG_010003,0,0.152993,0.088459,0.115035
SG_010004,0,0.619271,0.165258,0.202778
SG_010005,1,0.83965,0.273003,0.239978
SG_010006,0,0.215957,0.102644,0.106733
SG_010013,0,0.59065,0.166512,0.178515
SG_010016,0,0.914371,0.299843,0.309898
SG_010017,0,0.649464,0.186672,0.188509
SG_010018,0,0.799607,0.26383,0.209803
SG_010022,0,0.006071,0.06276,0.037074
SG_010023,0,0.389079,0.118011,0.159795
SG_010026,0,0.552129,0.163911,0.155706
SG_010027,0,0.262229,0.09879,0.146596
SG_010028,0,0.207793,0.095594,0.126911
SG_010029,0,0.420336,0.115708,0.190965
SG_010030,0,0.578636,0.171515,0.161459
SG_010031,0,0.82725,0.231207,0.322092
SG_010032,1,0.85755,0.267548,0.275198
SG_010033,1,0.216793,0.097304,0.126659
SG_010035,0,0.56355,0.146635,0.201451
SG_010036,0,0.333629,0.118136,0.127364
SG_010039,0,0.605936,0.175489,0.173123
SG_010040,0,0.74025,0.210508,0.229717
SG_010041,0,0.453307,0.135154,0.151398
SG_010043,1,0.13875,0.091809,0.096292
SG_010044,0,0.226829,0.106663,0.09937
SG_010046,0,0.3302,0.121686,0.114506
SG_010049,1,0.862921,0.261185,0.304684
SG_010051,0,0.202129,0.097019,0.119166
SG_010053,0,0.489693,0.16392,0.120561
SG_010054,0,0.866243,0.310712,0.218568
SG_010055,0,0.880243,0.313094,0.230902
SG_010056,0,0.908664,0.292366,0.320047
SG_010057,0,0.466321,0.146906,0.135704
SG_010059,0,0.647457,0.159003,0.250824
SG_010060,0,0.975214,0.357163,0.366262
SG_010062,0,0.716636,0.22459,0.187198
SG_010063,1,0.118,0.081078,0.11362
SG_010064,0,0.211664,0.097567,0.122755
SG_010065,0,0.277771,0.094466,0.172569
SG_010066,0,0.571843,0.160465,0.175306
SG_010067,0,0.764379,0.237847,0.209688
SG_010070,0,0.997071,0.421577,0.446462
SG_010071,0,0.766529,0.213753,0.256221
SG_010072,0,0.185293,0.101185,0.091783
SG_010073,1,0.7973,0.233691,0.254729
SG_010075,0,0.710886,0.239647,0.165991
SG_010076,0,0.965936,0.346679,0.337966
SG_010077,1,0.678571,0.205716,0.182906
SG_010079,0,0.094921,0.080466,0.100922
SG_010080,0,0.377907,0.128232,0.125316
SG_010082,0,0.402136,0.131289,0.131932
SG_010083,0,0.230786,0.100448,0.124134
SG_010087,1,0.654093,0.174936,0.212503
SG_010089,0,0.5522,0.179952,0.134511
SG_010090,0,0.313264,0.104286,0.158333
SG_010093,0,0.930386,0.328447,0.279399
SG_010094,1,0.165143,0.095951,0.099637
SG_010095,0,0.933907,0.305686,0.406124
SG_010096,0,0.644114,0.162,0.235716
SG_010097,0,0.472714,0.148565,0.136184
SG_010098,0,0.53195,0.139257,0.19605
SG_010100,0,0.688575,0.196558,0.204616
SG_010102,0,0.239429,0.104627,0.11441
SG_010105,0,0.459557,0.128856,0.172866
SG_010107,0,0.793443,0.261242,0.207155
SG_010108,0,0.88685,0.31662,0.234954
SG_010110,0,0.956279,0.326243,0.477426
SG_010111,0,0.133086,0.094152,0.080696
SG_010112,0,0.180836,0.105186,0.060816
SG_010113,0,0.13785,0.088211,0.106644
SG_010114,0,0.590982,0.169529,0.172533
SG_010118,0,0.295736,0.100787,0.160636
SG_010119,1,0.2227,0.098514,0.125731
SG_010120,0,0.240286,0.103018,0.120575
SG_010121,0,0.305643,0.12403,0.09087
SG_010122,0,0.201479,0.101944,0.10016
SG_010124,0,0.934171,0.326285,0.290697
SG_010125,0,0.147271,0.090765,0.105075
SG_010126,0,0.436936,0.143992,0.124405
SG_010127,0,0.611243,0.179144,0.171971
SG_010128,0,0.956421,0.343477,0.308718
SG_010129,0,0.331829,0.133177,0.078663
SG_010131,0,0.171821,0.098474,0.093623
SG_010133,0,0.123393,0.088879,0.095047
SG_010135,0,0.246757,0.102723,0.124936
SG_010136,1,0.60875,0.184345,0.163125
SG_010137,0,0.640364,0.191775,0.175225
SG_010138,1,0.734746,0.209145,0.226502
SG_010139,0,0.937957,0.317369,0.326441
SG_010140,0,0.518179,0.151805,0.156033
SG_010141,0,0.725043,0.208122,0.218338
SG_010143,0,0.4647,0.137717,0.152843
SG_010145,0,0.410179,0.1429,0.110072
SG_010147,0,0.80835,0.251123,0.237188
SG_010148,0,0.614257,0.173188,0.183069
SG_010149,0,0.20995,0.095571,0.128213
SG_010150,0,0.024786,0.061081,0.076894
SG_010152,1,0.641664,0.195216,0.170818
SG_010154,0,0.442971,0.137826,0.140009
SG_010156,0,0.460807,0.131216,0.166812
SG_010158,0,0.996871,0.425174,0.415259
SG_010159,0,0.507829,0.144708,0.164338
SG_010160,0,0.349414,0.114266,0.147995
SG_010161,0,0.2175,0.097413,0.12657
SG_010162,0,0.714021,0.224528,0.185407
SG_010163,0,0.385936,0.120445,0.15008
SG_010164,0,0.29805,0.127229,0.067667
SG_010167,0,0.591114,0.163221,0.183899
SG_010168,0,0.443786,0.121402,0.185963
SG_010171,0,0.810471,0.272273,0.209708
SG_010177,0,0.455293,0.120671,0.197943
SG_010178,0,0.252129,0.105204,0.120577
SG_010179,0,0.199293,0.110476,0.03273
SG_010180,0,0.862536,0.316526,0.209403
SG_010181,0,0.476657,0.137799,0.160591
SG_010185,0,0.765736,0.200503,0.296533
SG_010186,0,0.482721,0.134543,0.172681
SG_010188,0,0.451871,0.135282,0.150172
SG_010189,0,0.681757,0.218255,0.1688
SG_010190,1,0.928957,0.309164,0.324116
SG_010191,1,0.806707,0.236406,0.261712
SG_010192,0,0.683057,0.196987,0.198685
SG_010193,0,0.12115,0.089247,0.092164
SG_010194,0,0.268329,0.112107,0.108086
SG_010196,0,0.92295,0.305944,0.314698
SG_010197,1,0.895771,0.318682,0.242263
SG_010201,0,0.023821,0.062805,0.074377
SG_010202,0,0.070614,0.080774,0.079096
SG_010203,1,0.840171,0.269407,0.246022
SG_010205,0,0.448071,0.1149,0.219644
SG_010207,0,0.089071,0.079691,0.0988
SG_010211,0,0.614757,0.159187,0.212701
SG_010212,0,0.098229,0.080477,0.103075
SG_010214,0,0.259171,0.112809,0.09989
SG_010215,0,0.710007,0.199737,0.217945
SG_010216,1,0.674636,0.191754,0.201506
SG_010218,0,0.270214,0.103287,0.136573
SG_010219,0,0.5869,0.155646,0.197481
SG_010220,0,0.022886,0.067223,0.066411
SG_010221,0,0.5582,0.161005,0.164474
SG_010222,0,0.68195,0.172948,0.249512
SG_010223,0,0.372236,0.125274,0.129161
SG_010224,1,0.798536,0.23752,0.247936
SG_010225,0,0.644021,0.183276,0.189868
SG_010228,0,0.964679,0.363399,0.301954
SG_010229,0,0.180271,0.101185,0.087518
SG_010230,0,0.611,0.173139,0.180779
SG_010231,0,0.844879,0.242712,0.324593
SG_010232,0,0.769364,0.237847,0.214341
SG_010233,0,0.020071,0.073067,0.016268
SG_010236,0,0.964814,0.356799,0.311042
SG_010237,0,0.651786,0.18953,0.186523
SG_010239,0,0.524736,0.136947,0.19763
SG_010240,0,0.658736,0.215693,0.156715
SG_010244,0,0.821114,0.254593,0.247214
SG_010245,1,0.895257,0.27415,0.408705
SG_010247,0,0.039871,0.078232,0.045393
SG_010248,0,0.728771,0.179558,0.307461
SG_010249,0,0.151614,0.092626,0.102493
SG_010250,0,0.981664,0.370271,0.363423
SG_010251,0,0.118236,0.07672,0.123759
SG_010254,0,0.554457,0.14993,0.185264
SG_010255,1,0.711821,0.204289,0.212108
SG_010260,0,0.402829,0.122996,0.152377
SG_010262,0,0.137064,0.094028,0.085458
SG_010264,0,0.184936,0.101961,0.087134
SG_010266,0,0.954386,0.397827,0.259608
SG_010268,0,0.060693,0.078475,0.078191
SG_010269,0,0.806543,0.254294,0.230585
SG_010270,0,0.334893,0.126332,0.10379
SG_010272,0,0.271571,0.106887,0.126247
SG_010275,0,0.894329,0.282815,0.311655
SG_010276,0,0.516829,0.152001,0.154815
SG_010278,1,0.908307,0.336706,0.236524
SG_010279,0,0.270371,0.117734,0.086801
SG_010280,0,0.447243,0.130494,0.160054
SG_010281,0,0.460143,0.140354,0.144124
SG_010282,1,0.678014,0.207303,0.1806
SG_010283,1,0.214421,0.102713,0.105356
SG_010285,0,0.199193,0.094998,0.123919
SG_010289,0,0.932657,0.323118,0.294683
SG_010290,0,0.745557,0.221997,0.215306
SG_010291,0,0.482943,0.135302,0.170592
SG_010292,0,0.918257,0.311876,0.288941
SG_010295,0,0.297086,0.112343,0.124889
SG_010296,1,0.77335,0.222868,0.244626
SG_010297,0,0.584964,0.140474,0.24511
SG_010299,0,0.128993,0.092611,0.085141
SG_010300,0,0.177436,0.097657,0.100943
SG_010301,1,0.7456,0.243158,0.187403
SG_010302,0,0.539929,0.164019,0.14825
SG_010303,0,0.175307,0.095534,0.107501
SG_010304,0,0.166729,0.087247,0.126618
SG_010305,0,0.236271,0.116296,0.051115
SG_010307,0,0.300779,0.118169,0.107508
SG_010308,1,0.85465,0.330792,0.190108
SG_010309,1,0.368621,0.124487,0.129624
SG_010310,0,0.978407,0.381953,0.31678
SG_010311,0,0.334164,0.121527,0.117669
SG_010312,0,0.622386,0.190325,0.164819
SG_010314,0,0.602229,0.176342,0.169182
SG_010317,0,0.466814,0.144206,0.140526
SG_010318,0,0.105864,0.09194,0.060394
SG_010321,0,0.087729,0.07798,0.102427
SG_010324,0,0.194721,0.096686,0.115659
SG_010325,0,0.467679,0.12485,0.19182
SG_010327,0,0.083486,0.082252,0.085765
SG_010331,0,0.874121,0.298448,0.242119
SG_010333,0,0.234921,0.102622,0.118395
SG_010334,0,0.441743,0.135444,0.144013
SG_010335,0,0.9193,0.313764,0.286741
SG_010337,0,0.956121,0.394545,0.264047
SG_010338,1,0.455286,0.131653,0.162422
SG_010339,0,0.610886,0.148527,0.244351
SG_010340,0,0.379429,0.130468,0.120893
SG_010341,0,0.034664,0.075084,0.056074
SG_010342,0,0.884936,0.281981,0.291804
SG_010343,0,0.785614,0.22898,0.248347
SG_010345,0,0.9761,0.360203,0.362709
SG_010346,1,0.809036,0.257466,0.227409
SG_010348,0,0.639936,0.192985,0.17331
SG_010349,0,0.524857,0.143081,0.179854
SG_010351,0,0.411821,0.124888,0.152577
SG_010353,1,0.188864,0.10289,0.085618
SG_010355,0,0.735793,0.216579,0.214601
SG_010356,0,0.200814,0.09999,0.107183
SG_010357,0,0.855614,0.264039,0.280602
SG_010359,0,0.758171,0.23031,0.214438
SG_010360,0,0.688657,0.196788,0.204263
SG_010361,0,0.140243,0.084726,0.118083
SG_010362,0,0.369864,0.11485,0.158793
SG_010363,1,0.764929,0.217008,0.246392
SG_010364,0,0.566521,0.149464,0.195847
SG_010365,0,0.454543,0.141763,0.138321
SG_010366,1,0.902293,0.330084,0.23626
SG_010367,0,0.574093,0.153504,0.19173
SG_010368,0,0.227893,0.101865,0.117089
SG_010369,0,0.199836,0.089286,0.140093
SG_010370,0,0.114236,0.093934,0.056145
SG_010372,1,0.156036,0.098578,0.078501
SG_010374,0,0.502321,0.147622,0.154527
SG_010375,0,0.126721,0.090319,0.092503
SG_010376,0,0.077279,0.074646,0.102079
SG_010377,0,0.302607,0.107172,0.142864
SG_010378,0,0.675,0.21423,0.169543
SG_010380,1,0.767036,0.25604,0.191252
SG_010381,0,0.652043,0.186369,0.191169
SG_010382,0,0.853864,0.261712,0.283767
SG_010383,0,0.862429,0.288889,0.241764
SG_010384,0,0.394607,0.122797,0.148129
SG_010385,0,0.116157,0.090465,0.082762
SG_010387,0,0.652743,0.208564,0.161434
SG_010388,0,0.519443,0.142582,0.177093
SG_010389,1,0.480386,0.155795,0.12808
SG_010390,0,0.837557,0.303306,0.199349
SG_010391,0,0.212986,0.106117,0.090898
SG_010392,0,0.307214,0.113986,0.125315
SG_010395,0,0.190179,0.094473,0.120215
SG_010396,0,0.353086,0.107935,0.172407
SG_010397,0,0.22835,0.101925,0.117119
SG_010398,0,0.398586,0.13092,0.130872
SG_010400,0,0.614214,0.18143,0.170357
SG_010402,0,0.177329,0.096669,0.10501
SG_010403,0,0.570807,0.167512,0.162991
SG_010405,0,0.187257,0.099771,0.099493
SG_010408,0,0.6428,0.176578,0.199282
SG_010410,1,0.661571,0.181558,0.206673
SG_010411,1,0.42885,0.133478,0.141434
SG_010413,0,0.433071,0.124728,0.167092
SG_010414,0,0.298286,0.118917,0.104077
SG_010415,0,0.282436,0.103358,0.14319
SG_010416,0,0.109457,0.094134,0.036941
SG_010417,0,0.686671,0.200469,0.196071
SG_010419,0,0.220907,0.105745,0.098593
SG_010421,0,0.026593,0.072898,0.051722
SG_010422,0,0.473243,0.145753,0.141277
SG_010423,0,0.159164,0.089437,0.116648
SG_010426,1,0.858857,0.275451,0.260299
SG_010427,1,0.741436,0.178763,0.450214
SG_010429,0,0.913593,0.331998,0.248184
SG_010432,0,0.788957,0.264519,0.199272
SG_010433,0,0.867086,0.276192,0.271584
SG_010434,0,0.191207,0.09631,0.114694
SG_010436,0,0.404643,0.135352,0.12383
SG_010437,1,0.730664,0.218806,0.205841
SG_010438,0,0.059993,0.079092,0.075075
SG_010439,0,0.335136,0.114144,0.140276
SG_010440,1,0.862164,0.287553,0.243335
SG_010441,0,0.545886,0.152322,0.173876
SG_010443,0,0.011114,0.062556,0.053947
SG_010444,0,0.404564,0.123063,0.15326
SG_010445,0,0.723929,0.201214,0.230692
SG_010446,1,0.951393,0.37737,0.264156
SG_010447,1,0.630457,0.167845,0.206588
SG_010448,0,0.308457,0.104072,0.155938
SG_010449,1,0.430657,0.137821,0.133348
SG_010450,0,0.125543,0.09136,0.086926
SG_010451,0,0.112007,0.093285,0.059547
SG_010452,0,0.426336,0.146877,0.112756
SG_010453,0,0.06875,0.078614,0.085731
SG_010454,0,0.886836,0.288208,0.27906
SG_010456,0,0.811571,0.288271,0.192318
SG_010457,0,0.307536,0.109179,0.139947
SG_010458,0,0.442843,0.142047,0.131152
SG_010463,0,0.57655,0.149515,0.204513
SG_010464,0,0.933929,0.322388,0.29935
SG_010466,0,0.62735,0.206436,0.147791
SG_010468,0,0.589021,0.160355,0.187952
SG_010471,0,0.326343,0.127336,0.095135
SG_010473,1,0.190171,0.093402,0.123709
SG_010474,0,0.138907,0.092654,0.093462
SG_010476,0,0.636243,0.141096,0.398808
SG_010478,1,0.698393,0.182861,0.244109
SG_010479,0,0.436543,0.142811,0.125978
SG_010480,1,0.23045,0.098009,0.13177
SG_010484,0,0.144829,0.085964,0.117117
SG_010488,0,0.329264,0.121973,0.113294
SG_010489,0,0.900671,0.295683,0.289183
SG_010491,0,0.039729,0.072768,0.074679
SG_010494,0,0.236586,0.111638,0.087343
SG_010496,0,0.423714,0.134241,0.136978
SG_010497,0,0.201414,0.100034,0.107446
SG_010500,0,0.701429,0.192938,0.224583
SG_010502,0,0.413221,0.134879,0.129861
SG_010504,0,0.588793,0.168216,0.173618
SG_010508,1,0.576543,0.167939,0.165375
SG_010511,0,0.283943,0.117901,0.09701
SG_010512,0,0.31545,0.108765,0.145365
SG_010513,0,0.40955,0.135589,0.126147
SG_010514,0,0.149421,0.097786,0.076243
SG_010516,1,0.421579,0.140579,0.122444
SG_010519,0,0.631071,0.171424,0.19974
SG_010520,0,0.050043,0.079581,0.056696
SG_010521,0,0.565521,0.154462,0.183277
SG_010522,0,0.285507,0.119236,0.093833
SG_010523,0,0.276607,0.124755,0.046785
SG_010524,0,0.568464,0.156946,0.180182
SG_010525,0,0.805286,0.246912,0.240853
SG_010526,1,0.938229,0.330727,0.290058
SG_010527,0,0.208879,0.099514,0.113952
SG_010528,0,0.0044,0.05994,0.038572
SG_010529,0,0.142321,0.076887,0.136945
SG_010530,0,0.043036,0.077347,0.059541
SG_010532,0,0.950914,0.343715,0.295332
SG_010533,0,0.902721,0.288397,0.314708
SG_010534,0,0.692279,0.204203,0.195114
SG_010535,1,0.792314,0.255189,0.21389
SG_010536,0,0.796229,0.253792,0.219779
SG_010537,0,0.2331,0.095914,0.139804
SG_010538,0,0.131364,0.069569,0.140714
SG_010539,1,0.932871,0.3278,0.285248
SG_010540,0,0.081136,0.073542,0.106819
SG_010541,0,0.520686,0.134481,0.201995
SG_010542,0,0.185771,0.091813,0.125732
SG_010543,0,0.208714,0.099287,0.114614
SG_010544,0,0.646707,0.182417,0.193135
SG_010545,0,0.93915,0.339657,0.276653
SG_010548,0,0.803493,0.236157,0.258226
SG_010549,0,0.284536,0.109639,0.125685
SG_010551,1,0.251557,0.117125,0.070844
SG_010554,0,0.06755,0.074363,0.095867
SG_010556,1,0.3118,0.116529,0.119859
SG_010557,1,0.565921,0.159908,0.17221
SG_010558,0,0.408793,0.112979,0.193801
SG_010559,0,0.072286,0.086545,0.029568
SG_010560,1,0.824979,0.283226,0.209456
SG_010564,0,0.075764,0.079214,0.090137
SG_010565,0,0.508136,0.145017,0.163789
SG_010566,1,0.70555,0.216396,0.188901
SG_010567,0,0.119921,0.09211,0.078189
SG_010568,0,0.690021,0.187709,0.223046
SG_010570,0,0.827482,0.239332,0.290353
SG_010572,0,0.055036,0.07908,0.068927
SG_010573,0,0.540257,0.151346,0.172083
SG_010574,0,0.032829,0.074739,0.054018
SG_010575,0,0.34185,0.120374,0.125879
SG_010576,0,0.775993,0.234255,0.22735
SG_010580,0,0.193914,0.099967,0.10312
SG_010581,0,0.907214,0.32413,0.249961
SG_010583,0,0.182293,0.08779,0.134102
SG_010584,0,0.078964,0.081712,0.0835
SG_010587,0,0.415657,0.121934,0.163922
SG_010591,0,0.224743,0.098866,0.125514
SG_010593,0,0.832579,0.251686,0.269339
SG_010595,0,0.118571,0.094217,0.061047
SG_010596,0,0.3666,0.122496,0.133404
SG_010597,0,0.109443,0.089386,0.081051
SG_010599,0,0.408357,0.12258,0.156962
SG_010601,1,0.745771,0.219815,0.218716
SG_010602,0,0.801986,0.247524,0.235921
SG_010603,0,0.961707,0.361823,0.297764
SG_010604,0,0.4851,0.137502,0.166412
SG_010605,0,0.931129,0.322823,0.291493
SG_010606,0,0.415729,0.148357,0.102724
SG_010608,0,0.105371,0.088146,0.082567
SG_010609,0,0.971221,0.377178,0.301775
SG_010610,0,0.377007,0.127638,0.126392
SG_010612,0,0.691021,0.1814,0.2384
SG_010613,0,0.189893,0.091947,0.127595
SG_010614,0,0.516893,0.152926,0.153241
SG_010617,0,0.3017,0.111635,0.129859
SG_010618,0,0.609414,0.175784,0.175154
SG_010620,0,0.594029,0.172128,0.170665
SG_010621,0,0.578914,0.185451,0.143502
SG_010622,0,0.9586,0.389017,0.269776
SG_010623,1,0.911557,0.354415,0.227079
SG_010624,0,0.332793,0.125872,0.103694
SG_010625,1,0.2463,0.09409,0.152969
SG_010626,0,0.590557,0.169942,0.171445
SG_010628,0,0.488479,0.146266,0.148966
SG_010629,0,0.511729,0.14698,0.162366
SG_010630,0,0.670314,0.19512,0.192045
SG_010631,1,0.890271,0.308767,0.248655
SG_010632,0,0.374529,0.125725,0.129169
SG_010633,0,0.268214,0.11446,0.099824
SG_010637,0,0.373571,0.119748,0.144808
SG_010638,0,0.548229,0.15366,0.172381
SG_010639,0,0.1074,0.078641,0.113237
SG_010640,1,0.560543,0.14449,0.204702
SG_010641,0,0.435493,0.138784,0.134031
SG_010642,0,0.785979,0.212808,0.291055
SG_010643,1,0.911029,0.306472,0.286117
SG_010644,0,0.464143,0.13695,0.154317
SG_010645,1,0.843643,0.267197,0.254749
SG_010646,0,0.052279,0.076267,0.077444
SG_010647,0,0.335571,0.120092,0.123134
SG_010648,0,0.267864,0.107637,0.122374
SG_010650,0,0.28985,0.104229,0.144296
SG_010652,0,0.573421,0.156052,0.185902
SG_010654,0,0.042514,0.078401,0.049407
SG_010656,0,0.617186,0.174247,0.183443
SG_010657,0,0.958514,0.335797,0.339691
SG_010658,0,0.007279,0.060203,0.048438
SG_010660,0,0.493893,0.138487,0.170067
SG_010661,0,0.163243,0.092376,0.110993
SG_010663,1,0.962979,0.3341,0.426093
SG_010665,0,0.892557,0.31738,0.240283
SG_010667,0,0.11825,0.095053,0.050507
SG_010669,0,0.269586,0.11062,0.113904
SG_010671,0,0.574814,0.171037,0.159412
SG_010672,0,0.074371,0.078696,0.090537
SG_010675,0,0.726571,0.208886,0.218309
SG_010676,0,0.018314,0.065652,0.062797
SG_010677,1,0.569936,0.158094,0.179006
SG_010678,0,0.245929,0.110016,0.100898
SG_010680,0,0.137879,0.095411,0.078356
SG_010681,0,0.243,0.101227,0.128318
SG_010682,0,0.520136,0.161004,0.141193
SG_010683,0,0.132407,0.095252,0.073493
SG_010686,0,0.767557,0.266501,0.180768
SG_010687,0,0.800693,0.24653,0.235698
SG_010688,0,0.076007,0.086277,0.050499
SG_010689,0,0.823129,0.273561,0.220197
SG_010691,0,0.038321,0.063746,0.08821
SG_010692,0,0.882586,0.343097,0.205058
SG_010693,0,0.595129,0.172136,0.171445
SG_010694,1,0.929657,0.32915,0.276004
SG_010695,0,0.230221,0.099995,0.124979
SG_010697,0,0.049114,0.078676,0.062157
SG_010698,0,0.209093,0.096959,0.123553
SG_010699,0,0.287536,0.114605,0.111777
SG_010701,0,0.315379,0.116296,0.122768
SG_010702,0,0.805764,0.254249,0.229857
SG_010703,0,0.664721,0.185287,0.203986
SG_010704,1,0.841393,0.267656,0.250716
SG_010705,0,0.528471,0.133904,0.211228
SG_010706,0,0.572864,0.163707,0.17024
SG_010709,0,0.324836,0.121203,0.1133
SG_010710,1,0.367914,0.118282,0.145716
SG_010711,0,0.665764,0.151083,0.355693
SG_010712,0,0.835436,0.272235,0.236288
SG_010714,0,0.8158,0.265348,0.223129
SG_010715,1,0.648064,0.173683,0.209599
SG_010716,1,0.812114,0.267724,0.21646
SG_010719,0,0.786421,0.228165,0.251969
SG_010720,0,0.949457,0.335648,0.306076
SG_010723,0,0.284121,0.116495,0.10233
SG_010724,0,0.241514,0.105507,0.113128
SG_010725,0,0.910864,0.298306,0.305052
SG_010727,0,0.386743,0.117648,0.159326
SG_010728,0,0.3357,0.120905,0.120537
SG_010730,0,0.385021,0.118343,0.155801
SG_010731,0,0.621543,0.16849,0.197523
SG_010732,0,0.382393,0.122388,0.142539
SG_010735,0,0.652,0.188643,0.18782
SG_010736,0,0.486936,0.160944,0.123239
SG_010738,0,0.857779,0.275121,0.259391
SG_010740,0,0.117321,0.090555,0.0831
SG_010741,1,0.482357,0.156696,0.127607
SG_010742,0,0.353514,0.111816,0.159023
SG_010743,0,0.226729,0.1052,0.104639
SG_010744,0,0.3876,0.124471,0.139912
SG_010746,0,0.716157,0.221218,0.19089
SG_010747,0,0.218557,0.095848,0.132224
SG_010748,0,0.450821,0.123086,0.18484
SG_010749,0,0.911257,0.295264,0.315973
SG_010750,0,0.583264,0.157931,0.188863
SG_010751,1,0.902393,0.317255,0.253202
SG_010754,0,0.466293,0.140522,0.147289
SG_010755,1,0.8031,0.258289,0.220097
SG_010756,0,0.117343,0.084123,0.105233
SG_010758,0,0.032907,0.071366,0.07008
SG_010759,0,0.275157,0.103634,0.138397
SG_010761,0,0.213036,0.111313,0.061908
SG_010762,0,0.661007,0.221083,0.15271
SG_010764,0,0.45855,0.140494,0.143052
SG_010765,1,0.398179,0.13192,0.128313
SG_010766,0,0.508129,0.142488,0.169095
SG_010767,0,0.354264,0.113513,0.15332
SG_010768,1,0.90865,0.291954,0.321252
SG_010770,0,0.210957,0.102575,0.103891
SG_010771,0,0.363864,0.125767,0.123156
SG_010775,0,0.669929,0.195022,0.191932
SG_010776,0,0.899607,0.336974,0.226206
SG_010777,0,0.88305,0.282962,0.285839
SG_010778,1,0.395664,0.125425,0.141398
SG_010779,0,0.9889,0.419922,0.331702
SG_010780,1,0.967271,0.356685,0.319238
SG_010782,0,0.914936,0.295499,0.329613
SG_010783,0,0.480014,0.135715,0.167384
SG_010785,1,0.222686,0.0985,0.125746
SG_010786,0,0.348893,0.124787,0.117248
SG_010787,0,0.804443,0.233912,0.265389
SG_010788,0,0.957786,0.352376,0.299512
SG_010790,0,0.024457,0.070889,0.056998
SG_010792,0,0.237486,0.098607,0.133563
SG_010793,0,0.168864,0.084337,0.135416
SG_010794,0,0.651329,0.194686,0.178884
SG_010797,0,0.179607,0.094082,0.114751
SG_010799,0,0.872579,0.280146,0.272978
SG_010800,0,0.430979,0.126612,0.160042
SG_010802,0,0.911707,0.298122,0.308132
SG_010804,0,0.705643,0.211939,0.194433
SG_010805,1,0.41725,0.133638,0.135061
SG_010806,0,0.040821,0.075665,0.064949
SG_010807,0,0.96645,0.378133,0.290067
SG_010811,0,0.921829,0.323265,0.272524
SG_010812,1,0.835486,0.25198,0.273209
SG_010813,0,0.729736,0.215228,0.211105
SG_010815,1,0.834593,0.254014,0.26787
SG_010817,1,0.802929,0.253538,0.227238
SG_010819,1,0.980814,0.372025,0.348284
SG_010820,0,0.039857,0.06853,0.083656
SG_010821,0,0.116243,0.085353,0.100873
SG_010822,0,0.866093,0.274886,0.273047
SG_010823,0,0.2145,0.101984,0.108125
SG_010825,0,0.673443,0.240605,0.142238
SG_010826,0,0.763114,0.211057,0.256921
SG_010827,0,0.1697,0.096442,0.100919
SG_010829,0,0.358214,0.12285,0.127604
SG_010832,0,0.586421,0.165227,0.177146
SG_010833,0,0.237971,0.112507,0.084039
SG_010834,0,0.36815,0.103782,0.200371
SG_010835,1,0.701621,0.184177,0.244531
SG_010836,0,0.361743,0.114405,0.15501
SG_010838,0,0.680486,0.200324,0.191347
SG_010839,0,0.628321,0.169681,0.199978
SG_010840,0,0.50685,0.156729,0.140951
SG_010841,0,0.238243,0.101667,0.124093
SG_010842,0,0.011257,0.062246,0.054979
SG_010848,1,0.942157,0.399055,0.242501
SG_010849,1,0.646479,0.185316,0.188672
SG_010850,0,0.954343,0.330854,0.342069
SG_010851,0,0.641629,0.173908,0.203665
SG_010852,0,0.26905,0.109006,0.118791
SG_010854,0,0.071779,0.081643,0.076305
SG_010855,1,0.827993,0.241598,0.285637
SG_010856,0,0.096921,0.070699,0.120582
SG_010858,0,0.700621,0.195008,0.219207
SG_010859,0,0.019693,0.072859,0.016771
SG_010861,0,0.115114,0.081367,0.110893
SG_010862,1,0.380036,0.126719,0.130147
SG_010864,0,0.514829,0.132198,0.20474
SG_010866,0,0.360429,0.117974,0.142511
SG_010867,1,0.202964,0.104716,0.089333
SG_010868,1,0.768943,0.222645,0.240229
SG_010869,1,0.954793,0.342527,0.306143
SG_010873,0,0.733564,0.189065,0.279048
SG_010874,0,0.653879,0.189259,0.188539
SG_010875,1,0.956329,0.343766,0.30739
SG_010877,0,0.368457,0.123376,0.13206
SG_010878,0,0.178107,0.093162,0.117284
SG_010879,0,0.829921,0.258961,0.25038
SG_010880,0,0.3586,0.113745,0.155151
SG_010883,0,0.276629,0.117586,0.092811
SG_010885,0,0.913,0.288707,0.378972
SG_010886,1,0.391907,0.115789,0.169708
SG_010890,0,0.6025,0.152932,0.218529
SG_010891,0,0.49205,0.140175,0.164351
SG_010892,0,0.458807,0.131287,0.165306
SG_010893,0,0.345186,0.120437,0.127471
SG_010895,0,0.869143,0.292698,0.245103
SG_010897,1,0.556836,0.159427,0.166507
SG_010899,0,0.689443,0.186456,0.224708
SG_010900,1,0.639393,0.186906,0.180896
SG_010901,0,0.098493,0.085642,0.086028
SG_010903,0,0.400393,0.123135,0.15035
SG_010905,0,0.707779,0.202006,0.212174
SG_010906,0,0.2814,0.108923,0.126282
SG_010908,0,0.049243,0.076398,0.073447
SG_010909,0,0.169957,0.096813,0.099839
SG_010910,0,0.873843,0.26568,0.316319
SG_010912,0,0.2972,0.111564,0.12732
SG_010913,0,0.695057,0.183542,0.238733
SG_010914,0,0.164943,0.097095,0.094833
SG_010915,0,0.566521,0.154673,0.183518
SG_010916,0,0.7297,0.194465,0.255698
SG_010917,0,0.699436,0.208,0.19572
SG_010918,0,0.366964,0.117432,0.14784
SG_010919,0,0.16975,0.096882,0.099258
SG_010920,0,0.426393,0.14173,0.122637
SG_010921,0,0.145196,0.099267,0.057128
SG_010923,0,0.380993,0.121178,0.144811
SG_010924,0,0.318079,0.114893,0.128698
SG_010925,0,0.509486,0.149021,0.156172
SG_010926,0,0.9224,0.345575,0.245704
SG_010927,0,0.186129,0.100265,0.096599
SG_010928,0,0.455379,0.128296,0.17182
SG_010929,0,0.153807,0.097661,0.08167
SG_010931,0,0.057629,0.082726,0.041051
SG_010932,0,0.647064,0.180687,0.195673
SG_010933,0,0.678786,0.212107,0.174518
SG_010934,0,0.987671,0.398008,0.33957
SG_010935,0,0.274879,0.110271,0.118145
SG_010936,0,0.212986,0.102272,0.106254
SG_010937,0,0.795007,0.254553,0.217384
SG_010938,0,0.0942,0.085712,0.081742
SG_010939,0,0.666093,0.20781,0.171192
SG_010940,1,0.939514,0.356836,0.261224
SG_010941,1,0.381121,0.130593,0.121629
SG_010942,0,0.356,0.124293,0.122935
SG_010943,1,0.268986,0.102183,0.13907
SG_010944,0,0.171343,0.103008,0.064749
SG_010945,0,0.043393,0.076807,0.063897
SG_010947,0,0.248264,0.094875,0.151456
SG_010948,0,0.271114,0.10733,0.124883
SG_010949,0,0.269021,0.106158,0.126759
SG_010950,0,0.870386,0.315228,0.217907
SG_010952,0,0.119014,0.088915,0.091635
SG_010953,0,0.542764,0.153315,0.169586
SG_010954,0,0.149286,0.088733,0.11262
SG_010955,0,0.799671,0.237675,0.249063
SG_010957,0,0.058271,0.079163,0.073054
SG_010958,0,0.424436,0.122844,0.1668
SG_010959,1,0.588279,0.138747,0.259041
SG_010963,0,0.852143,0.296406,0.220063
SG_010964,0,0.102329,0.090572,0.065036
SG_010965,0,0.173921,0.101104,0.082263
SG_010966,1,0.403414,0.124995,0.147292
SG_010967,0,0.407836,0.140258,0.114643
SG_010968,1,0.537136,0.153842,0.164324
SG_010970,0,0.367643,0.124893,0.127661
SG_010972,0,0.878279,0.29663,0.250325
SG_010975,0,0.3169,0.1209,0.108717
SG_010976,1,0.887657,0.287102,0.283916
SG_010978,1,0.730964,0.212439,0.216005
SG_010979,0,0.454114,0.137551,0.147028
SG_010980,0,0.903779,0.320564,0.249917
SG_010981,0,0.142064,0.092515,0.096353
SG_010983,0,0.709621,0.204188,0.210293
SG_010984,0,0.606379,0.172543,0.178373
SG_010988,0,0.081607,0.087389,0.050785
SG_010989,0,0.003571,0.058576,0.03648
SG_010990,0,0.90445,0.294496,0.301187
SG_010991,0,0.220764,0.092607,0.143167
SG_010992,1,0.577836,0.194139,0.13366
SG_010994,0,0.031357,0.067408,0.07666
SG_010996,0,0.450986,0.133102,0.155496
SG_010997,0,0.648964,0.179951,0.198472
SG_010999,1,0.607079,0.154557,0.218167
SG_011000,0,0.616236,0.171957,0.186989
SG_011001,0,0.3219,0.116551,0.125324
SG_011002,0,0.733557,0.207478,0.229154
SG_011004,0,0.920579,0.317713,0.281128
SG_011005,0,0.32455,0.11901,0.120287
SG_011006,0,0.51865,0.160131,0.141971
SG_011007,0,0.67835,0.201925,0.187214
SG_011008,0,0.102229,0.079784,0.107108
SG_011009,0,0.615336,0.165266,0.19902
SG_011011,0,0.1733,0.090931,0.121026
SG_011013,1,0.542307,0.150792,0.174854
SG_011014,0,0.913971,0.314719,0.274504
SG_011015,0,0.204843,0.097212,0.120087
SG_011018,0,0.769143,0.225445,0.235545
SG_011019,0,0.3413,0.124729,0.113099
SG_011020,0,0.027214,0.069708,0.066305
SG_011021,0,0.899064,0.303174,0.270426
SG_011022,0,0.8934,0.286735,0.298165
SG_011023,1,0.866171,0.303125,0.227014
SG_011024,0,0.956021,0.366324,0.281207
SG_011026,0,0.704236,0.189387,0.236095
SG_011027,0,0.743629,0.214612,0.226291
SG_011028,1,0.468586,0.134072,0.164082
SG_011029,0,0.046579,0.078875,0.054651
SG_011030,1,0.579521,0.161616,0.178812
SG_011032,0,0.538714,0.148021,0.178313
SG_011033,1,0.840893,0.266239,0.252599
SG_011034,0,0.551414,0.159304,0.163453
SG_011035,0,0.256807,0.111861,0.101628
SG_011036,0,0.249264,0.114914,0.082411
SG_011037,1,0.853471,0.288508,0.231583
SG_011038,0,0.989557,0.44407,0.327681
SG_011039,0,0.790314,0.210828,0.309809
SG_011040,0,0.615571,0.164634,0.200496
SG_011041,0,0.393979,0.125451,0.140452
SG_011042,1,0.493693,0.143287,0.158011
SG_011043,0,0.479343,0.153464,0.13102
SG_011044,0,0.1114,0.083207,0.103691
SG_011045,0,0.492371,0.145196,0.153303
SG_011046,1,0.778221,0.221326,0.255003
SG_011047,0,0.094643,0.08964,0.059915
SG_011048,0,0.436314,0.127721,0.160576
SG_011049,0,0.198546,0.099224,0.108608
SG_011051,0,0.090564,0.088,0.0652
SG_011054,0,0.058836,0.082695,0.046127
SG_011056,0,0.370993,0.119985,0.143062
SG_011058,0,0.620536,0.155182,0.231149
SG_011059,1,0.902279,0.325189,0.242248
SG_011061,0,0.817971,0.286872,0.199198
SG_011062,0,0.051579,0.076731,0.075171
SG_011063,1,0.933364,0.322414,0.298433
SG_011064,0,0.070371,0.080583,0.079955
SG_011065,0,0.885514,0.283089,0.289791
SG_011066,0,0.215486,0.101527,0.111
SG_011067,0,0.980536,0.382435,0.322764
SG_011068,0,0.442564,0.127165,0.165867
SG_011069,0,0.968593,0.351791,0.337578
SG_011070,0,0.4074,0.130932,0.135774
SG_011071,0,0.785157,0.255895,0.206297
SG_011072,0,0.791129,0.249248,0.220677
SG_011074,0,0.617543,0.166235,0.199404
SG_011076,0,0.60195,0.209932,0.130105
SG_011078,1,0.89265,0.276235,0.339547
SG_011079,0,0.265443,0.118012,0.080871
SG_011080,0,0.682729,0.190933,0.21062
SG_011081,0,0.839136,0.277173,0.232039
SG_011082,0,0.455021,0.134961,0.153041
SG_011083,1,0.91205,0.30649,0.288106
SG_011084,0,0.792429,0.256867,0.211704
SG_011085,0,0.246121,0.102683,0.124858
SG_011086,0,0.165893,0.091393,0.114711
SG_011087,0,0.828986,0.27325,0.226717
SG_011090,0,0.91715,0.313116,0.283553
SG_011091,0,0.430907,0.139666,0.1296
SG_011092,0,0.954036,0.333417,0.328381
SG_011093,0,0.0711,0.082354,0.072228
SG_011094,0,0.505264,0.140692,0.172063
SG_011095,1,0.602214,0.163188,0.192592
SG_011096,0,0.6245,0.154751,0.237864
SG_011098,0,0.812886,0.26548,0.220073
SG_011099,0,0.073036,0.081274,0.078925
SG_011100,0,0.302236,0.099975,0.167572
SG_011101,0,0.269929,0.101279,0.143042
SG_011102,0,0.936286,0.322799,0.303576
SG_011103,0,0.233164,0.098098,0.132765
SG_011104,1,0.913186,0.317608,0.26838
SG_011105,0,0.750179,0.195608,0.284588
SG_011106,0,0.244764,0.104715,0.117427
SG_011108,0,0.340029,0.120155,0.125318
SG_011109,0,0.631929,0.195163,0.164111
SG_011111,0,0.146129,0.090278,0.106211
SG_011112,0,0.740007,0.223302,0.208017
SG_011113,1,0.961107,0.36141,0.297273
SG_011114,0,0.233421,0.10577,0.106648
SG_011115,0,0.980414,0.412244,0.304728
SG_011116,1,0.961414,0.391206,0.273435
SG_011118,0,0.926086,0.332488,0.266195
SG_011119,1,0.905293,0.288761,0.321567
SG_011121,0,0.777664,0.230632,0.235327
SG_011122,0,0.797071,0.243989,0.235263
SG_011123,0,0.001879,0.056346,0.029967
SG_011124,0,0.143057,0.087522,0.111866
SG_011125,1,0.919907,0.324048,0.268747
SG_011126,0,0.509907,0.145001,0.165055
SG_011127,0,0.244279,0.104499,0.117812
SG_011128,1,0.613121,0.169633,0.18823
SG_011129,0,0.374957,0.12579,0.129232
SG_011130,0,0.212236,0.110735,0.06527
SG_011131,0,0.64815,0.150597,0.29363
SG_011134,0,0.606979,0.149534,0.235394
SG_011135,0,0.618879,0.190707,0.162287
SG_011136,0,0.881607,0.28445,0.279513
SG_011137,1,0.356036,0.098762,0.215699
SG_011138,0,0.878636,0.262845,0.37748
SG_011140,0,0.267807,0.111983,0.108084
SG_011141,1,0.831557,0.275904,0.22527
SG_011142,1,0.514171,0.144053,0.170317
SG_011145,0,0.363664,0.133409,0.103719
SG_011146,1,0.699293,0.217243,0.18309
SG_011149,0,0.213214,0.088319,0.149772
SG_011150,0,0.032757,0.076167,0.043271
SG_011153,1,0.760564,0.223545,0.228452
SG_011155,0,0.477436,0.154411,0.128524
SG_011156,1,0.891829,0.295174,0.273268
SG_011157,0,0.2531,0.114208,0.089315
SG_011163,0,0.194564,0.090119,0.135246
SG_011165,0,0.311936,0.11349,0.129818
SG_011166,0,0.272064,0.120715,0.07345
SG_011167,0,0.022521,0.073845,0.021328
SG_011168,0,0.264479,0.111835,0.106857
SG_011171,0,0.614529,0.172061,0.185367
SG_011172,0,0.960443,0.349466,0.309794
SG_011173,0,0.11825,0.08361,0.107115
SG_011174,0,0.379257,0.127461,0.1281
SG_011178,0,0.274157,0.10813,0.124419
SG_011179,0,0.764379,0.23521,0.213669
SG_011180,0,0.35885,0.120778,0.133897
SG_011181,0,0.287914,0.101085,0.154181
SG_011183,1,0.119721,0.086541,0.09972
SG_011185,0,0.217414,0.107901,0.087597
SG_011187,0,0.41365,0.135793,0.127981
SG_011188,0,0.843721,0.274528,0.241797
SG_011189,0,0.648036,0.192789,0.179337
SG_011191,0,0.734264,0.240016,0.182545
SG_011193,1,0.774564,0.27511,0.17755
SG_011194,0,0.588157,0.169721,0.169885
SG_011195,0,0.267943,0.110217,0.114287
SG_011196,0,0.532693,0.157004,0.15543
SG_011197,0,0.872643,0.290689,0.252711
SG_011198,0,0.445314,0.14894,0.120025
SG_011202,0,0.123914,0.083829,0.110228
SG_011204,1,0.624779,0.177894,0.183257
SG_011205,0,0.835571,0.295388,0.205216
SG_011206,0,0.403707,0.12309,0.15259
SG_011207,0,0.592129,0.149293,0.220084
SG_011209,0,0.785629,0.248589,0.215754
SG_011210,0,0.209714,0.086039,0.15377
SG_011211,0,0.641236,0.18102,0.190884
SG_011213,0,0.679436,0.192803,0.204068
SG_011215,0,0.357471,0.119342,0.137629
SG_011216,0,0.065579,0.072827,0.097647
SG_011217,0,0.681729,0.185633,0.218512
SG_011218,0,0.059721,0.082137,0.054435
SG_011219,0,0.403436,0.130335,0.134712
SG_011220,0,0.466221,0.14009,0.148197
SG_011223,0,0.932914,0.317384,0.30879
SG_011225,1,0.948879,0.358205,0.274655
SG_011227,0,0.799614,0.253602,0.223526
SG_011228,0,0.630286,0.167998,0.206008
SG_011229,0,0.742836,0.185156,0.318718
SG_011230,1,0.867457,0.272092,0.283792
SG_011231,0,0.283586,0.10723,0.132168
SG_011232,0,0.157407,0.097311,0.087473
SG_011233,0,0.778386,0.250722,0.206085
SG_011234,0,0.409671,0.134378,0.12889
SG_011236,0,0.31725,0.120577,0.110428
SG_011237,0,0.5695,0.186264,0.137564
SG_011238,0,0.205657,0.105885,0.085687
SG_011240,0,0.235671,0.102855,0.118071
SG_011241,1,0.918064,0.315349,0.281979
SG_011242,0,0.480514,0.127097,0.193962
SG_011243,0,0.722821,0.248487,0.166124
SG_011244,0,0.937771,0.312839,0.354508
SG_011245,0,0.675193,0.187444,0.208704
SG_011246,0,0.732464,0.217997,0.208718
SG_011247,1,0.931964,0.327412,0.284138
SG_011248,0,0.1606,0.083981,0.131511
SG_011249,0,0.217529,0.096142,0.130755
SG_011251,0,0.525007,0.140788,0.18585
SG_011252,0,0.318121,0.110985,0.14048
SG_011253,0,0.287764,0.112504,0.118886
SG_011254,0,0.283179,0.102178,0.147223
SG_011255,0,0.311207,0.099477,0.176136
SG_011256,0,0.291157,0.115375,0.111307
SG_011258,0,0.235479,0.103048,0.117384
SG_011260,0,0.77425,0.270131,0.182528
SG_011263,0,0.261957,0.116311,0.086669
SG_011264,0,0.315707,0.117299,0.119724
SG_011265,0,0.108907,0.087124,0.089443
SG_011267,1,0.950479,0.329241,0.328551
SG_011268,0,0.058336,0.071475,0.094678
SG_011269,0,0.279943,0.109252,0.124375
SG_011270,0,0.232307,0.102678,0.116686
SG_011271,1,0.565079,0.147778,0.199034
SG_011272,0,0.362686,0.11583,0.150494
SG_011273,0,0.619243,0.153254,0.236394
SG_011276,0,0.20855,0.106221,0.086591
SG_011277,0,0.640014,0.194034,0.171975
SG_011278,0,0.003186,0.058429,0.035539
SG_011281,0,0.619243,0.173267,0.186379
SG_011282,0,0.242136,0.10214,0.124494
SG_011283,0,0.161093,0.097822,0.087453
SG_011284,0,0.930293,0.326968,0.281909
SG_011286,1,0.29745,0.108372,0.136849
SG_011287,0,0.625307,0.146083,0.277611
SG_011288,0,0.362179,0.117179,0.145675
SG_011289,1,0.667636,0.194131,0.191921
SG_011290,0,0.799107,0.241282,0.241764
SG_011292,0,0.472507,0.135193,0.16371
SG_011293,0,0.184164,0.080972,0.151312
SG_011295,0,0.127907,0.094359,0.073806
SG_011296,0,0.134914,0.082738,0.119672
SG_011297,0,0.458329,0.130255,0.167493
SG_011299,0,0.779471,0.230841,0.237197
SG_011300,0,0.5676,0.164543,0.16499
SG_011301,0,0.294757,0.11145,0.126537
SG_011302,0,0.028379,0.072142,0.060642
SG_011305,0,0.521657,0.151634,0.158889
SG_011311,0,0.570964,0.170896,0.156775
SG_011314,0,0.404514,0.138245,0.117363
SG_011315,1,0.2032,0.106539,0.07948
SG_011316,1,0.097186,0.09134,0.045623
SG_011317,0,0.158043,0.084843,0.128123
SG_011318,0,0.64665,0.188964,0.183548
SG_011319,0,0.826907,0.263604,0.239794
SG_011320,0,0.425471,0.128499,0.151018
SG_011321,0,0.879371,0.314062,0.228697
SG_011322,0,0.189586,0.103734,0.082463
SG_011323,0,0.24945,0.098527,0.140456
SG_011324,0,0.503736,0.150178,0.150196
SG_011325,0,0.651393,0.214029,0.15403
SG_011326,1,0.817443,0.229598,0.301246
SG_011328,0,0.705821,0.195135,0.224165
SG_011329,0,0.474257,0.131551,0.175842
SG_011330,0,0.8725,0.257655,0.383192
SG_011331,0,0.299529,0.11612,0.113708
SG_011332,0,0.520964,0.136295,0.19657
SG_011334,0,0.212514,0.10098,0.111462
SG_011336,0,0.818043,0.272758,0.216163
SG_011338,0,0.040571,0.078646,0.039412
SG_011339,0,0.221864,0.091807,0.14554
SG_011341,0,0.67315,0.185132,0.211728
SG_011342,0,0.032,0.070657,0.070903
SG_011344,0,0.109871,0.094383,0.032639
SG_011346,0,0.574479,0.170411,0.160264
SG_011348,0,0.800007,0.260577,0.214182
SG_011349,0,0.21885,0.099989,0.118313
SG_011351,0,0.2167,0.101976,0.109776
SG_011352,0,0.087993,0.085927,0.074256
SG_011353,0,0.456057,0.145581,0.13217
SG_011354,0,0.937536,0.353937,0.260739
SG_011355,0,0.586486,0.170872,0.167289
SG_011356,1,0.857664,0.310281,0.210699
SG_011358,0,0.268443,0.112405,0.107227
SG_011359,1,0.110821,0.083919,0.101452
SG_011362,1,0.305264,0.110206,0.135948
SG_011363,1,0.270879,0.104482,0.133017
SG_011364,1,0.744164,0.212671,0.230287
SG_011365,0,0.678293,0.200932,0.188588
SG_011366,0,0.679136,0.204126,0.185113
SG_011368,0,0.599364,0.174811,0.169769
SG_011369,0,0.783971,0.230592,0.242595
SG_011370,0,0.8781,0.285287,0.27055
SG_011372,1,0.602171,0.153322,0.217262
SG_011373,0,0.112164,0.090489,0.078085
SG_011374,0,0.842693,0.253512,0.283834
SG_011375,0,0.723,0.225394,0.191448
SG_011378,0,0.4596,0.150794,0.124635
SG_011379,1,0.577429,0.193504,0.134444
SG_011382,0,0.175143,0.095648,0.107086
SG_011384,0,0.953393,0.337564,0.311857
SG_011385,0,0.648064,0.1956,0.174817
SG_011386,0,0.544879,0.162247,0.153842
SG_011387,0,0.346393,0.115393,0.1428
SG_011388,0,0.444357,0.132891,0.151727
SG_011389,0,0.4588,0.142377,0.139045
SG_011390,1,0.916843,0.352732,0.234733
SG_011391,0,0.166564,0.097026,0.096188
SG_011392,0,0.014329,0.062732,0.060834
SG_011393,1,0.946443,0.395892,0.248963
SG_011394,0,0.918964,0.331134,0.256735
SG_011395,0,0.866471,0.279458,0.2649
SG_011396,0,0.510064,0.151985,0.150525
SG_011397,1,0.81575,0.257032,0.236178
SG_011399,0,0.8862,0.319325,0.230252
SG_011400,0,0.379157,0.124755,0.134929
SG_011402,0,0.702607,0.215285,0.18816
SG_011403,0,0.726593,0.207342,0.221588
SG_011404,0,0.57945,0.167636,0.168194
SG_011405,0,0.754429,0.227838,0.215204
SG_011406,0,0.968757,0.364604,0.310668
SG_011407,0,0.797643,0.245237,0.234192
SG_011408,0,0.101421,0.09065,0.06341
SG_011409,1,0.846793,0.272031,0.25101
SG_011410,0,0.247764,0.109783,0.102906
SG_011411,0,0.2286,0.099898,0.124459
SG_011412,1,0.795614,0.25186,0.221385
SG_011414,0,0.723321,0.217117,0.20268
SG_011415,0,0.41155,0.131154,0.137404
SG_011417,0,0.098321,0.080719,0.102199
SG_011418,0,0.213571,0.09296,0.138203
SG_011419,0,0.430771,0.138237,0.132493
SG_011421,0,0.284064,0.116792,0.101272
SG_011422,0,0.682043,0.191444,0.209045
SG_011423,0,0.555236,0.168625,0.150302
SG_011424,0,0.965443,0.344572,0.344094
SG_011425,1,0.907043,0.285345,0.359694
SG_011426,0,0.175493,0.103663,0.06637
SG_011427,0,0.521064,0.156344,0.149621
SG_011428,0,0.400929,0.13323,0.126845
SG_011430,0,0.76445,0.230012,0.221181
SG_011431,0,0.330586,0.116322,0.131187
SG_011433,0,0.71775,0.208595,0.210453
SG_011434,0,0.407786,0.132504,0.132138
SG_011435,0,0.577129,0.155941,0.188968
SG_011436,0,0.816921,0.26271,0.229208
SG_011438,1,0.438979,0.14087,0.131407
SG_011439,1,0.440364,0.128518,0.160824
SG_011440,1,0.622964,0.167723,0.200765
SG_011441,0,0.678907,0.20923,0.177984
SG_011442,0,0.25295,0.113499,0.092333
SG_011444,0,0.062714,0.079291,0.077417
SG_011445,0,0.631621,0.168491,0.205798
SG_011446,0,0.980943,0.477108,0.299862
SG_011448,0,0.320343,0.108134,0.150065
SG_011449,0,0.474657,0.13867,0.156362
SG_011451,0,0.200214,0.101533,0.100966
SG_011452,1,0.326443,0.108805,0.151635
SG_011453,1,0.817379,0.261181,0.231869
SG_011454,1,0.920886,0.3206,0.275301
SG_011455,0,0.150036,0.095059,0.09182
SG_011456,0,0.035336,0.072322,0.070836
SG_011459,0,0.241607,0.113511,0.082493
SG_011461,0,0.309457,0.097592,0.182987
SG_011462,0,0.631607,0.194159,0.165588
SG_011463,0,0.516443,0.155193,0.148701
SG_011465,0,0.705579,0.202271,0.209812
SG_011466,0,0.379993,0.121963,0.142116
SG_011467,0,0.334414,0.128335,0.097898
SG_011470,0,0.769879,0.224376,0.238757
SG_011471,0,0.87935,0.28522,0.272586
SG_011472,0,0.650307,0.185961,0.190533
SG_011474,0,0.333157,0.097318,0.203378
SG_011476,0,0.555771,0.158915,0.167333
SG_011477,0,0.216986,0.103184,0.10558
SG_011478,0,0.394679,0.117231,0.165924
SG_011480,0,0.8102,0.278792,0.201272
SG_011481,0,0.51375,0.151499,0.153845
SG_011484,0,0.074486,0.07891,0.089747
SG_011485,0,0.019329,0.071167,0.042108
SG_011486,0,0.653986,0.222651,0.147088
SG_011487,0,0.731086,0.204133,0.232874
SG_011488,0,0.371043,0.140431,0.089229
SG_011489,0,0.971914,0.364359,0.321638
SG_011490,1,0.754986,0.222547,0.223912
SG_011491,0,0.5242,0.149265,0.165502
SG_011494,0,0.371864,0.113833,0.163495
SG_011495,0,0.794964,0.227825,0.265399
SG_011496,1,0.856414,0.274962,0.258226
SG_011498,0,0.416564,0.126244,0.151382
SG_011499,0,0.827579,0.242165,0.283518
SG_011500,0,0.628386,0.203068,0.151679
SG_011501,0,0.842986,0.290773,0.217296
SG_011502,0,0.28525,0.110091,0.124906
SG_011506,0,0.642571,0.171893,0.209033
SG_011507,0,0.441614,0.140493,0.133658
SG_011508,0,0.261786,0.086673,0.187935
SG_011509,0,0.519671,0.138954,0.187172
SG_011510,1,0.965871,0.371247,0.296107
SG_011511,0,0.283729,0.111836,0.118658
SG_011513,0,0.218629,0.106137,0.095113
SG_011514,1,0.933843,0.338885,0.269187
SG_011515,0,0.7307,0.218113,0.206763
SG_011516,1,0.712471,0.190252,0.244381
SG_011517,0,0.44255,0.129882,0.158048
SG_011518,0,0.014393,0.069165,0.03665
SG_011520,0,0.536186,0.170991,0.136813
SG_011521,0,0.4417,0.136554,0.142084
SG_011522,0,0.243614,0.100346,0.131607
SG_011523,0,0.372214,0.108897,0.182821
SG_011524,1,0.451579,0.139102,0.14215
SG_011525,0,0.665986,0.209129,0.169156
SG_011529,0,0.682743,0.186465,0.217586
SG_011530,0,0.50765,0.145576,0.162534
SG_011531,0,0.294629,0.11326,0.120524
SG_011533,0,0.092971,0.086855,0.074579
SG_011534,0,0.469557,0.116884,0.230677
SG_011535,0,0.531043,0.150703,0.166653
SG_011536,0,0.182479,0.098204,0.102005
SG_011537,0,0.322407,0.122387,0.107715
SG_011538,0,0.972207,0.347952,0.397596
SG_011539,0,0.407843,0.148666,0.096588
SG_011540,0,0.31975,0.119501,0.115188
SG_011542,0,0.864671,0.26877,0.286645
SG_011543,1,0.843921,0.298131,0.210187
SG_011545,0,0.184057,0.102962,0.080824
SG_011546,0,0.701279,0.22322,0.177514
SG_011549,0,0.487286,0.12857,0.193976
SG_011550,0,0.260436,0.101623,0.136669
SG_011551,0,0.380136,0.125181,0.133929
SG_011553,0,0.873064,0.288176,0.257106
SG_011554,0,0.315086,0.109866,0.142129
SG_011555,0,0.359586,0.13233,0.103675
SG_011556,0,0.193393,0.097158,0.113389
SG_011557,0,0.867157,0.281044,0.262469
SG_011558,0,0.834986,0.273079,0.234337
SG_011559,0,0.560343,0.142723,0.209197
SG_011560,0,0.219214,0.106246,0.095149
SG_011561,0,0.749657,0.221201,0.220841
SG_011562,0,0.604843,0.164375,0.192322
SG_011563,0,0.689986,0.200822,0.198212
SG_011564,0,0.965236,0.340908,0.362107
SG_011565,0,0.598436,0.222093,0.116049
SG_011568,1,0.797779,0.25651,0.217418
SG_011570,0,0.042279,0.078318,0.049879
SG_011571,1,0.783514,0.239685,0.226187
SG_011572,0,0.944836,0.376884,0.254566
SG_011573,0,0.869043,0.312525,0.219264
SG_011574,0,0.082586,0.08769,0.050722
SG_011578,0,0.677107,0.211523,0.174002
SG_011579,0,0.079414,0.082489,0.0808
SG_011580,0,0.223729,0.09848,0.126547
SG_011582,0,0.4134,0.127332,0.147261
SG_011583,0,0.9528,0.328623,0.347098
SG_011585,0,0.625629,0.165896,0.207114
SG_011587,0,0.905407,0.372879,0.211123
SG_011588,0,0.306543,0.106621,0.146123
SG_011589,0,0.827321,0.238824,0.291158
SG_011590,1,0.189457,0.098716,0.104554
SG_011591,0,0.053493,0.080631,0.055309
SG_011592,1,0.84555,0.281022,0.234395
SG_011594,0,0.947007,0.378945,0.256346
SG_011595,0,0.26035,0.105414,0.124538
SG_011596,0,0.726914,0.233662,0.184371
SG_011599,1,0.857021,0.290462,0.23352
SG_011600,0,0.744957,0.19218,0.289116
SG_011601,0,0.849871,0.291217,0.224047
SG_011603,0,0.884364,0.280374,0.29622
SG_011604,0,0.595,0.185573,0.152567
SG_011606,0,0.843729,0.275738,0.239976
SG_011608,1,0.912571,0.303064,0.297918
SG_011609,0,0.537707,0.151174,0.170641
SG_011610,0,0.576686,0.168459,0.164514
SG_011611,0,0.948107,0.377321,0.259032
SG_011613,0,0.967693,0.375297,0.296207
SG_011614,0,0.595143,0.167753,0.179274
SG_011615,0,0.2603,0.096154,0.154889
SG_011618,0,0.078079,0.087711,0.035052
SG_011619,0,0.157293,0.085843,0.124868
SG_011621,0,0.5124,0.142595,0.172099
SG_011623,1,0.69645,0.177374,0.255502
SG_011624,1,0.921893,0.326365,0.268072
SG_011628,0,0.382393,0.116432,0.161009
SG_011629,0,0.962671,0.357146,0.305012
SG_011630,1,0.509286,0.142763,0.169279
SG_011631,1,0.117564,0.093776,0.064839
SG_011634,0,0.390079,0.127727,0.133284
SG_011636,0,0.568843,0.163443,0.167547
SG_011637,1,0.145764,0.095234,0.0871
SG_011639,0,0.560057,0.163953,0.161309
SG_011641,1,0.592443,0.167835,0.176943
SG_011642,0,0.022271,0.073825,0.019526
SG_011643,0,0.495493,0.153009,0.140697
SG_011644,0,0.121093,0.093851,0.06935
SG_011646,0,0.622364,0.186466,0.169063
SG_011647,0,0.520336,0.147591,0.166085
SG_011648,0,0.798621,0.264266,0.207839
SG_011650,0,0.707393,0.206921,0.204465
SG_011651,0,0.148364,0.08815,0.113637
SG_011652,0,0.920964,0.315054,0.288214
SG_011653,0,0.5737,0.172757,0.155674
SG_011654,0,0.308464,0.109801,0.138579
SG_011655,0,0.3595,0.117561,0.143213
SG_011657,0,0.206793,0.10458,0.092822
SG_011658,0,0.845879,0.268525,0.255429
SG_011659,0,0.110829,0.083748,0.101952
SG_011660,0,0.731214,0.195844,0.253265
SG_011661,0,0.0675,0.070225,0.102865
SG_011664,0,0.282314,0.117105,0.09919
SG_011665,0,0.894964,0.327595,0.230995
SG_011667,0,0.4324,0.134757,0.14061
SG_011668,0,0.424821,0.128117,0.151691
SG_011669,0,0.154493,0.092884,0.103629
SG_011670,0,0.2299,0.10049,0.123489
SG_011671,1,0.049757,0.076602,0.073325
SG_011674,0,0.513371,0.168687,0.127041
SG_011675,0,0.896786,0.296783,0.278539
SG_011677,0,0.966864,0.371616,0.297946
SG_011679,0,0.812686,0.22829,0.297155
SG_011680,0,0.72945,0.242297,0.176814
SG_011681,0,0.938229,0.336331,0.280018
SG_011685,0,0.344407,0.124975,0.113864
SG_011686,0,0.676114,0.204164,0.183045
SG_011687,0,0.979943,0.387882,0.317447
SG_011688,0,0.548386,0.148389,0.184668
SG_011689,0,0.816786,0.249525,0.250513
SG_011690,0,0.755714,0.232249,0.20975
SG_011692,0,0.0958,0.08315,0.092677
SG_011693,0,0.797093,0.231285,0.258937
SG_011696,1,0.827336,0.231957,0.319291
SG_011698,0,0.066121,0.082149,0.066729
SG_011700,0,0.693279,0.205766,0.193858
SG_011702,0,0.286664,0.114125,0.112963
SG_011703,1,0.872686,0.302841,0.235344
SG_011706,0,0.209071,0.101225,0.107866
SG_011707,0,0.448536,0.146626,0.126261
SG_011709,0,0.584707,0.138299,0.255941
SG_011710,0,0.154543,0.102272,0.023148
SG_011711,0,0.519107,0.160081,0.142298
SG_011712,0,0.601286,0.166137,0.186732
SG_011713,0,0.935814,0.32829,0.290154
SG_011716,0,0.069221,0.076364,0.092549
SG_011717,0,0.308307,0.111524,0.133578
SG_011718,0,0.292664,0.097003,0.173723
SG_011719,0,0.373264,0.11471,0.161693
SG_011722,1,0.747886,0.221437,0.218467
SG_011723,0,0.021079,0.069279,0.0562
SG_011724,0,0.34845,0.130907,0.100541
SG_011725,0,0.141529,0.097131,0.072185
SG_011726,0,0.845314,0.25368,0.288514
SG_011730,0,0.274907,0.117795,0.090706
SG_011732,0,0.847529,0.280258,0.238385
SG_011733,0,0.797286,0.262797,0.208867
SG_011734,0,0.081943,0.087324,0.053133
SG_011735,0,0.215786,0.109424,0.077815
SG_011738,0,0.156579,0.092045,0.107309
SG_011739,0,0.325086,0.120644,0.114692
SG_011740,0,0.574343,0.154067,0.190835
SG_011741,0,0.146664,0.094181,0.09258
SG_011742,1,0.210129,0.106956,0.084777
SG_011743,0,0.2561,0.115771,0.083964
SG_011744,1,0.85335,0.242785,0.410598
SG_011745,0,0.524271,0.147031,0.170452
SG_011746,0,0.549764,0.15258,0.176121
SG_011748,0,0.961543,0.349639,0.312345
SG_011751,1,0.260471,0.105147,0.125338
SG_011753,0,0.509264,0.149237,0.155686
SG_011754,0,0.442164,0.139533,0.136046
SG_011755,0,0.251921,0.107511,0.113153
SG_011756,1,0.74055,0.214683,0.222763
SG_011758,0,0.237136,0.094616,0.145717
SG_011759,0,0.931314,0.318372,0.30237
SG_011760,0,0.881614,0.278774,0.293491
SG_011761,0,0.29275,0.112406,0.122341
SG_011762,0,0.127436,0.089429,0.096357
SG_011763,0,0.82785,0.263451,0.241032
SG_011765,0,0.600243,0.158076,0.202974
SG_011766,0,0.863229,0.272611,0.274043
SG_011768,0,0.382407,0.1222,0.143041
SG_011771,0,0.3476,0.130639,0.100394
SG_011774,0,0.476357,0.133942,0.169982
SG_011775,0,0.320071,0.120854,0.11104
SG_011776,1,0.229936,0.113995,0.064857
SG_011778,0,0.606857,0.148667,0.239257
SG_011781,0,0.756914,0.234476,0.207856
SG_011782,0,0.680421,0.199666,0.192019
SG_011783,0,0.601664,0.176986,0.16771
SG_011784,0,0.398264,0.131985,0.128148
SG_011785,1,0.713964,0.20729,0.209481
SG_011788,0,0.121486,0.091513,0.082739
SG_011790,0,0.768807,0.22832,0.229872
SG_011791,0,0.780107,0.242141,0.218997
SG_011792,0,0.267989,0.099025,0.148834
SG_011793,1,0.417843,0.143589,0.113887
SG_011794,0,0.395107,0.130102,0.130427
SG_011795,0,0.8335,0.281245,0.220389
SG_011797,0,0.851229,0.275496,0.249482
SG_011798,1,0.899936,0.278619,0.380432
SG_011800,0,0.22195,0.095637,0.134936
SG_011803,0,0.181893,0.105512,0.058454
SG_011804,0,0.091921,0.083077,0.0898
SG_011805,0,0.388693,0.121461,0.148486
SG_011807,0,0.765107,0.249234,0.196897
SG_011808,0,0.545271,0.142146,0.19794
SG_011809,1,0.812336,0.251642,0.241167
SG_011810,0,0.486229,0.149662,0.141229
SG_011811,0,0.296536,0.114881,0.116156
SG_011813,0,0.295421,0.115951,0.112022
SG_011817,1,0.439686,0.122335,0.17975
SG_011818,0,0.214143,0.089715,0.14723
SG_011819,0,0.748336,0.281737,0.154105
SG_011820,0,0.531671,0.149954,0.168742
SG_011821,1,0.558143,0.15877,0.169241
SG_011822,0,0.275129,0.107294,0.127294
SG_011823,0,0.442007,0.126073,0.168489
SG_011824,1,0.484064,0.143657,0.15121
SG_011825,0,0.468679,0.13672,0.157682
SG_011826,0,0.857057,0.271926,0.266214
SG_011827,0,0.872864,0.298655,0.24049
SG_011828,0,0.188621,0.105679,0.068374
SG_011829,0,0.6134,0.159419,0.210645
SG_011831,0,0.7294,0.203451,0.232507
SG_011832,0,0.202657,0.09815,0.114806
SG_011834,1,0.767771,0.219437,0.244637
SG_011835,0,0.650521,0.164537,0.236044
SG_011836,0,0.532371,0.14795,0.174244
SG_011837,0,0.281164,0.106357,0.132986
SG_011838,1,0.863543,0.275723,0.267407
SG_011839,0,0.003007,0.061069,0.026924
SG_011840,0,0.579607,0.151905,0.200336
SG_011841,0,0.182121,0.096852,0.107313
SG_011842,0,0.785307,0.254914,0.207577
SG_011844,0,0.79935,0.268727,0.203982
SG_011845,0,0.01425,0.061864,0.062715
SG_011846,1,0.307164,0.107444,0.144433
SG_011847,0,0.580086,0.15022,0.20524
SG_011848,1,0.093586,0.087327,0.073122
SG_011849,1,0.798736,0.250713,0.226446
SG_011850,0,0.122336,0.09242,0.079618
SG_011851,0,0.781543,0.228665,0.24381
SG_011852,0,0.741271,0.210032,0.231775
SG_011854,0,0.960871,0.334007,0.379528
SG_011856,0,0.161171,0.101225,0.066285
SG_011857,0,0.601436,0.182924,0.160415
SG_011859,0,0.254629,0.109343,0.108563
SG_011860,0,0.1329,0.080337,0.124707
SG_011862,0,0.467043,0.132269,0.167775
SG_011865,0,0.059371,0.071912,0.09483
SG_011866,0,0.43625,0.143917,0.124208
SG_011867,0,0.127007,0.089887,0.094534
SG_011870,1,0.897993,0.291731,0.293717
SG_011872,1,0.052379,0.082211,0.020878
SG_011873,0,0.629671,0.185294,0.176546
SG_011874,0,0.100636,0.09147,0.052334
SG_011875,1,0.672771,0.210849,0.171638
SG_011876,0,0.508843,0.172318,0.119764
SG_011877,0,0.456621,0.124295,0.18509
SG_011878,0,0.176743,0.100402,0.088564
SG_011879,0,0.514821,0.175063,0.119193
SG_011880,0,0.504529,0.14061,0.171933
SG_011881,1,0.562607,0.151062,0.188891
SG_011882,1,0.556443,0.173902,0.1438
SG_011883,0,0.630793,0.177451,0.188233
SG_011884,1,0.963679,0.395938,0.274471
SG_011885,1,0.561943,0.158865,0.172031
SG_011887,0,0.115079,0.088429,0.089695
SG_011888,0,0.09485,0.074353,0.113802
SG_011891,0,0.621207,0.169427,0.195173
SG_011892,0,0.651064,0.18217,0.196973
SG_011893,1,0.85215,0.247908,0.328562
SG_011895,0,0.559846,0.165282,0.158788
SG_011897,0,0.12585,0.084832,0.108833
SG_011899,0,0.811621,0.246171,0.24983
SG_011901,1,0.729307,0.20233,0.234849
SG_011902,0,0.259214,0.113293,0.097817
SG_011903,0,0.354107,0.116312,0.14396
SG_011904,1,0.448179,0.134891,0.148876
SG_011905,0,0.367729,0.124356,0.129276
SG_011906,0,0.32175,0.126866,0.093012
SG_011907,0,0.224786,0.102327,0.113523
SG_011908,0,0.806107,0.268363,0.210214
SG_011909,0,0.811271,0.237284,0.26766
SG_011910,0,0.14525,0.095215,0.086798
SG_011911,0,0.504229,0.154598,0.142957
SG_011912,0,0.703729,0.209965,0.195829
SG_011913,1,0.961836,0.340973,0.336595
SG_011914,0,0.881471,0.28589,0.27478
SG_011915,0,0.057757,0.080747,0.063549
SG_011916,0,0.116593,0.091084,0.079377
SG_011917,0,0.787229,0.244214,0.223578
SG_011919,0,0.003864,0.062137,0.027676
SG_011920,0,0.971971,0.367262,0.317204
SG_011921,0,0.924236,0.320528,0.282602
SG_011923,0,0.068121,0.074331,0.096547
SG_011924,0,0.663236,0.196652,0.183787
SG_011928,1,0.258129,0.110323,0.107567
SG_011929,0,0.424836,0.121541,0.171894
SG_011930,0,0.471671,0.147257,0.137672
SG_011932,1,0.486779,0.136997,0.168934
SG_011934,0,0.262336,0.105598,0.124805
SG_011935,0,0.937493,0.370797,0.247898
SG_011937,0,0.469279,0.153654,0.124905
SG_011938,0,0.410536,0.146088,0.104168
SG_011941,0,0.194557,0.099771,0.104191
SG_011942,0,0.366543,0.140604,0.084402
SG_011943,0,0.191186,0.09048,0.132215
SG_011944,0,0.752564,0.248438,0.187667
SG_011945,0,0.83845,0.294272,0.209461
SG_011946,0,0.126936,0.087426,0.101613
SG_011947,0,0.090793,0.082422,0.091475
SG_011948,0,0.827257,0.296932,0.196624
SG_011949,0,0.207471,0.098356,0.117293
SG_011950,0,0.440914,0.125857,0.168217
SG_011951,1,0.8293,0.26897,0.234153
SG_011952,0,0.043593,0.075985,0.068188
SG_011954,0,0.107271,0.085093,0.095333
SG_011957,0,0.330136,0.11374,0.138802
SG_011958,0,0.120386,0.086786,0.099217
SG_011960,0,0.170014,0.091933,0.115905
SG_011963,0,0.8291,0.264596,0.240201
SG_011964,0,0.407207,0.137618,0.120793
SG_011965,0,0.233714,0.100849,0.124394
SG_011967,0,0.541343,0.149822,0.176159
SG_011968,0,0.4944,0.153637,0.138948
SG_011970,0,0.61045,0.171179,0.183742
SG_011972,0,0.726614,0.229384,0.188595
SG_011973,0,0.056814,0.073957,0.088464
SG_011974,0,0.725043,0.204004,0.226309
SG_011975,0,0.866236,0.315288,0.21407
SG_011976,0,0.367043,0.124587,0.128516
SG_011979,1,0.753407,0.25154,0.185121
SG_011980,0,0.704043,0.198083,0.215142
SG_011981,0,0.443457,0.139681,0.13645
SG_011982,1,0.957507,0.332019,0.359196
SG_011984,0,0.094936,0.081695,0.096745
SG_011985,0,0.230636,0.108088,0.097109
SG_011987,1,0.937914,0.329299,0.291744
SG_011989,0,0.154779,0.087893,0.117927
SG_011990,0,0.129886,0.088389,0.100979
SG_011991,0,0.643164,0.179172,0.195353
SG_011992,0,0.183979,0.093932,0.118208
SG_011994,1,0.19665,0.103434,0.090505
SG_011998,0,0.319914,0.102407,0.169935
SG_011999,0,0.743193,0.193112,0.28257
SG_012001,0,0.317443,0.119592,0.113759
SG_012002,0,0.5892,0.167117,0.176538
SG_012003,0,0.252636,0.100545,0.135987
SG_012004,0,0.281121,0.11638,0.101026
SG_012005,0,0.597514,0.169168,0.177867
SG_012006,0,0.821614,0.244688,0.267563
SG_012007,0,0.345229,0.113721,0.147443
SG_012008,0,0.627364,0.176569,0.18704
SG_012009,0,0.096486,0.084323,0.090141
SG_012010,0,0.964671,0.357125,0.310176
SG_012011,0,0.113986,0.08717,0.093161
SG_012012,1,0.7215,0.186653,0.26584
SG_012014,0,0.803293,0.218809,0.308772
SG_012015,0,0.913357,0.300688,0.304755
SG_012016,1,0.720443,0.214059,0.204641
SG_012017,0,0.815443,0.239087,0.268683
SG_012021,0,0.747721,0.215248,0.230147
SG_012023,0,0.291943,0.1164,0.107682
SG_012024,1,0.522643,0.152366,0.157775
SG_012025,0,0.306921,0.109462,0.138567
SG_012026,0,0.827314,0.257772,0.248966
SG_012027,0,0.7895,0.223125,0.267493
SG_012028,1,0.820421,0.262846,0.232674
SG_012029,1,0.934371,0.335721,0.273844
SG_012030,0,0.448493,0.140357,0.137873
SG_012032,0,0.336464,0.116964,0.132211
SG_012033,0,0.649421,0.17797,0.202947
SG_012034,0,0.411457,0.12909,0.141635
SG_012035,0,0.268579,0.109966,0.115182
SG_012036,0,0.759429,0.227346,0.221025
SG_012037,0,0.34445,0.1125,0.150643
SG_012038,1,0.444593,0.119736,0.193321
SG_012039,1,0.163143,0.094066,0.104772
SG_012042,1,0.868386,0.25604,0.36676
SG_012043,0,0.386114,0.123301,0.141895
SG_012044,0,0.589564,0.181266,0.15446
SG_012045,0,0.635243,0.193281,0.16935
SG_012046,0,0.038864,0.077979,0.045554
SG_012047,1,0.72745,0.23177,0.186569
SG_012049,0,0.74095,0.235352,0.193034
SG_012053,0,0.189007,0.102457,0.088242
SG_012054,0,0.666379,0.199084,0.182356
SG_012055,0,0.198936,0.096271,0.119988
SG_012056,0,0.734621,0.211763,0.221057
SG_012057,0,0.578379,0.148853,0.207955
SG_012058,0,0.770457,0.229042,0.230241
SG_012059,1,0.911707,0.297883,0.308591
SG_012060,1,0.363336,0.137035,0.093562
SG_012061,0,0.824414,0.225926,0.358106
SG_012062,0,0.140193,0.087605,0.109706
SG_012063,0,0.8203,0.303359,0.185662
SG_012065,0,0.520593,0.161932,0.1405
SG_012067,1,0.529779,0.174907,0.127966
SG_012069,1,0.691714,0.190982,0.219123
SG_012070,0,0.1662,0.094909,0.103776
SG_012071,1,0.678829,0.211528,0.175069
SG_012072,0,0.307929,0.114413,0.124527
SG_012073,0,0.558607,0.146953,0.196434
SG_012074,0,0.361,0.118671,0.141023
SG_012075,0,0.2348,0.112613,0.080237
SG_012083,0,0.1742,0.093334,0.114361
SG_012084,0,0.435957,0.142702,0.125872
SG_012085,0,0.927579,0.308935,0.319797
SG_012087,1,0.900064,0.332716,0.231426
SG_012088,1,0.953336,0.339716,0.307058
SG_012090,0,0.2228,0.106489,0.096851
SG_012091,1,0.9469,0.333867,0.304257
SG_012092,0,0.666843,0.195259,0.188842
SG_012093,0,0.605786,0.152927,0.22221
SG_012094,0,0.663186,0.156605,0.288239
SG_012095,0,0.76835,0.22099,0.242356
SG_012096,0,0.890664,0.29345,0.275534
SG_012098,0,0.303393,0.104782,0.150292
SG_012099,0,0.344043,0.130007,0.099722
SG_012100,1,0.519514,0.139171,0.186512
SG_012101,1,0.591143,0.17524,0.163432
SG_012102,0,0.5588,0.159035,0.168964
SG_012103,1,0.939743,0.344405,0.272407
SG_012105,1,0.750721,0.241644,0.193174
SG_012106,0,0.341607,0.113791,0.144779
SG_012107,1,0.855071,0.254851,0.306957
SG_012109,0,0.513121,0.158706,0.14138
SG_012110,0,0.349971,0.127853,0.109512
SG_012111,0,0.060893,0.082751,0.049956
SG_012112,0,0.018157,0.067785,0.055878
SG_012114,0,0.854586,0.289641,0.231847
SG_012115,0,0.519586,0.157459,0.146765
SG_012116,0,0.68695,0.164338,0.293368
SG_012117,0,0.933529,0.311736,0.335071
SG_012118,0,0.635193,0.185869,0.179504
SG_012120,0,0.449821,0.128868,0.165781
SG_012121,1,0.9083,0.313966,0.266975
SG_012122,0,0.724307,0.19196,0.255063
SG_012123,0,0.492793,0.142185,0.159966
SG_012126,1,0.954171,0.387095,0.264238
SG_012127,0,0.514621,0.160511,0.139115
SG_012128,0,0.263821,0.102498,0.135517
SG_012129,0,0.288686,0.107825,0.133445
SG_012130,0,0.175207,0.099595,0.091247
SG_012131,0,0.261314,0.108005,0.1171
SG_012132,0,0.2581,0.104016,0.127563
SG_012133,0,0.705621,0.194592,0.225833
SG_012134,0,0.202743,0.084758,0.153383
SG_012135,0,0.312386,0.111493,0.136124
SG_012136,0,0.119586,0.092767,0.074849
SG_012137,0,0.221107,0.099886,0.120261
SG_012138,0,0.832664,0.266897,0.240852
SG_012139,0,0.612243,0.18035,0.170466
SG_012140,0,0.293229,0.119897,0.096936
SG_012142,0,0.210429,0.107635,0.08255
SG_012144,0,0.892621,0.290445,0.285843
SG_012146,0,0.225443,0.102964,0.111763
SG_012147,0,0.384371,0.131373,0.121709
SG_012149,0,0.916336,0.301789,0.310001
SG_012151,0,0.450829,0.1467,0.127238
SG_012152,1,0.337664,0.111693,0.149317
SG_012153,0,0.052079,0.079985,0.058402
SG_012154,0,0.507393,0.145803,0.162098
SG_012155,0,0.442836,0.127577,0.16504
SG_012156,0,0.776607,0.228115,0.23967
SG_012157,1,0.634314,0.203742,0.154912
SG_012158,0,0.044221,0.073097,0.078445
SG_012159,0,0.173093,0.089309,0.125298
SG_012160,0,0.412307,0.131956,0.136062
SG_012161,1,0.875386,0.283006,0.27117
SG_012163,0,0.245329,0.108172,0.106747
SG_012164,1,0.413443,0.145754,0.106689
SG_012171,0,0.684236,0.196329,0.201057
SG_012172,0,0.109664,0.087573,0.088227
SG_012173,0,0.541179,0.160189,0.154994
SG_012174,0,0.859764,0.24886,0.377462
SG_012178,0,0.062086,0.073432,0.094386
SG_012179,1,0.681743,0.195483,0.2002
SG_012180,0,0.934814,0.345536,0.263959
SG_012182,0,0.464571,0.144195,0.139226
SG_012183,0,0.043436,0.062277,0.093452
SG_012184,0,0.032164,0.069043,0.07463
SG_012185,0,0.39085,0.115059,0.172204
SG_012187,1,0.728579,0.22041,0.20247
SG_012188,1,0.234464,0.101674,0.121988
SG_012189,0,0.560621,0.149232,0.192126
SG_012191,0,0.631193,0.193771,0.165934
SG_012193,0,0.559321,0.175766,0.143132
SG_012196,0,0.424857,0.139715,0.125916
SG_012197,0,0.569764,0.164764,0.166084
SG_012200,1,0.726821,0.212756,0.211633
SG_012201,0,0.551793,0.15395,0.17456
SG_012202,0,0.034479,0.077412,0.031025
SG_012203,1,0.906436,0.315457,0.261912
SG_012204,0,0.709757,0.184484,0.254925
SG_012207,0,0.809943,0.231115,0.280821
SG_012208,0,0.379071,0.129654,0.122278
SG_012209,0,0.741543,0.222323,0.210889
SG_012210,0,0.14635,0.093285,0.096547
SG_012214,0,0.2362,0.104864,0.111902
SG_012215,0,0.394879,0.125224,0.141801
SG_012219,0,0.107071,0.083716,0.099802
SG_012221,0,0.0807,0.088285,0.035761
SG_012222,0,0.890343,0.321141,0.232532
SG_012223,0,0.837929,0.268011,0.245145
SG_012224,0,0.948786,0.382818,0.257121
SG_012226,0,0.415143,0.129379,0.14289
SG_012227,1,0.705279,0.215551,0.189762
SG_012228,0,0.647879,0.162592,0.239109
SG_012229,1,0.219643,0.09679,0.130226
SG_012231,0,0.243243,0.09526,0.14747
SG_012233,0,0.414843,0.128751,0.144334
SG_012235,0,0.36785,0.117247,0.148778
SG_012236,0,0.408,0.124288,0.151768
SG_012237,0,0.474507,0.129519,0.181165
SG_012239,1,0.820393,0.245056,0.264566
SG_012240,0,0.019207,0.058569,0.071895
SG_012242,1,0.912207,0.31732,0.267591
SG_012244,1,0.874936,0.312682,0.225052
SG_012245,0,0.581786,0.157452,0.188635
SG_012246,0,0.134093,0.08009,0.125893
SG_012248,0,0.745107,0.22644,0.208079
SG_012249,0,0.653271,0.190857,0.186137
SG_012250,0,0.132421,0.097965,0.043859
SG_012251,0,0.437657,0.125971,0.165814
SG_012252,0,0.02765,0.073196,0.052599
SG_012254,0,0.075936,0.087278,0.033024
SG_012255,0,0.2382,0.098684,0.133611
SG_012256,0,0.784571,0.233485,0.239306
SG_012257,0,0.525914,0.170748,0.131468
SG_012259,0,0.373393,0.134684,0.106484
SG_012261,0,0.707907,0.227592,0.177586
SG_012262,0,0.37445,0.126091,0.128542
SG_012265,0,0.209871,0.11055,0.062957
SG_012267,0,0.728321,0.227362,0.193037
SG_012268,0,0.3196,0.11801,0.119746
SG_012269,0,0.881443,0.295775,0.256262
SG_012271,0,0.288721,0.124431,0.072085
SG_012273,0,0.393493,0.147372,0.088082
SG_012274,0,0.087971,0.089039,0.050356
SG_012275,0,0.767543,0.270774,0.177188
SG_012282,0,0.565643,0.168546,0.15683
SG_012286,1,0.876514,0.274529,0.295004
SG_012287,0,0.348764,0.116655,0.139935
SG_012288,1,0.92315,0.358101,0.239136
SG_012289,0,0.815707,0.233267,0.286689
SG_012291,0,0.715629,0.198158,0.227082
SG_012292,0,0.317029,0.105716,0.155404
SG_012294,0,0.558771,0.145541,0.200152
SG_012295,0,0.57725,0.156523,0.187595
SG_012296,0,0.807929,0.260088,0.222762
SG_012297,1,0.399286,0.122577,0.15133
SG_012298,0,0.613421,0.165979,0.196558
SG_012299,0,0.785871,0.261483,0.200192
SG_012300,1,0.8817,0.2934,0.261562
SG_012302,1,0.854779,0.281382,0.244364
SG_012303,0,0.730807,0.197871,0.245975
SG_012304,1,0.725443,0.207359,0.220425
SG_012306,0,0.199864,0.104117,0.089746
SG_012309,0,0.850157,0.240133,0.418199
SG_012311,0,0.507071,0.142559,0.168148
SG_012314,1,0.402564,0.143645,0.104119
SG_012315,0,0.691621,0.202768,0.196932
SG_012317,0,0.53555,0.156762,0.157843
SG_012318,1,0.616414,0.170534,0.189453
SG_012319,0,0.470157,0.15446,0.124262
SG_012320,1,0.728636,0.232797,0.186647
SG_012323,0,0.452257,0.140809,0.138746
SG_012324,0,0.291693,0.120492,0.093409
SG_012325,0,0.177343,0.095144,0.11032
SG_012327,0,0.193657,0.096342,0.116071
SG_012328,0,0.022943,0.066715,0.067516
SG_012329,0,0.300171,0.102165,0.157457
SG_012330,1,0.738343,0.226141,0.203097
SG_012331,0,0.824886,0.2553,0.251073
SG_012332,1,0.442657,0.129023,0.160831
SG_012333,1,0.645743,0.200792,0.165453
SG_012335,0,0.132886,0.09244,0.089554
SG_012338,0,0.172079,0.096254,0.103139
SG_012341,0,0.176279,0.097764,0.099785
SG_012342,1,0.653629,0.196611,0.177009
SG_012343,0,0.544907,0.145683,0.188754
SG_012344,0,0.77535,0.231732,0.230855
SG_012346,0,0.001243,0.055186,0.025575
SG_012347,1,0.778043,0.249649,0.207447
SG_012348,1,0.693707,0.208896,0.189644
SG_012349,0,0.42645,0.129329,0.149262
SG_012350,0,0.995129,0.436347,0.37085
SG_012351,0,0.493436,0.185264,0.091936
SG_012352,0,0.059307,0.077638,0.0802
SG_012353,0,0.255257,0.112949,0.096593
SG_012354,0,0.493057,0.15858,0.130737
SG_012356,1,0.383171,0.124182,0.138419
SG_012357,0,0.234421,0.1123,0.081966
SG_012358,1,0.960143,0.33912,0.334394
SG_012359,0,0.566621,0.167526,0.160334
SG_012360,0,0.935479,0.309684,0.367011
SG_012361,0,0.474207,0.144239,0.144285
SG_012364,0,0.613,0.178075,0.174689
SG_012365,0,0.301714,0.111861,0.128934
SG_012366,0,0.718421,0.196988,0.233775
SG_012367,0,0.053757,0.077232,0.075856
SG_012369,1,0.538179,0.147585,0.179021
SG_012370,0,0.705036,0.225049,0.178476
SG_012371,0,0.336264,0.115456,0.13719
SG_012372,0,0.535829,0.150892,0.169894
SG_012373,0,0.725857,0.226997,0.191405
SG_012374,0,0.956871,0.380628,0.270593
SG_012376,0,0.953243,0.338823,0.309127
SG_012377,1,0.769036,0.229374,0.227132
SG_012379,1,0.876971,0.273145,0.300558
SG_012380,0,0.436129,0.12803,0.159543
SG_012382,1,0.889571,0.277975,0.315814
SG_012383,0,0.861779,0.289729,0.240428
SG_012385,0,0.707043,0.226799,0.177742
SG_012386,0,0.165729,0.094837,0.103979
SG_012387,0,0.272414,0.115261,0.099663
SG_012388,1,0.786743,0.253113,0.211417
SG_012389,0,0.102,0.084868,0.092497
SG_012391,0,0.536271,0.154881,0.162323
SG_012392,0,0.362636,0.127294,0.118724
SG_012394,0,0.195379,0.105294,0.078988
SG_012395,0,0.230864,0.09984,0.125893
SG_012396,0,0.664779,0.172947,0.22898
SG_012398,1,0.907736,0.314907,0.265001
SG_012399,1,0.77765,0.246224,0.21151
SG_012401,0,0.971564,0.365983,0.318155
SG_012403,0,0.590143,0.165256,0.17981
SG_012404,0,0.736464,0.233125,0.192343
SG_012405,0,0.640457,0.188584,0.179562
SG_012406,0,0.696664,0.200612,0.204468
SG_012407,0,0.849036,0.285199,0.23166
SG_012408,0,0.242536,0.106531,0.109742
SG_012409,0,0.525521,0.151609,0.161681
SG_012411,0,0.509136,0.153178,0.148129
SG_012412,0,0.120229,0.081162,0.114556
SG_012413,0,0.8854,0.29504,0.264016
SG_012415,1,0.841314,0.283774,0.224812
SG_012416,0,0.180993,0.092983,0.119977
SG_012417,0,0.682229,0.192901,0.205886
SG_012418,1,0.833364,0.251852,0.27031
SG_012421,0,0.605371,0.165117,0.191556
SG_012425,0,0.938364,0.308989,0.457899
SG_012426,0,0.359464,0.119024,0.139504
SG_012428,0,0.152914,0.096987,0.085278
SG_012429,1,0.707357,0.203534,0.209569
SG_012430,0,0.542821,0.137546,0.211514
SG_012431,1,0.3035,0.126187,0.078782
SG_012433,0,0.71345,0.22819,0.180875
SG_012434,1,0.960279,0.337377,0.343249
SG_012435,0,0.117457,0.088685,0.09091
SG_012439,0,0.163207,0.092552,0.110369
SG_012440,0,0.830529,0.280428,0.218297
SG_012441,0,0.455664,0.14161,0.138996
SG_012442,0,0.1246,0.090177,0.091464
SG_012443,0,0.481829,0.143267,0.150502
SG_012445,0,0.564521,0.159526,0.172029
SG_012447,0,0.318321,0.12783,0.08692
SG_012448,0,0.529264,0.173848,0.129028
SG_012449,0,0.156079,0.088421,0.117287
SG_012450,1,0.3872,0.114995,0.169894
SG_012451,0,0.6127,0.19559,0.150916
SG_012454,0,0.75455,0.22609,0.217696
SG_012455,0,0.21945,0.098215,0.124782
SG_012457,1,0.966843,0.35315,0.323772
SG_012458,0,0.982871,0.369186,0.391269
SG_012460,0,0.636643,0.19799,0.162951
SG_012461,1,0.901829,0.297646,0.286856
SG_012462,0,0.080086,0.08685,0.053235
SG_012463,0,0.863386,0.277608,0.262588
SG_012464,0,0.758357,0.270456,0.170951
SG_012465,0,0.175543,0.093047,0.116015
SG_012466,1,0.800943,0.247981,0.233801
SG_012467,0,0.634071,0.177711,0.190432
SG_012469,1,0.664143,0.203233,0.175857
SG_012471,0,0.622907,0.18137,0.176755
SG_012472,0,0.879807,0.305453,0.239968
SG_012473,0,0.276993,0.116573,0.097167
SG_012474,0,0.362407,0.120886,0.135577
SG_012475,0,0.949829,0.333245,0.312714
SG_012476,0,0.289186,0.107546,0.13456
SG_012477,0,0.0968,0.091448,0.042194
SG_012478,0,0.189279,0.093545,0.122925
SG_012479,0,0.205829,0.098352,0.116321
SG_012481,1,0.844186,0.274523,0.242334
SG_012482,1,0.507221,0.141056,0.172455
SG_012483,0,0.960786,0.363487,0.293057
SG_012485,1,0.412471,0.12568,0.150348
SG_012486,1,0.884557,0.286981,0.278037
SG_012487,0,0.297907,0.119173,0.102851
SG_012488,0,0.062471,0.07426,0.092281
SG_012490,0,0.681557,0.177813,0.235577
SG_012491,0,0.075186,0.074354,0.101227
SG_012492,0,0.741529,0.218439,0.216479
SG_012494,0,0.827007,0.252562,0.259198
SG_012496,0,0.103629,0.07443,0.118931
SG_012497,0,0.842793,0.275532,0.239331
SG_012498,1,0.916143,0.312411,0.283662
SG_012500,0,0.363057,0.118323,0.143191
SG_012503,0,0.8558,0.273616,0.260045
SG_012505,1,0.816579,0.260392,0.231974
SG_012507,1,0.364507,0.119442,0.140921
SG_012508,1,0.038964,0.076455,0.056417
SG_012511,0,0.215993,0.098833,0.120776
SG_012512,0,0.299371,0.112675,0.124914
SG_012514,0,0.692821,0.204995,0.194754
SG_012515,0,0.368643,0.122539,0.134774
SG_012516,0,0.785093,0.276961,0.183362
SG_012517,0,0.119336,0.091367,0.081134
SG_012518,0,0.215607,0.099165,0.119428
SG_012522,0,0.521671,0.143196,0.177491
SG_012523,0,0.647493,0.198473,0.169567
SG_012524,0,0.196964,0.095462,0.121101
SG_012526,0,0.077629,0.082296,0.079639
SG_012528,0,0.366507,0.111675,0.16801
SG_012529,0,0.506507,0.149457,0.153416
SG_012530,0,0.172079,0.093241,0.113619
SG_012532,0,0.753264,0.223454,0.220813
SG_012534,0,0.841643,0.273285,0.241504
SG_012535,0,0.311543,0.126508,0.08561
SG_012536,0,0.389329,0.127437,0.133689
SG_012537,1,0.924464,0.297676,0.398923
SG_012540,0,0.510829,0.147057,0.161488
SG_012541,0,0.792443,0.249173,0.22237
SG_012542,1,0.747471,0.229517,0.205607
SG_012543,0,0.435664,0.12801,0.159163
SG_012544,0,0.077171,0.069774,0.109244
SG_012545,0,0.471807,0.157745,0.119801
SG_012546,0,0.261986,0.106814,0.12095
SG_012547,0,0.518721,0.149618,0.161257
SG_012549,0,0.179386,0.091383,0.123157
SG_012551,0,0.759686,0.234586,0.210329
SG_012553,1,0.736343,0.244722,0.179733
SG_012554,0,0.1306,0.086174,0.107753
SG_012555,0,0.015757,0.070072,0.035546
SG_012557,0,0.036129,0.062218,0.087501
SG_012558,0,0.230979,0.098639,0.130014
SG_012559,0,0.086857,0.088474,0.052492
SG_012560,0,0.21755,0.099215,0.120582
SG_012565,0,0.26215,0.121532,0.047765
SG_012566,0,0.6221,0.175463,0.184686
SG_012569,0,0.878086,0.263607,0.359929
SG_012570,1,0.874129,0.287,0.261134
SG_012572,0,0.382714,0.132057,0.119115
SG_012573,0,0.339764,0.129212,0.09882
SG_012574,0,0.158693,0.097846,0.084922
SG_012576,0,0.429629,0.119604,0.182766
SG_012577,0,0.612036,0.190972,0.157111
SG_012578,1,0.929821,0.334434,0.268518
SG_012580,0,0.938343,0.310102,0.40837
SG_012581,0,0.281729,0.113979,0.110156
SG_012582,0,0.784,0.251017,0.210964
SG_012583,0,0.791007,0.23156,0.249915
SG_012584,1,0.667793,0.206005,0.174886
SG_012585,1,0.788621,0.222566,0.267501
SG_012586,0,0.108386,0.081675,0.105796
SG_012587,0,0.960293,0.344555,0.31866
SG_012589,0,0.742243,0.211789,0.229831
SG_012590,0,0.2681,0.105499,0.1286
SG_012592,1,0.630964,0.167263,0.209204
SG_012593,1,0.672686,0.206609,0.177682
SG_012595,0,0.111929,0.094818,0.033074
SG_012597,0,0.413636,0.163118,0.054006
SG_012598,0,0.531464,0.157336,0.154097
SG_012599,0,0.367579,0.11494,0.156732
SG_012602,0,0.845393,0.276496,0.240635
SG_012604,0,0.419771,0.140679,0.121092
SG_012605,0,0.355671,0.119171,0.137105
SG_012607,0,0.702393,0.214248,0.189319
SG_012608,0,0.601043,0.16045,0.197435
SG_012611,0,0.363229,0.121053,0.135599
SG_012612,0,0.4106,0.125091,0.150991
SG_012613,0,0.653693,0.197621,0.175481
SG_012614,0,0.811929,0.271012,0.212769
SG_012617,1,0.980864,0.391474,0.317242
SG_012618,0,0.917121,0.321074,0.268655
SG_012620,0,0.862286,0.289692,0.24096
SG_012621,0,0.196371,0.097088,0.115034
SG_012622,1,0.890293,0.276065,0.328218
SG_012624,1,0.879357,0.272151,0.310032
SG_012625,1,0.497714,0.167114,0.121175
SG_012626,0,0.408164,0.128552,0.141045
SG_012627,0,0.830064,0.267677,0.236477
SG_012629,0,0.139671,0.087437,0.10979
SG_012631,0,0.271357,0.111302,0.113132
SG_012633,0,0.60095,0.169131,0.180635
SG_012634,0,0.909764,0.308461,0.279686
SG_012635,0,0.725371,0.202144,0.230739
SG_012637,0,0.211843,0.097003,0.124798
SG_012638,0,0.637043,0.187093,0.178966
SG_012639,1,0.947886,0.346755,0.284893
SG_012641,0,0.309879,0.119947,0.107834
SG_012642,0,0.849314,0.271287,0.255632
SG_012644,0,0.229693,0.101173,0.12104
SG_012645,0,0.476329,0.141663,0.150381
SG_012646,0,0.515507,0.145575,0.167584
SG_012647,0,0.00515,0.064316,0.022659
SG_012649,0,0.543386,0.149079,0.179653
SG_012650,1,0.656343,0.194784,0.182412
SG_012652,0,0.04555,0.074344,0.076241
SG_012653,1,0.883936,0.283457,0.285897
SG_012655,0,0.176593,0.096072,0.106559
SG_012656,0,0.464521,0.133132,0.164372
SG_012657,0,0.029729,0.074118,0.051521
SG_012658,1,0.908264,0.311905,0.269896
SG_012659,0,0.367664,0.115537,0.154835
SG_012662,0,0.778693,0.241602,0.218086
SG_012664,0,0.470486,0.142779,0.144629
SG_012665,0,0.835936,0.304817,0.1965
SG_012666,0,0.465379,0.133984,0.162482
SG_012667,1,0.783379,0.242274,0.222291
SG_012668,0,0.046243,0.075786,0.071976
SG_012670,0,0.77975,0.244485,0.215433
SG_012671,0,0.531964,0.146439,0.177682
SG_012672,0,0.853336,0.270835,0.262458
SG_012673,0,0.157036,0.088759,0.117015
SG_012675,0,0.806829,0.259879,0.221881
SG_012676,1,0.33345,0.117123,0.130307
SG_012677,0,0.0816,0.082701,0.08193
SG_012678,0,0.664929,0.193794,0.190546
SG_012679,0,0.282229,0.10023,0.153785
SG_012681,0,0.263707,0.114515,0.096217
SG_012682,0,0.110586,0.089892,0.079387
SG_012683,0,0.911921,0.314171,0.271901
SG_012685,0,0.893857,0.301972,0.265039
SG_012686,0,0.562414,0.156702,0.176581
SG_012687,0,0.305,0.105772,0.147974
SG_012689,0,0.452286,0.150654,0.120687
SG_012691,0,0.035714,0.071794,0.072262
SG_012692,0,0.750957,0.187515,0.330501
SG_012693,0,0.254336,0.103535,0.126985
SG_012694,0,0.056179,0.074029,0.087723
SG_012695,1,0.482729,0.157331,0.12669
SG_012696,0,0.34535,0.117323,0.136211
SG_012698,0,0.416271,0.125182,0.154416
SG_012700,0,0.520129,0.149184,0.16318
SG_012702,0,0.1852,0.103444,0.079277
SG_012703,0,0.990607,0.431196,0.335841
SG_012704,1,0.635957,0.195511,0.16606
SG_012706,1,0.905836,0.305806,0.276292
SG_012707,1,0.581114,0.165286,0.173292
SG_012708,1,0.239071,0.102816,0.12045
SG_012711,0,0.936414,0.335781,0.277211
SG_012712,0,0.247279,0.100658,0.132521
SG_012713,0,0.56295,0.153992,0.182472
SG_012714,0,0.216479,0.108163,0.085324
SG_012717,0,0.790407,0.260134,0.205454
SG_012719,1,0.225664,0.10367,0.109529
SG_012720,0,0.262029,0.094176,0.162882
SG_012721,0,0.036171,0.068669,0.079332
SG_012722,0,0.427236,0.138729,0.12955
SG_012725,0,0.521743,0.140663,0.183878
SG_012726,0,0.768629,0.217381,0.250031
SG_012727,0,0.56885,0.157907,0.17838
SG_012728,0,0.164,0.084389,0.132478
SG_012729,0,0.684886,0.217629,0.172272
SG_012731,0,0.815993,0.311846,0.176012
SG_012732,0,0.9187,0.299689,0.324246
SG_012733,0,0.434779,0.136871,0.13771
SG_012735,0,0.8783,0.278319,0.287825
SG_012737,0,0.937986,0.328071,0.296341
SG_012739,0,0.609207,0.161008,0.203007
SG_012740,0,0.872671,0.275792,0.282974
SG_012741,0,0.400707,0.131376,0.130875
SG_012742,0,0.959736,0.340416,0.32695
SG_012743,0,0.238393,0.099626,0.130926
SG_012744,0,0.541179,0.154647,0.1655
SG_012745,0,0.272079,0.102498,0.1398
SG_012746,1,0.938221,0.339027,0.276098
SG_012748,0,0.594021,0.16754,0.179099
SG_012751,0,0.359021,0.122801,0.128513
SG_012752,0,0.509793,0.135708,0.188914
SG_012755,1,0.634593,0.194597,0.166989
SG_012756,0,0.2404,0.092043,0.155949
SG_012758,1,0.54555,0.152812,0.17256
SG_012759,0,0.182843,0.10241,0.083048
SG_012760,0,0.9313,0.332908,0.273302
SG_012761,0,0.896257,0.304674,0.263003
SG_012762,0,0.660107,0.207305,0.167481
SG_012765,0,0.165979,0.102759,0.056632
SG_012766,0,0.088421,0.077792,0.103233
SG_012769,0,0.705893,0.202271,0.210197
SG_012770,0,0.949143,0.36501,0.269632
SG_012771,0,0.959571,0.333715,0.366159
SG_012772,1,0.925557,0.384075,0.227602
SG_012774,0,0.1903,0.094055,0.121865
SG_012776,0,0.872771,0.27546,0.284066
SG_012778,0,0.922607,0.305461,0.315067
SG_012779,1,0.8574,0.301608,0.219611
SG_012780,1,0.406214,0.12186,0.158012
SG_012781,0,0.516686,0.140268,0.181538
SG_012782,0,0.664264,0.191206,0.194254
SG_012783,0,0.558293,0.143508,0.205434
SG_012784,0,0.689871,0.211629,0.183014
SG_012785,1,0.26475,0.110725,0.110746
SG_012788,1,0.215043,0.110222,0.073092
SG_012789,0,0.833843,0.269678,0.238425
SG_012790,1,0.915193,0.318834,0.269439
SG_012791,1,0.925971,0.330164,0.268337
SG_012793,0,0.509657,0.15102,0.152469
SG_012794,0,0.755757,0.200986,0.273997
SG_012795,0,0.097186,0.082369,0.096503
SG_012796,0,0.157264,0.087159,0.121455
SG_012798,0,0.128286,0.088437,0.099826
SG_012799,0,0.196964,0.105595,0.078613
SG_012800,1,0.56515,0.155034,0.181772
SG_012801,0,0.262907,0.115083,0.093311
SG_012802,0,0.016107,0.065584,0.058018
SG_012803,0,0.209743,0.094024,0.132696
SG_012804,0,0.451743,0.133071,0.155974
SG_012806,0,0.570636,0.175548,0.149629
SG_012807,1,0.9507,0.362688,0.273615
SG_012809,0,0.130021,0.08777,0.102989
SG_012811,0,0.160807,0.093347,0.105918
SG_012812,0,0.686779,0.202343,0.193389
SG_012813,0,0.754843,0.227015,0.216509
SG_012814,0,0.442764,0.129559,0.158951
SG_012815,0,0.041443,0.079426,0.029124
SG_012816,0,0.5932,0.19471,0.141326
SG_012817,0,0.425621,0.131562,0.144198
SG_012818,0,0.510814,0.146255,0.16336
SG_012820,0,0.811086,0.270469,0.21256
SG_012823,0,0.825557,0.225559,0.376613
SG_012824,1,0.8478,0.290552,0.222845
SG_012825,0,0.781114,0.250878,0.208496
SG_012826,0,0.594229,0.197687,0.138116
SG_012827,0,0.72995,0.242337,0.177142
SG_012828,0,0.666593,0.193719,0.19198
SG_012829,0,0.172636,0.096291,0.103399
SG_012830,0,0.885307,0.303773,0.249166
SG_012832,0,0.27345,0.111832,0.112713
SG_012833,0,0.953793,0.344896,0.30035
SG_012834,0,0.123764,0.083758,0.11034
SG_012835,0,0.565586,0.133285,0.257397
SG_012836,0,0.071136,0.082834,0.069856
SG_012837,0,0.305943,0.10937,0.138371
SG_012838,0,0.366864,0.120513,0.139061
SG_012839,0,0.933821,0.336264,0.272189
SG_012840,0,0.126793,0.086025,0.105657
SG_012841,0,0.786657,0.239435,0.230296
SG_012842,0,0.396464,0.124295,0.145009
SG_012843,0,0.015043,0.061245,0.064309
SG_012846,0,0.448579,0.12147,0.189273
SG_012847,0,0.055836,0.070419,0.094507
SG_012850,0,0.3224,0.110859,0.143266
SG_012852,0,0.532729,0.143973,0.183742
SG_012853,0,0.116771,0.077013,0.122522
SG_012854,1,0.689207,0.20232,0.195378
SG_012855,0,0.132371,0.097001,0.059434
SG_012856,0,0.83735,0.271086,0.240595
SG_012857,0,0.154007,0.09522,0.094122
SG_012858,0,0.468307,0.149628,0.131638
SG_012860,0,0.6663,0.193749,0.191668
SG_012862,0,0.145679,0.084936,0.120796
SG_012863,0,0.192321,0.089607,0.135292
SG_012864,0,0.284814,0.1123,0.117841
SG_012865,0,0.898007,0.291636,0.294327
SG_012866,0,0.016986,0.071491,0.02042
SG_012867,0,0.080429,0.082039,0.083678
SG_012868,0,0.940157,0.317152,0.341565
SG_012871,0,0.613371,0.189775,0.159546
SG_012872,0,0.309429,0.11548,0.122122
SG_012875,1,0.926557,0.319197,0.289244
SG_012876,0,0.407257,0.130912,0.135731
SG_012877,0,0.053271,0.076899,0.076331
SG_012878,0,0.274236,0.112047,0.112356
SG_012879,1,0.236307,0.107847,0.102071
SG_012880,0,0.317707,0.1349,0.037382
SG_012881,1,0.865136,0.261742,0.30812
SG_012882,1,0.679607,0.198988,0.192255
SG_012884,0,0.314507,0.115647,0.124342
SG_012885,0,0.612914,0.15856,0.213025
SG_012889,0,0.320843,0.118844,0.118123
SG_012890,0,0.556571,0.162343,0.161608
SG_012892,0,0.345607,0.130575,0.099351
SG_012893,0,0.461221,0.144334,0.137242
SG_012894,0,0.418907,0.139091,0.124136
SG_012895,0,0.096493,0.083058,0.093786
SG_012896,0,0.5304,0.160785,0.147593
SG_012897,0,0.114671,0.086012,0.097673
SG_012899,0,0.227079,0.106399,0.100349
SG_012900,1,0.739936,0.21749,0.216623
SG_012901,0,0.465407,0.131011,0.170867
SG_012902,0,0.466979,0.157091,0.117849
SG_012903,0,0.280593,0.116158,0.10147
SG_012904,0,0.7938,0.247742,0.226128
SG_012906,0,0.660729,0.177579,0.213484
SG_012907,0,0.332186,0.120987,0.118032
SG_012908,1,0.655707,0.195386,0.180703
SG_012909,0,0.446179,0.150869,0.116495
SG_012911,0,0.862179,0.285459,0.246889
SG_012912,0,0.515986,0.152402,0.153489
SG_012914,0,0.093586,0.082745,0.092307
SG_012915,0,0.349407,0.117707,0.137288
SG_012916,1,0.87165,0.303068,0.233754
SG_012917,0,0.007,0.060988,0.047243
SG_012921,0,0.175979,0.097547,0.100616
SG_012922,0,0.532171,0.16965,0.136029
SG_012925,1,0.44495,0.136357,0.14426
SG_012927,0,0.744064,0.219925,0.21674
SG_012928,0,0.764293,0.256914,0.187906
SG_012929,0,0.773918,0.209145,0.281212
SG_012930,0,0.3834,0.124793,0.136991
SG_012931,0,0.370379,0.107734,0.185635
SG_012932,0,0.70965,0.215775,0.192944
SG_012933,0,0.865529,0.269431,0.286621
SG_012934,0,0.858007,0.262165,0.289943
SG_012935,0,0.504993,0.144583,0.162837
SG_012937,0,0.131268,0.079402,0.125722
SG_012939,0,0.015121,0.066544,0.052616
SG_012941,0,0.939614,0.336197,0.283431
SG_012942,0,0.205693,0.106896,0.080783
SG_012943,0,0.884786,0.307027,0.244214
SG_012944,0,0.793093,0.244298,0.23044
SG_012946,0,0.516007,0.148662,0.161649
SG_012947,0,0.836643,0.252176,0.274512
SG_012948,1,0.491857,0.144077,0.155312
SG_012950,1,0.852421,0.264225,0.273655
SG_012951,0,0.035036,0.062595,0.086072
SG_012952,0,0.313907,0.1103,0.140039
SG_012953,0,0.896786,0.298948,0.273985
SG_012954,0,0.553829,0.154804,0.174407
SG_012955,0,0.263786,0.104456,0.129228
SG_012956,0,0.413243,0.137271,0.12472
SG_012957,0,0.9972,0.440166,0.407744
SG_012959,0,0.14155,0.092104,0.097149
SG_012960,0,0.960386,0.354334,0.302886
SG_012961,0,0.8756,0.275651,0.28915
SG_012963,1,0.831807,0.256898,0.257424
SG_012964,0,0.671171,0.190481,0.201026
SG_012965,0,0.192157,0.09716,0.11264
SG_012966,0,0.398464,0.111925,0.190227
SG_012969,0,0.472436,0.13907,0.154489
SG_012971,0,0.044821,0.075405,0.071685
SG_012973,1,0.786214,0.237111,0.234317
SG_012974,0,0.955664,0.359961,0.286799
SG_012975,0,0.087271,0.082116,0.089643
SG_012976,0,0.69425,0.194746,0.213837
SG_012977,0,0.3922,0.126542,0.137225
SG_012982,1,0.786721,0.242874,0.22468
SG_012985,0,0.383057,0.118238,0.155035
SG_012986,0,0.284193,0.098439,0.162011
SG_012987,0,0.334793,0.112385,0.14554
SG_012988,0,0.157593,0.095564,0.095534
SG_012990,0,0.436843,0.149758,0.113247
SG_012991,0,0.508607,0.144225,0.165753
SG_012992,0,0.607857,0.195845,0.148018
SG_012993,0,0.422786,0.126923,0.153658
SG_012995,0,0.24875,0.107483,0.111237
SG_012996,0,0.68225,0.21707,0.171163
SG_012998,0,0.244957,0.10131,0.129048
SG_012999,0,0.242664,0.101631,0.126713
SG_013000,0,0.211764,0.10571,0.091921
SG_013001,0,0.959629,0.342194,0.320441
SG_013003,0,0.137079,0.089641,0.102174
SG_013004,0,0.891707,0.276849,0.330019
SG_013005,0,0.305943,0.104117,0.154444
SG_013006,0,0.858157,0.288809,0.237084
SG_013007,0,0.119936,0.092755,0.075328
SG_013008,0,0.651307,0.188168,0.187751
SG_013010,0,0.538171,0.150689,0.171944
SG_013011,0,0.349036,0.117306,0.13833
SG_013012,0,0.288679,0.11971,0.094543
SG_013013,0,0.8916,0.281786,0.30826
SG_013014,0,0.235093,0.099236,0.130406
SG_013015,0,0.150543,0.078863,0.137587
SG_013016,0,0.239129,0.111495,0.090385
SG_013018,0,0.481393,0.132258,0.178189
SG_013019,0,0.323879,0.121302,0.112386
SG_013020,0,0.41415,0.148927,0.100361
SG_013021,0,0.205357,0.100898,0.10702
SG_013022,0,0.114679,0.08628,0.096847
SG_013024,0,0.038943,0.077243,0.050619
SG_013025,0,0.791621,0.233627,0.24693
SG_013026,0,0.203829,0.097556,0.118054
SG_013027,1,0.590893,0.178922,0.158398
SG_013029,0,0.647079,0.172109,0.212601
SG_013031,0,0.732971,0.221217,0.20484
SG_013032,0,0.039721,0.075195,0.065179
SG_013034,1,0.738536,0.231566,0.195367
SG_013035,0,0.463371,0.130383,0.17099
SG_013036,1,0.355214,0.122756,0.126578
SG_013037,0,0.475,0.13445,0.167363
SG_013038,0,0.716679,0.208241,0.21024
SG_013039,0,0.284614,0.125065,0.060791
SG_013040,0,0.6771,0.19791,0.192108
SG_013041,0,0.321321,0.124901,0.099397
SG_013044,0,0.675136,0.170792,0.246954
SG_013046,0,0.762207,0.213094,0.251321
SG_013047,0,0.490936,0.138278,0.16817
SG_013048,0,0.752243,0.218666,0.227509
SG_013049,0,0.689107,0.159907,0.334733
SG_013050,0,0.718971,0.204075,0.219844
SG_013051,0,0.182329,0.104052,0.072456
SG_013052,1,0.603007,0.18207,0.162365
SG_013053,0,0.502979,0.133731,0.190007
SG_013054,0,0.162879,0.103264,0.041667
SG_013055,0,0.758743,0.203772,0.271538
SG_013056,0,0.9637,0.380589,0.283302
SG_013057,1,0.30135,0.112492,0.126782
SG_013058,0,0.021107,0.07169,0.044338
SG_013059,0,0.09435,0.091046,0.041178
SG_013060,0,0.1232,0.093664,0.073427
SG_013061,0,0.696379,0.194225,0.216828
SG_013062,0,0.854357,0.272812,0.259829
SG_013066,0,0.61775,0.168647,0.193897
SG_013067,0,0.54165,0.161183,0.153446
SG_013069,0,0.850171,0.282845,0.236884
SG_013073,1,0.823071,0.247165,0.265386
SG_013074,0,0.7049,0.201767,0.209819
SG_013075,0,0.930929,0.364834,0.243773
SG_013076,0,0.675571,0.183657,0.216325
SG_013078,0,0.416671,0.128394,0.146197
SG_013079,0,0.771886,0.229318,0.231026
SG_013081,1,0.719257,0.23648,0.175622
SG_013084,0,0.3766,0.129328,0.121682
SG_013087,0,0.534821,0.146944,0.178411
SG_013088,1,0.828643,0.227841,0.372673
SG_013089,0,0.0877,0.089997,0.033109
SG_013090,1,0.930486,0.326507,0.283035
SG_013091,0,0.786821,0.256493,0.207131
SG_013092,0,0.479707,0.140757,0.154801
SG_013095,0,0.214529,0.092601,0.139636
SG_013097,0,0.045021,0.074773,0.074033
SG_013098,0,0.020293,0.071239,0.045
SG_013099,0,0.288936,0.115721,0.108212
SG_013100,0,0.629164,0.174301,0.192401
SG_013101,0,0.968307,0.348998,0.345551
SG_013102,0,0.909014,0.312688,0.269669
SG_013103,1,0.783664,0.254685,0.20635
SG_013105,1,0.879457,0.302575,0.243543
SG_013106,0,0.553264,0.172763,0.143688
SG_013107,0,0.182721,0.103958,0.073718
SG_013109,0,0.355693,0.11556,0.147537
SG_013110,0,0.401993,0.128903,0.137186
SG_013113,0,0.492493,0.165215,0.120349
SG_013114,0,0.362907,0.134644,0.09992
SG_013116,0,0.932764,0.328906,0.283015
SG_013118,1,0.870343,0.284817,0.259507
SG_013119,0,0.455307,0.129536,0.167299
SG_013120,0,0.037014,0.074732,0.06345
SG_013121,0,0.823329,0.242359,0.27423
SG_013122,0,0.591664,0.167399,0.177744
SG_013123,0,0.905764,0.321413,0.251841
SG_013124,0,0.138143,0.090097,0.101583
SG_013126,0,0.694936,0.19097,0.222694
SG_013128,0,0.354871,0.131604,0.102867
SG_013129,0,0.318214,0.117446,0.120613
SG_013130,0,0.704557,0.187623,0.240189
SG_013131,0,0.458171,0.129362,0.169935
SG_013132,0,0.5422,0.151189,0.173968
SG_013133,1,0.525164,0.176303,0.123747
SG_013134,0,0.134043,0.096302,0.068704
SG_013136,1,0.883321,0.28265,0.286764
SG_013137,1,0.759871,0.217698,0.239016
SG_013140,0,0.063736,0.075144,0.091376
SG_013142,1,0.839343,0.281172,0.226678
SG_013143,0,0.509486,0.137028,0.185239
SG_013144,0,0.343171,0.113186,0.147691
SG_013145,0,0.035179,0.074071,0.06379
SG_013146,0,0.279607,0.11455,0.10685
SG_013147,0,0.107293,0.085355,0.09449
SG_013148,0,0.424186,0.130253,0.145915
SG_013151,0,0.97255,0.370245,0.31332
SG_013152,0,0.02465,0.06947,0.06288
SG_013153,0,0.720314,0.196327,0.238355
SG_013154,1,0.508779,0.141087,0.173679
SG_013155,0,0.918136,0.308546,0.297461
SG_013156,0,0.2859,0.110796,0.123197
SG_013158,0,0.613529,0.18532,0.165066
SG_013160,0,0.45845,0.130461,0.167303
SG_013161,0,0.974107,0.34924,0.43305
SG_013162,0,0.834129,0.271541,0.235781
SG_013163,0,0.685886,0.17989,0.235571
SG_013164,0,0.906093,0.320363,0.253346
SG_013165,1,0.865471,0.29274,0.240706
SG_013167,0,0.676586,0.185854,0.213312
SG_013168,0,0.452964,0.126327,0.175766
SG_013169,0,0.58015,0.16983,0.164146
SG_013170,0,0.539507,0.174897,0.133394
SG_013171,0,0.995493,0.421793,0.391602
SG_013173,0,0.254114,0.115841,0.081746
SG_013174,0,0.103214,0.090898,0.064315
SG_013175,1,0.550571,0.153414,0.174919
SG_013176,0,0.930743,0.325065,0.286783
SG_013179,0,0.872179,0.328214,0.206917
SG_013180,0,0.250679,0.097742,0.143528
SG_013181,0,0.2006,0.101871,0.099946
SG_013182,0,0.302736,0.121885,0.096119
SG_013183,0,0.628343,0.156792,0.234969
SG_013184,1,0.764164,0.256511,0.188308
SG_013185,1,0.670629,0.190399,0.200628
SG_013186,0,0.140686,0.095318,0.082196
SG_013188,0,0.779743,0.240929,0.220231
SG_013189,1,0.950964,0.354935,0.282588
SG_013190,0,0.231607,0.103278,0.114331
SG_013191,0,0.807679,0.247706,0.242096
SG_013192,0,0.773793,0.219849,0.251986
SG_013193,0,0.189743,0.08783,0.138016
SG_013194,0,0.294893,0.09615,0.178427
SG_013195,0,0.315557,0.112303,0.135356
SG_013197,0,0.887764,0.290679,0.275272
SG_013198,1,0.963286,0.354228,0.310202
SG_013199,0,0.076257,0.080644,0.085461
SG_013200,0,0.54795,0.161505,0.156988
SG_013203,0,0.504864,0.134053,0.190365
SG_013204,0,0.433171,0.134033,0.142667
SG_013205,0,0.256407,0.1027,0.130685
SG_013206,0,0.830443,0.246031,0.279273
SG_013207,0,0.313429,0.120801,0.106925
SG_013208,0,0.541479,0.141368,0.197231
SG_013209,1,0.345793,0.111639,0.154644
SG_013210,0,0.078986,0.077199,0.098216
SG_013211,0,0.547879,0.160905,0.158044
SG_013213,0,0.045321,0.080702,0.012518
SG_013214,0,0.1315,0.087078,0.105636
SG_013215,0,0.17,0.096781,0.100035
SG_013216,0,0.23485,0.115891,0.053499
SG_013217,0,0.846943,0.266501,0.260191
SG_013218,0,0.792514,0.249353,0.22196
SG_013220,0,0.618379,0.16238,0.207822
SG_013221,0,0.362686,0.118615,0.142398
SG_013225,0,0.735871,0.235252,0.188992
SG_013226,1,0.150471,0.090899,0.106879
SG_013227,0,0.749607,0.220174,0.222427
SG_013228,0,0.092964,0.087006,0.074074
SG_013229,0,0.775771,0.236762,0.22278
SG_013230,0,0.477629,0.144246,0.146178
SG_013231,1,0.578807,0.162365,0.176701
SG_013232,0,0.935893,0.322001,0.304422
SG_013234,0,0.230007,0.098914,0.128434
SG_013235,0,0.520121,0.168026,0.131972
SG_013236,0,0.274307,0.111324,0.114539
SG_013238,0,0.2509,0.119358,0.0485
SG_013239,1,0.130993,0.078303,0.127918
SG_013240,0,0.562407,0.145174,0.204589
SG_013241,0,0.418386,0.127878,0.148496
SG_013242,0,0.790707,0.26776,0.19734
SG_013243,1,0.751136,0.204339,0.258022
SG_013244,0,0.126229,0.093579,0.077312
SG_013246,1,0.93685,0.32296,0.304672
SG_013247,0,0.501771,0.134129,0.187417
SG_013248,1,0.713093,0.198371,0.223835
SG_013251,1,0.260279,0.103252,0.131225
SG_013252,0,0.432121,0.137699,0.134649
SG_013253,0,0.302679,0.107861,0.140925
SG_013254,0,0.174614,0.078469,0.151654
SG_013255,0,0.290979,0.110459,0.127022
SG_013256,0,0.260729,0.116833,0.082654
SG_013257,0,0.5133,0.14173,0.17519
SG_013258,0,0.351257,0.11089,0.16077
SG_013259,0,0.556971,0.151761,0.183227
SG_013261,0,0.776929,0.257034,0.197718
SG_013262,1,0.470564,0.134663,0.163902
SG_013263,0,0.241893,0.115537,0.070307
SG_013265,0,0.284707,0.113764,0.112848
SG_013268,0,0.447207,0.166018,0.088933
SG_013270,0,0.847329,0.291431,0.221163
SG_013271,0,0.778257,0.265039,0.189835
SG_013272,0,0.378143,0.122979,0.138525
SG_013274,1,0.254207,0.10046,0.137139
SG_013275,0,0.978943,0.39925,0.305298
SG_013277,0,0.328129,0.11743,0.126265
SG_013278,0,0.330093,0.111214,0.146495
SG_013279,0,0.205129,0.105446,0.087854
SG_013283,1,0.831643,0.252707,0.266113
SG_013284,1,0.544586,0.155335,0.166363
SG_013285,1,0.919314,0.307964,0.301098
SG_013286,0,0.69145,0.205848,0.192355
SG_013287,1,0.900786,0.314019,0.255336
SG_013289,0,0.697379,0.22284,0.175177
SG_013290,0,0.413443,0.148828,0.100231
SG_013291,0,0.018521,0.066277,0.06175
SG_013293,0,0.609529,0.192312,0.153507
SG_013295,1,0.982864,0.420232,0.309156
SG_013296,0,0.984493,0.375913,0.366223
SG_013298,0,0.311493,0.111098,0.136767
SG_013299,0,0.336686,0.11136,0.149879
SG_013300,0,0.640886,0.179831,0.192344
SG_013301,0,0.487029,0.152698,0.136736
SG_013302,0,0.254286,0.098937,0.141603
SG_013303,0,0.182693,0.10669,0.043478
SG_013305,0,0.752071,0.200505,0.269613
SG_013306,0,0.266129,0.117622,0.083567
SG_013307,0,0.218064,0.103571,0.104896
SG_013308,0,0.72725,0.220924,0.200187
SG_013309,0,0.938243,0.33971,0.274815
SG_013310,0,0.6563,0.198468,0.176004
SG_013312,1,0.673793,0.179686,0.222512
SG_013316,0,0.099421,0.086934,0.081203
SG_013318,0,0.699929,0.207234,0.197463
SG_013319,0,0.306364,0.110246,0.136345
SG_013320,0,0.541443,0.144301,0.189147
SG_013322,1,0.3311,0.11229,0.143857
SG_013324,1,0.592536,0.151083,0.21451
SG_013325,1,0.390793,0.116284,0.167096
SG_013326,0,0.869364,0.314379,0.21753
SG_013329,0,0.867364,0.290055,0.246333
SG_013330,0,0.7577,0.228518,0.217239
SG_013331,0,0.920071,0.319843,0.27522
SG_013333,0,0.83345,0.276099,0.226951
SG_013334,0,0.455536,0.147079,0.129043
SG_013335,0,0.156807,0.096389,0.091658
SG_013336,0,0.009079,0.067422,0.014358
SG_013341,0,0.029779,0.065915,0.076991
SG_013343,0,0.051607,0.080414,0.053674
SG_013346,0,0.685893,0.19142,0.212646
SG_013349,0,0.067886,0.075453,0.093675
SG_013350,1,0.885743,0.28347,0.289463
SG_013351,0,0.517207,0.158403,0.144035
SG_013352,0,0.482264,0.138123,0.163151
SG_013353,1,0.904993,0.289765,0.318107
SG_013354,0,0.104029,0.077191,0.11426
SG_013355,0,0.0953,0.083627,0.09132
SG_013357,1,0.943379,0.341283,0.28328
SG_013363,1,0.580236,0.16097,0.180355
SG_013364,1,0.889886,0.30432,0.254427
SG_013365,0,0.561086,0.147716,0.196118
SG_013367,0,0.555671,0.177757,0.138951
SG_013368,0,0.729,0.224977,0.19684
SG_013369,0,0.52235,0.147548,0.167611
SG_013370,0,0.202329,0.096545,0.121014
SG_013373,0,0.340179,0.113712,0.144374
SG_013375,0,0.241207,0.106674,0.108434
SG_013376,0,0.621071,0.182237,0.174559
SG_013377,0,0.9303,0.365303,0.242566
SG_013378,1,0.960821,0.384996,0.275033
SG_013379,0,0.6128,0.170928,0.186005
SG_013381,0,0.355464,0.126791,0.115424
SG_013382,0,0.224421,0.098845,0.125416
SG_013385,0,0.31325,0.110803,0.138351
SG_013386,1,0.756093,0.23821,0.201673
SG_013387,0,0.049307,0.074883,0.078222
SG_013388,0,0.511993,0.146408,0.163674
SG_013389,0,0.526636,0.150565,0.164248
SG_013390,0,0.293729,0.115293,0.113217
SG_013394,0,0.107686,0.086604,0.090452
SG_013395,0,0.306514,0.124869,0.088108
SG_013397,1,0.51365,0.146364,0.164853
SG_013398,0,0.493643,0.125885,0.209335
SG_013399,0,0.031443,0.072461,0.064469
SG_013401,0,0.299264,0.112732,0.124732
SG_013402,0,0.819421,0.263869,0.230434
SG_013403,0,0.816271,0.257704,0.235532
SG_013405,0,0.486429,0.143987,0.152172
SG_013406,0,0.402829,0.136965,0.1196
SG_013407,0,0.2108,0.106486,0.087507
SG_013408,0,0.455579,0.152718,0.11875
SG_013409,0,0.447586,0.156055,0.107816
SG_013410,0,0.296593,0.098619,0.168989
SG_013411,0,0.519264,0.156585,0.148277
SG_013415,0,0.864979,0.293576,0.239379
SG_013416,0,0.501393,0.135442,0.183439
SG_013417,0,0.898129,0.279435,0.35255
SG_013419,0,0.73105,0.211661,0.21745
SG_013422,0,0.07885,0.083656,0.075189
SG_013423,0,0.479986,0.152632,0.132799
SG_013425,0,0.681557,0.190018,0.210841
SG_013426,0,0.969336,0.364433,0.313063
SG_013428,0,0.476693,0.134835,0.167377
SG_013429,0,0.650121,0.183024,0.195076
SG_013431,0,0.63465,0.176204,0.193251
SG_013432,0,0.441807,0.13066,0.155657
SG_013433,1,0.39265,0.124696,0.142311
SG_013434,0,0.283929,0.119675,0.090915
SG_013436,1,0.128979,0.092438,0.086136
SG_013437,0,0.446771,0.120392,0.192574
SG_013439,0,0.612364,0.175337,0.177958
SG_013441,0,0.696779,0.211124,0.188386
SG_013442,0,0.515157,0.13652,0.191117
SG_013445,0,0.801364,0.249023,0.232406
SG_013448,0,0.302643,0.12073,0.100305
SG_013449,0,0.724493,0.217721,0.202416
SG_013450,0,0.423171,0.149207,0.105742
SG_013451,0,0.667436,0.206052,0.174569
SG_013453,0,0.284493,0.119709,0.091327
SG_013455,0,0.280129,0.101741,0.146992
SG_013457,0,0.363871,0.133708,0.1031
SG_013458,0,0.302979,0.112299,0.128442
SG_013459,0,0.576471,0.157546,0.184414
SG_013460,0,0.492321,0.162153,0.124369
SG_013461,0,0.4226,0.140983,0.122025
SG_013465,1,0.715464,0.206829,0.211641
SG_013466,0,0.35455,0.103888,0.188985
SG_013467,0,0.1695,0.093351,0.111494
SG_013469,0,0.314721,0.129023,0.078045
SG_013470,0,0.521786,0.164818,0.137345
SG_013471,0,0.341214,0.108387,0.162779
SG_013473,0,0.857964,0.263819,0.286379
SG_013475,0,0.150336,0.080846,0.132869
SG_013476,0,0.591771,0.173181,0.166866
SG_013478,0,0.885186,0.294103,0.265413
SG_013479,0,0.531579,0.147749,0.17418
SG_013481,0,0.971093,0.361984,0.322173
SG_013482,0,0.282157,0.119227,0.09138
SG_013483,0,0.817857,0.267531,0.223004
SG_013484,0,0.695964,0.210491,0.188698
SG_013488,0,0.162407,0.095715,0.098652
SG_013489,1,0.879057,0.289749,0.26398
SG_013490,0,0.080129,0.075044,0.10321
SG_013492,0,0.654636,0.196279,0.178325
SG_013493,0,0.27215,0.109748,0.118116
SG_013494,0,0.812743,0.247255,0.249871
SG_013496,0,0.884357,0.294048,0.264191
SG_013497,1,0.878943,0.287962,0.266486
SG_013498,0,0.941121,0.318334,0.337522
SG_013500,1,0.8685,0.292058,0.244703
SG_013501,0,0.57795,0.171548,0.160804
SG_013502,0,0.155757,0.092488,0.105612
SG_013503,1,0.854543,0.289328,0.231989
SG_013505,1,0.867957,0.271091,0.287716
SG_013506,1,0.054507,0.071174,0.092045
SG_013507,0,0.056929,0.077254,0.078772
SG_013510,0,0.400021,0.10852,0.206207
SG_013511,0,0.983964,0.378341,0.353658
SG_013512,0,0.640471,0.181322,0.189797
SG_013513,0,0.670593,0.196249,0.190196
SG_013514,0,0.117229,0.095816,0.032442
SG_013516,0,0.927893,0.326854,0.27693
SG_013517,0,0.541429,0.170022,0.140554
SG_013518,1,0.025457,0.065676,0.072691
SG_013519,0,0.893893,0.31181,0.24907
SG_013520,0,0.608957,0.212373,0.131397
SG_013521,0,0.088979,0.082496,0.089608
SG_013522,1,0.984079,0.374913,0.365781
SG_013524,0,0.335229,0.122557,0.115004
SG_013525,0,0.397593,0.122463,0.150796
SG_013526,0,0.6587,0.170631,0.227737
SG_013527,0,0.774779,0.229,0.235224
SG_013529,0,0.221964,0.109322,0.084767
SG_013530,0,0.099121,0.062964,0.128123
SG_013531,0,0.17075,0.097997,0.094947
SG_013532,0,0.818829,0.248173,0.255962
SG_013533,0,0.354529,0.121025,0.130816
SG_013534,0,0.359979,0.116906,0.145067
SG_013535,0,0.130943,0.085998,0.108402
SG_013536,0,0.59845,0.173267,0.171568
SG_013537,0,0.395514,0.123212,0.147471
SG_013539,1,0.451357,0.135682,0.149022
SG_013540,0,0.729471,0.22287,0.199285
SG_013541,0,0.662314,0.184387,0.203206
SG_013547,0,0.150021,0.099076,0.067462
SG_013550,0,0.957714,0.332784,0.356887
SG_013551,0,0.216229,0.109219,0.079929
SG_013555,1,0.934364,0.332796,0.279375
SG_013556,0,0.971779,0.367016,0.316826
SG_013559,0,0.654207,0.180289,0.202864
SG_013560,0,0.3688,0.121668,0.136942
SG_013562,1,0.882686,0.293791,0.26225
SG_013564,0,0.0292,0.070305,0.067883
SG_013566,0,0.929757,0.323992,0.286855
SG_013569,0,0.057029,0.07752,0.078162
SG_013570,0,0.946193,0.353635,0.274288
SG_013572,0,0.379143,0.116149,0.160249
SG_013573,0,0.57425,0.201822,0.122611
SG_013576,1,0.938057,0.353741,0.261439
SG_013577,0,0.532057,0.159133,0.15117
SG_013581,0,0.193086,0.100985,0.098741
SG_013582,0,0.706364,0.196375,0.221776
SG_013583,0,0.983271,0.388677,0.329347
SG_013584,0,0.3802,0.117046,0.156903
SG_013585,1,0.771279,0.247447,0.204655
SG_013587,0,0.387679,0.12919,0.128399
SG_013589,0,0.102521,0.086417,0.086389
SG_013590,0,0.852486,0.27548,0.251643
SG_013592,1,0.340914,0.108437,0.162507
SG_013593,0,0.908771,0.311886,0.270856
SG_013594,0,0.401293,0.120283,0.160612
SG_013595,0,0.445643,0.139139,0.138782
SG_013596,1,0.177636,0.105354,0.051311
SG_013597,0,0.526607,0.149419,0.166511
SG_013599,0,0.7872,0.245215,0.222299
SG_013600,0,0.134236,0.089291,0.101371
SG_013603,0,0.311929,0.117374,0.116933
SG_013605,0,0.117136,0.093403,0.066935
SG_013606,0,0.577171,0.156916,0.186485
SG_013607,0,0.083193,0.086207,0.066294
SG_013609,0,0.305664,0.12637,0.080295
SG_013611,0,0.273586,0.114887,0.101736
SG_013614,0,0.07695,0.081954,0.080418
SG_013615,1,0.138229,0.088822,0.10507
SG_013617,0,0.5888,0.191842,0.142159
SG_013618,0,0.299364,0.121797,0.093901
SG_013620,0,0.63785,0.179943,0.189711
SG_013621,0,0.037136,0.068951,0.080008
SG_013622,0,0.052586,0.065487,0.097819
SG_013623,1,0.659743,0.205194,0.170175
SG_013625,0,0.06205,0.079164,0.077069
SG_013627,0,0.470343,0.136156,0.16035
SG_013630,0,0.579871,0.182571,0.147414
SG_013631,0,0.7049,0.20514,0.204839
SG_013632,0,0.284136,0.105671,0.136911
SG_013634,0,0.545021,0.159346,0.159312
SG_013636,0,0.44885,0.148334,0.123274
SG_013640,0,0.642393,0.205785,0.157633
SG_013642,0,0.160457,0.100342,0.072354
SG_013643,0,0.103836,0.085396,0.091548
SG_013644,0,0.530793,0.161971,0.145887
SG_013645,0,0.8667,0.294459,0.239684
SG_013647,0,0.875514,0.288025,0.260827
SG_013648,0,0.504779,0.151348,0.148669
SG_013649,0,0.745321,0.225187,0.210801
SG_013650,0,0.465057,0.137792,0.152958
SG_013651,0,0.955436,0.361856,0.283896
SG_013652,0,0.147171,0.095319,0.087901
SG_013654,0,0.504029,0.137157,0.181087
SG_013655,0,0.040136,0.078965,0.030597
SG_013656,0,0.718236,0.225445,0.187384
SG_013657,0,0.026186,0.074679,0.03203
SG_013658,0,0.621107,0.184871,0.171119
SG_013659,0,0.692964,0.196682,0.20799
SG_013660,1,0.44875,0.12999,0.162168
SG_013661,0,0.859257,0.259658,0.300791
SG_013662,0,0.314521,0.125437,0.091982
SG_013663,0,0.203393,0.102713,0.098059
SG_013664,0,0.966743,0.355284,0.319263
SG_013665,0,0.566571,0.157749,0.177077
SG_013666,0,0.430657,0.122328,0.173393
SG_013669,0,0.679121,0.206737,0.182273
SG_013671,0,0.099586,0.083132,0.095718
SG_013672,1,0.927514,0.328196,0.274335
SG_013673,0,0.391771,0.122266,0.148049
SG_013674,1,0.936193,0.329294,0.288684
SG_013676,0,0.936221,0.32695,0.294101
SG_013679,0,0.365793,0.128214,0.11819
SG_013680,0,0.253429,0.104744,0.122594
SG_013687,0,0.694314,0.190639,0.222667
SG_013688,0,0.947257,0.328449,0.319209
SG_013689,0,0.220357,0.09223,0.143699
SG_013691,0,0.834379,0.280275,0.222832
SG_013692,0,0.3038,0.108259,0.140313
SG_013693,0,0.235179,0.104312,0.113146
SG_013694,0,0.810979,0.272337,0.210168
SG_013696,0,0.4425,0.138619,0.138198
SG_013697,0,0.501643,0.141466,0.167335
SG_013698,1,0.054721,0.080303,0.062087
SG_013699,0,0.544964,0.135142,0.222513
SG_013700,0,0.199171,0.096335,0.119896
SG_013701,0,0.341964,0.126836,0.107034
SG_013702,1,0.932964,0.311513,0.332832
SG_013703,0,0.647514,0.185094,0.189918
SG_013704,0,0.703693,0.214612,0.1898
SG_013707,1,0.993157,0.420499,0.360144
SG_013709,1,0.857621,0.279427,0.252152
SG_013710,0,0.405343,0.129966,0.136381
SG_013712,0,0.741479,0.228735,0.202238
SG_013714,0,0.356186,0.130048,0.107184
SG_013717,0,0.033057,0.071038,0.071205
SG_013718,0,0.941664,0.340404,0.280921
SG_013719,0,0.612679,0.168466,0.190418
SG_013720,0,0.17235,0.086493,0.13169
SG_013721,0,0.907736,0.287879,0.339777
SG_013722,0,0.8973,0.323325,0.238771
SG_013723,0,0.684657,0.212192,0.178223
SG_013724,0,0.287771,0.112312,0.119751
SG_013725,1,0.709079,0.21771,0.189521
SG_013729,0,0.073257,0.080449,0.083797
SG_013730,0,0.421586,0.11243,0.207177
SG_013732,0,0.320486,0.109936,0.144688
SG_013734,1,0.488571,0.136828,0.170918
SG_013735,0,0.195621,0.088167,0.14034
SG_013736,0,0.2022,0.095986,0.122555
SG_013738,0,0.339086,0.114563,0.141091
SG_013739,1,0.435964,0.126108,0.164389
SG_013742,1,0.788743,0.246547,0.222155
SG_013743,0,0.246179,0.093588,0.154954
SG_013748,0,0.388614,0.133655,0.118406
SG_013750,0,0.532143,0.158878,0.151921
SG_013751,1,0.763193,0.233053,0.215634
SG_013752,0,0.380336,0.114946,0.165245
SG_013753,0,0.482321,0.145451,0.146913
SG_013754,0,0.894236,0.304936,0.259313
SG_013756,1,0.953621,0.370866,0.271709
SG_013757,0,0.580886,0.158837,0.185596
SG_013758,0,0.658514,0.20655,0.167442
SG_013760,0,0.132993,0.088406,0.10299
SG_013761,0,0.741571,0.273816,0.156207
SG_013762,1,0.85725,0.310985,0.2097
SG_013763,0,0.052057,0.06154,0.100159
SG_013764,0,0.874379,0.294464,0.248884
SG_013767,0,0.674407,0.177205,0.228365
SG_013768,0,0.696564,0.208459,0.192743
SG_013770,0,0.1709,0.101591,0.075768
SG_013771,0,0.503421,0.138106,0.177841
SG_013772,0,0.616071,0.197182,0.150759
SG_013774,0,0.005207,0.062972,0.030841
SG_013775,0,0.812214,0.261818,0.224708
SG_013776,0,0.919907,0.314148,0.28748
SG_013777,0,0.137193,0.093876,0.086421
SG_013778,0,0.633886,0.168216,0.208725
SG_013779,0,0.784471,0.243582,0.221581
SG_013780,0,0.33135,0.123926,0.108638
SG_013781,0,0.7525,0.217753,0.229937
SG_013782,0,0.325529,0.115884,0.12995
SG_013783,0,0.539386,0.179097,0.128635
SG_013784,0,0.287779,0.118222,0.098853
SG_013786,0,0.719743,0.218096,0.197591
SG_013787,0,0.138336,0.096021,0.075747
SG_013788,0,0.299386,0.105662,0.144969
SG_013789,0,0.228829,0.098063,0.130692
SG_013790,0,0.389686,0.129923,0.127607
SG_013791,0,0.3246,0.109766,0.147638
SG_013792,1,0.906493,0.300895,0.289188
SG_013794,0,0.556057,0.172268,0.145838
SG_013795,0,0.396257,0.124254,0.145023
SG_013796,0,0.482986,0.138592,0.162478
SG_013797,0,0.924057,0.351727,0.243757
SG_013798,0,0.836364,0.253576,0.271771
SG_013799,0,0.254286,0.105574,0.12049
SG_013801,0,0.526629,0.144467,0.177995
SG_013802,0,0.873829,0.283343,0.267962
SG_013803,0,0.786543,0.231155,0.24464
SG_013804,0,0.898943,0.307969,0.262437
SG_013805,0,0.81685,0.253627,0.243409
SG_013806,1,0.016564,0.068579,0.048221
SG_013807,0,0.498657,0.138874,0.172355
SG_013809,0,0.613614,0.166558,0.195779
SG_013810,0,0.650293,0.180295,0.199113
SG_013811,1,0.4368,0.134653,0.143321
SG_013812,0,0.569,0.167156,0.162488
SG_013813,0,0.773129,0.250971,0.201599
SG_013814,0,0.307664,0.10611,0.148362
SG_013816,0,0.746079,0.255197,0.176407
SG_013817,0,0.377807,0.125161,0.132569
SG_013818,0,0.3272,0.120376,0.117223
SG_013819,0,0.59245,0.178496,0.16019
SG_013820,1,0.446979,0.129906,0.161247
SG_013821,0,0.0068,0.065582,0.020951
SG_013822,0,0.790693,0.240539,0.232746
SG_013823,1,0.635657,0.200453,0.159533
SG_013824,0,0.903857,0.301856,0.282265
SG_013825,0,0.426264,0.139052,0.128422
SG_013826,0,0.347007,0.120718,0.127433
SG_013828,0,0.860736,0.2683,0.279721
SG_013829,1,0.041343,0.073574,0.074058
SG_013830,1,0.115971,0.086763,0.096114
SG_013831,0,0.8286,0.254817,0.257189
SG_013832,0,0.266293,0.115948,0.092191
SG_013833,1,0.774507,0.236365,0.221827
SG_013834,0,0.945364,0.324584,0.326947
SG_013835,1,0.857057,0.284633,0.241909
SG_013836,0,0.638371,0.179,0.191972
SG_013837,0,0.352236,0.116325,0.143109
SG_013838,0,0.681457,0.176783,0.238364
SG_013839,0,0.586921,0.158864,0.190124
SG_013843,0,0.830021,0.256816,0.255108
SG_013846,0,0.209836,0.100324,0.112059
SG_013847,0,0.165829,0.096117,0.099512
SG_013848,0,0.02185,0.070809,0.050945
SG_013852,0,0.604971,0.173977,0.175047
SG_013856,0,0.46395,0.144803,0.137909
SG_013858,0,0.918886,0.323242,0.268096
SG_013859,0,0.625914,0.177255,0.18466
SG_013861,0,0.526614,0.138821,0.193048
SG_013863,0,0.544571,0.136869,0.215311
SG_013864,1,0.742114,0.201201,0.253066
SG_013865,0,0.5005,0.150523,0.147904
SG_013866,0,0.774814,0.229645,0.233618
SG_013869,0,0.392336,0.13214,0.124248
SG_013871,0,0.188764,0.09326,0.123518
SG_013872,0,0.826807,0.272821,0.225083
SG_013873,1,0.32895,0.107402,0.157752
SG_013874,0,0.205407,0.100607,0.107827
SG_013875,0,0.243986,0.117771,0.049484
SG_013876,0,0.605171,0.181316,0.164488
SG_013877,0,0.028979,0.068325,0.072395
SG_013878,0,0.738386,0.182888,0.318281
SG_013879,0,0.574414,0.166479,0.167001
SG_013880,0,0.116679,0.087377,0.094743
SG_013881,0,0.608064,0.156288,0.214486
SG_013882,0,0.147136,0.089434,0.109376
SG_013886,0,0.319879,0.116483,0.124452
SG_013887,0,0.4226,0.121496,0.170415
SG_013888,1,0.343071,0.122458,0.120545
SG_013889,0,0.71075,0.191604,0.239557
SG_013890,0,0.368721,0.121747,0.136632
SG_013891,1,0.888064,0.287027,0.285124
SG_013893,0,0.644864,0.173555,0.206875
SG_013894,1,0.239786,0.103863,0.117445
SG_013895,0,0.436479,0.141036,0.129836
SG_013897,0,0.690614,0.208372,0.188126
SG_013899,0,0.943407,0.330283,0.302167
SG_013900,1,0.505107,0.159245,0.136127
SG_013902,1,0.9373,0.329685,0.289712
SG_013903,0,0.103343,0.090576,0.066571
SG_013904,0,0.866764,0.29807,0.234464
SG_013908,0,0.499421,0.157264,0.136085
SG_013909,0,0.486321,0.152087,0.137185
SG_013911,0,0.014329,0.064819,0.056719
SG_013913,1,0.506007,0.120163,0.25542
SG_013915,0,0.319079,0.125389,0.09573
SG_013916,1,0.28295,0.114308,0.109879
SG_013917,1,0.7391,0.216443,0.217989
SG_013918,0,0.396021,0.142393,0.101989
SG_013920,0,0.072271,0.073743,0.100854
SG_013921,1,0.851443,0.272862,0.255317
SG_013923,1,0.8291,0.313527,0.183999
SG_013924,0,0.233314,0.093827,0.146522
SG_013925,0,0.525157,0.15525,0.153937
SG_013926,1,0.303264,0.104995,0.149716
SG_013927,0,0.0764,0.082257,0.078582
SG_013928,0,0.838421,0.271566,0.240916
SG_013929,0,0.0797,0.083843,0.075043
SG_013930,1,0.792086,0.241405,0.23337
SG_013931,0,0.178971,0.099003,0.096321
SG_013932,0,0.126557,0.084965,0.108713
SG_013933,0,0.070014,0.076907,0.092113
SG_013934,0,0.671543,0.171526,0.240929
SG_013935,1,0.622693,0.165387,0.205036
SG_013936,0,0.239136,0.103685,0.117695
SG_013937,0,0.3429,0.118813,0.131003
SG_013938,0,0.657157,0.191929,0.186998
SG_013939,0,0.599943,0.185027,0.156414
SG_013940,0,0.759714,0.22335,0.227689
SG_013941,0,0.682079,0.185453,0.219609
SG_013942,0,0.725407,0.193242,0.25355
SG_013945,1,0.895864,0.307345,0.258992
SG_013947,0,0.517993,0.159063,0.143499
SG_013950,0,0.945729,0.389681,0.250592
SG_013951,0,0.826864,0.250345,0.263175
SG_013952,0,0.768093,0.234596,0.218272
SG_013954,0,0.594221,0.172415,0.170221
SG_013955,1,0.014221,0.069421,0.031409
SG_013956,0,0.173279,0.092816,0.115344
SG_013957,0,0.373093,0.128556,0.121721
SG_013958,0,0.901729,0.295685,0.290784
SG_013959,0,0.202986,0.105011,0.088121
SG_013960,0,0.7044,0.197337,0.217349
SG_013961,0,0.792457,0.229553,0.25609
SG_013963,0,0.5466,0.16659,0.148877
SG_013964,0,0.021179,0.067194,0.064043
SG_013966,0,0.960121,0.346614,0.313392
SG_013967,0,0.681564,0.217745,0.169352
SG_013968,1,0.461857,0.154951,0.118461
SG_013970,0,0.487964,0.138792,0.165025
SG_013971,0,0.159707,0.093886,0.103432
SG_013972,1,0.904893,0.31934,0.253049
SG_013973,1,0.070721,0.085589,0.044957
SG_013975,1,0.623993,0.159945,0.21953
SG_013976,1,0.638964,0.169313,0.210899
SG_013977,0,0.882379,0.27114,0.324125
SG_013981,0,0.263736,0.096828,0.154914
SG_013982,1,0.254286,0.098036,0.144538
SG_013983,1,0.876286,0.313673,0.225442
SG_013984,0,0.278957,0.093032,0.179443
SG_013985,0,0.794536,0.253253,0.218634
SG_013987,0,0.702014,0.196542,0.21692
SG_013988,0,0.274664,0.106325,0.129634
SG_013989,0,0.635293,0.153904,0.253686
SG_013990,1,0.91985,0.338718,0.248892
SG_013991,0,0.271071,0.116756,0.092081
SG_013992,0,0.165636,0.097084,0.095189
SG_013993,0,0.210336,0.087464,0.150125
SG_013994,1,0.973436,0.396744,0.294204
SG_013995,0,0.836857,0.261034,0.256964
SG_013996,0,0.519021,0.154355,0.151634
SG_013998,0,0.073836,0.065732,0.111467
SG_013999,1,0.213614,0.107498,0.085895
SG_014001,0,0.171171,0.098023,0.095037
SG_014002,0,0.672486,0.195918,0.192195
SG_014003,0,0.297629,0.115054,0.116173
SG_014005,0,0.782314,0.248784,0.212505
SG_014006,0,0.417307,0.114793,0.192775
SG_014007,1,0.022143,0.070424,0.053943
SG_014008,0,0.06135,0.078147,0.080841
SG_014011,0,0.657393,0.204971,0.168467
SG_014013,0,0.97715,0.376276,0.319393
SG_014019,0,0.367264,0.130519,0.113452
SG_014024,0,0.4282,0.139479,0.128401
SG_014025,0,0.913857,0.305834,0.292348
SG_014027,0,0.406907,0.130185,0.136823
SG_014028,0,0.102736,0.076235,0.115144
SG_014029,1,0.960286,0.370238,0.285196
SG_014032,0,0.016593,0.064587,0.062775
SG_014033,0,0.103929,0.082855,0.099843
SG_014034,1,0.546243,0.14182,0.1998
SG_014035,0,0.179586,0.093649,0.116551
SG_014038,0,0.545886,0.156697,0.164908
SG_014040,1,0.547121,0.163472,0.15337
SG_014041,1,0.692943,0.186385,0.229209
SG_014042,0,0.183557,0.097044,0.10739
SG_014043,0,0.289414,0.114397,0.113679
SG_014044,1,0.304643,0.120447,0.102897
SG_014048,0,0.219879,0.105385,0.099696
SG_014049,0,0.4825,0.153398,0.132915
SG_014051,0,0.1514,0.09555,0.09098
SG_014052,0,0.832564,0.228882,0.412219
SG_014054,0,0.316521,0.118354,0.116646
SG_014055,0,0.251743,0.097893,0.143633
SG_014056,0,0.210736,0.102511,0.103924
SG_014057,0,0.348414,0.122697,0.122858
SG_014060,0,0.8552,0.29579,0.223832
SG_014061,0,0.015521,0.068291,0.047543
SG_014063,0,0.773414,0.250077,0.203326
SG_014064,1,0.500364,0.143374,0.162474
SG_014065,0,0.502671,0.133309,0.191379
SG_014066,0,0.837286,0.299066,0.203373
SG_014068,1,0.014143,0.06541,0.054447
SG_014069,0,0.542793,0.157239,0.1619
SG_014070,0,0.210207,0.102389,0.104129
SG_014071,0,0.342043,0.124548,0.113836
SG_014074,0,0.442371,0.11972,0.191842
SG_014076,0,0.514614,0.16338,0.135205
SG_014077,0,0.279571,0.10845,0.126708
SG_014078,0,0.600279,0.152625,0.217344
SG_014079,1,0.921814,0.309076,0.303216
SG_014080,0,0.685779,0.214985,0.176266
SG_014082,0,0.28675,0.09861,0.162591
SG_014083,0,0.097307,0.080736,0.101489
SG_014084,0,0.441957,0.162103,0.091937
SG_014086,0,0.622021,0.166585,0.203187
SG_014087,0,0.573293,0.160983,0.175217
SG_014089,0,0.091879,0.085334,0.080938
SG_014090,0,0.279043,0.100045,0.152339
SG_014091,1,0.972936,0.346124,0.493998
SG_014092,0,0.7538,0.258499,0.178251
SG_014093,0,0.438364,0.146971,0.119784
SG_014094,0,0.26705,0.122092,0.053068
SG_014095,0,0.873793,0.318803,0.217371
SG_014097,0,0.87955,0.311078,0.232655
SG_014098,0,0.087679,0.083611,0.084387
SG_014100,0,0.8155,0.248074,0.251738
SG_014101,0,0.227743,0.100923,0.120852
SG_014103,0,0.279821,0.102691,0.143498
SG_014104,0,0.51035,0.135765,0.189121
SG_014106,0,0.023621,0.068795,0.063638
SG_014107,0,0.687929,0.199265,0.198585
SG_014108,0,0.389379,0.126967,0.134934
SG_014109,1,0.849129,0.253822,0.296354
SG_014110,0,0.089807,0.081171,0.094871
SG_014112,0,0.820321,0.270276,0.221923
SG_014114,0,0.806721,0.25953,0.222311
SG_014115,0,0.68835,0.196699,0.204105
SG_014117,0,0.515657,0.147068,0.164336
SG_014118,0,0.519414,0.13875,0.187481
SG_014119,0,0.1863,0.104728,0.07241
SG_014120,0,0.818121,0.275251,0.212469
SG_014121,0,0.275143,0.108663,0.123505
SG_014125,0,0.388786,0.133412,0.119417
SG_014126,0,0.836036,0.282526,0.221104
SG_014127,0,0.632521,0.1783,0.188278
SG_014128,1,0.957843,0.361666,0.289065
SG_014129,0,0.320321,0.11825,0.119475
SG_014131,0,0.972386,0.392199,0.295151
SG_014133,0,0.285557,0.111627,0.120636
SG_014134,0,0.933271,0.340193,0.266748
SG_014137,0,0.38435,0.121549,0.145513
SG_014138,0,0.381121,0.117607,0.155564
SG_014142,0,0.265007,0.09601,0.158364
SG_014143,0,0.84615,0.257238,0.279179
SG_014144,0,0.641893,0.190567,0.178278
SG_014145,0,0.411664,0.13648,0.125684
SG_014147,0,0.545086,0.156051,0.165652
SG_014148,1,0.782921,0.255803,0.20469
SG_014149,0,0.432186,0.1309,0.14943
SG_014150,0,0.153079,0.087316,0.118297
SG_014151,0,0.871657,0.319103,0.214625
SG_014152,0,0.333493,0.11534,0.135946
SG_014153,1,0.05875,0.071759,0.094555
SG_014154,0,0.630957,0.175323,0.191922
SG_014156,0,0.859221,0.268676,0.275765
SG_014158,0,0.069293,0.084138,0.057595
SG_014159,0,0.701493,0.210379,0.193204
SG_014160,0,0.750121,0.244137,0.190306
SG_014163,0,0.208136,0.095026,0.128739
SG_014164,0,0.5707,0.16756,0.162729
SG_014166,0,0.01035,0.066808,0.035124
SG_014169,0,0.534271,0.162602,0.147225
SG_014170,0,0.049093,0.077755,0.067717
SG_014171,0,0.872857,0.286028,0.261091
SG_014173,0,0.010321,0.055371,0.058451
SG_014174,0,0.914114,0.318834,0.26794
SG_014175,0,0.746221,0.215434,0.227489
SG_014178,1,0.773971,0.226131,0.239887
SG_014179,0,0.137343,0.083775,0.118341
SG_014180,0,0.698514,0.189107,0.230443
SG_014181,1,0.308536,0.114338,0.12512
SG_014182,0,0.821564,0.242585,0.271165
SG_014183,0,0.415379,0.127459,0.148111
SG_014185,0,0.391471,0.120977,0.151356
SG_014187,0,0.502986,0.153733,0.143517
SG_014189,0,0.064143,0.084355,0.042551
SG_014193,0,0.572871,0.164008,0.169557
SG_014195,0,0.860514,0.289598,0.239338
SG_014198,0,0.973129,0.369032,0.317896
SG_014199,0,0.9913,0.393063,0.395833
SG_014200,0,0.402443,0.129313,0.136246
SG_014201,0,0.963043,0.340272,0.347205
SG_014202,1,0.223414,0.096302,0.133425
SG_014203,1,0.990986,0.413116,0.348398
SG_014204,0,0.965914,0.366083,0.302053
SG_014206,0,0.311214,0.117364,0.116475
SG_014207,0,0.331021,0.117594,0.127325
SG_014208,0,0.309636,0.104251,0.155932
SG_014209,0,0.561171,0.184033,0.135227
SG_014211,1,0.343086,0.115865,0.139384
SG_014212,0,0.921929,0.312887,0.293985
SG_014213,0,0.020764,0.061525,0.072131
SG_014214,1,0.420007,0.122488,0.165249
SG_014215,0,0.623071,0.189283,0.16621
SG_014216,0,0.388893,0.125039,0.138993
SG_014218,0,0.963479,0.380393,0.282919
SG_014220,0,0.778414,0.230077,0.236943
SG_014221,0,0.170664,0.101195,0.077983
SG_014222,0,0.083871,0.08438,0.077557
SG_014224,0,0.164164,0.089838,0.118555
SG_014225,0,0.994664,0.427624,0.370009
SG_014226,0,0.424214,0.12938,0.147931
SG_014227,0,0.334607,0.118622,0.126777
SG_014228,0,0.262464,0.099344,0.144598
SG_014229,0,0.464657,0.157308,0.115834
SG_014230,0,0.337986,0.120923,0.121832
SG_014231,0,0.474657,0.133494,0.170096
SG_014232,0,0.104686,0.083274,0.099121
SG_014233,0,0.242193,0.106742,0.108867
SG_014234,0,0.078664,0.087134,0.047292
SG_014236,0,0.476843,0.156126,0.125342
SG_014238,0,0.6699,0.195812,0.190424
SG_014239,0,0.379636,0.118365,0.152538
SG_014240,0,0.319036,0.117118,0.122231
SG_014241,0,0.060186,0.077023,0.083382
SG_014242,1,0.932843,0.335039,0.272891
SG_014244,0,0.751214,0.210506,0.242134
SG_014245,0,0.828886,0.281537,0.215181
SG_014246,0,0.066036,0.082868,0.061169
SG_014247,1,0.143814,0.087525,0.112349
SG_014250,1,0.572207,0.156027,0.185034
SG_014251,0,0.093707,0.091292,0.028139
SG_014252,0,0.533643,0.152013,0.165545
SG_014253,0,0.557093,0.165212,0.156904
SG_014254,0,0.93405,0.341774,0.266289
SG_014255,1,0.17095,0.101469,0.076549
SG_014256,0,0.717921,0.182106,0.274118
SG_014257,0,0.1384,0.095936,0.076326
SG_014258,1,0.718114,0.202693,0.221215
SG_014260,0,0.837014,0.289068,0.213767
SG_014261,1,0.5357,0.137095,0.206329
SG_014262,0,0.564686,0.157219,0.176871
SG_014263,0,0.210414,0.102117,0.105047
SG_014264,0,0.607514,0.187834,0.157653
SG_014265,0,0.104529,0.090158,0.07164
SG_014266,0,0.093371,0.076844,0.108151
SG_014267,0,0.020086,0.067655,0.060407
SG_014268,1,0.819236,0.264935,0.227585
SG_014271,1,0.8978,0.356359,0.212182
SG_014273,0,0.054229,0.07278,0.088967
SG_014274,0,0.617129,0.16605,0.199377
SG_014275,0,0.527639,0.159061,0.148834
SG_014276,1,0.841457,0.276381,0.235922
SG_014278,0,0.755493,0.243845,0.194756
SG_014279,0,0.944121,0.332253,0.30121
SG_014280,0,0.084857,0.078446,0.099243
SG_014281,1,0.704114,0.18806,0.239038
SG_014282,0,0.073143,0.084114,0.065471
SG_014283,1,0.460764,0.138142,0.149111
SG_014284,0,0.719471,0.205462,0.217584
SG_014285,0,0.954707,0.34213,0.306405
SG_014286,0,0.361971,0.133136,0.103524
SG_014287,0,0.592107,0.151217,0.213622
SG_014289,1,0.51595,0.149392,0.160044
SG_014291,0,0.6206,0.175269,0.184152
SG_014294,0,0.782536,0.246331,0.21583
SG_014296,1,0.947286,0.334283,0.303318
SG_014297,0,0.375721,0.123195,0.136566
SG_014298,0,0.077457,0.084748,0.068091
SG_014300,0,0.983079,0.369307,0.395651
SG_014301,0,0.828829,0.271924,0.229242
SG_014302,0,0.772671,0.217256,0.256231
SG_014303,0,0.493221,0.147163,0.149705
SG_014304,0,0.63725,0.172474,0.203072
SG_014305,0,0.374743,0.121683,0.139933
SG_014306,0,0.726029,0.256512,0.161596
SG_014307,0,0.750436,0.244794,0.189811
SG_014310,0,0.079486,0.080853,0.08747
SG_014312,0,0.348529,0.111102,0.158139
SG_014313,0,0.070693,0.077034,0.092348
SG_014315,0,0.633129,0.18261,0.18287
SG_014316,0,0.160836,0.08587,0.126843
SG_014317,0,0.05165,0.07402,0.083689
SG_014318,1,0.771693,0.229226,0.230992
SG_014322,0,0.346786,0.125443,0.113638
SG_014323,0,0.740357,0.222777,0.209276
SG_014324,0,0.104821,0.072918,0.12235
SG_014325,0,0.929464,0.301056,0.440983
SG_014326,0,0.413093,0.114561,0.19032
SG_014327,0,0.861829,0.269355,0.279147
SG_014329,0,0.7236,0.190943,0.258149
SG_014330,0,0.14875,0.09264,0.100642
SG_014331,0,0.210643,0.11255,0.034478
SG_014332,0,0.738814,0.227235,0.202106
SG_014333,0,0.29095,0.114042,0.115296
SG_014336,0,0.693771,0.194367,0.2142
SG_014337,0,0.493371,0.140253,0.164999
SG_014338,0,0.591286,0.180671,0.155843
SG_014340,0,0.223536,0.100914,0.118138
SG_014341,0,0.423193,0.123876,0.163034
SG_014344,0,0.709136,0.213773,0.195102
SG_014346,0,0.164929,0.094074,0.105803
SG_014347,1,0.664221,0.181609,0.209184
SG_014348,0,0.402457,0.124684,0.147877
SG_014349,0,0.683243,0.188205,0.214895
SG_014350,0,0.248143,0.10204,0.128321
SG_014351,0,0.490993,0.131576,0.187636
SG_014352,0,0.674714,0.199811,0.18732
SG_014353,0,0.8345,0.281941,0.220561
SG_014354,1,0.829029,0.28114,0.215857
SG_014355,1,0.398186,0.119269,0.16205
SG_014356,0,0.671979,0.191262,0.200361
SG_014357,0,0.656536,0.212642,0.158611
SG_014358,0,0.87,0.308666,0.22465
SG_014359,0,0.686543,0.204032,0.191049
SG_014360,0,0.486636,0.127893,0.195945
SG_014361,0,0.339643,0.125199,0.110219
SG_014362,0,0.828393,0.23963,0.291247
SG_014364,0,0.879729,0.298481,0.249226
SG_014365,0,0.153393,0.089922,0.111944
SG_014366,0,0.5564,0.154975,0.17573
SG_014367,0,0.395986,0.13184,0.127236
SG_014369,0,0.9074,0.310476,0.271374
SG_014371,0,0.031743,0.057077,0.085453
SG_014372,0,0.648029,0.190903,0.182452
SG_014374,1,0.613864,0.153146,0.23078
SG_014376,0,0.845893,0.278005,0.239152
SG_014377,1,0.818764,0.243005,0.265955
SG_014378,0,0.24735,0.115683,0.075662
SG_014379,0,0.408771,0.136722,0.123504
SG_014381,0,0.203071,0.108936,0.066087
SG_014382,0,0.367414,0.121596,0.136265
SG_014384,0,0.22615,0.103775,0.109418
SG_014388,0,0.234771,0.104778,0.111318
SG_014390,0,0.444036,0.133942,0.148858
SG_014392,0,0.822064,0.280571,0.210198
SG_014393,0,0.507379,0.156692,0.14141
SG_014395,0,0.542371,0.151858,0.172383
SG_014396,0,0.169871,0.09484,0.106553
SG_014397,0,0.687657,0.198472,0.199764
SG_014399,0,0.958779,0.377159,0.275585
SG_014400,0,0.502121,0.147301,0.154967
SG_014401,1,0.057021,0.074922,0.085889
SG_014403,1,0.595314,0.181699,0.157208
SG_014404,0,0.229707,0.10988,0.089347
SG_014405,0,0.28375,0.111268,0.120653
SG_014406,0,0.123364,0.079578,0.120786
SG_014407,0,0.689429,0.216223,0.17741
SG_014408,0,0.888121,0.274241,0.330663
SG_014410,0,0.479579,0.1442,0.147679
SG_014412,0,0.186443,0.100238,0.096877
SG_014413,0,0.894829,0.299227,0.270366
SG_014414,0,0.618679,0.186184,0.167162
SG_014417,0,0.5429,0.158867,0.158994
SG_014419,0,0.419221,0.124039,0.16027
SG_014420,0,0.543129,0.207218,0.097063
SG_014421,0,0.368429,0.122375,0.13506
SG_014422,1,0.704236,0.216973,0.187043
SG_014423,0,0.123214,0.084022,0.109278
SG_014424,0,0.628421,0.176178,0.188488
SG_014427,0,0.485029,0.152296,0.136207
SG_014428,0,0.324586,0.096464,0.199914
SG_014429,0,0.727786,0.207117,0.223446
SG_014430,1,0.833207,0.273436,0.231432
SG_014433,0,0.842657,0.258318,0.270528
SG_014434,1,0.933679,0.343196,0.264493
SG_014435,0,0.09585,0.085055,0.086235
SG_014436,0,0.446714,0.110445,0.245426
SG_014437,0,0.627314,0.183912,0.176467
SG_014438,0,0.399243,0.134808,0.122157
SG_014439,0,0.619693,0.18316,0.172383
SG_014440,0,0.273643,0.111134,0.11467
SG_014441,1,0.843086,0.261966,0.264166
SG_014442,0,0.280921,0.115778,0.103155
SG_014443,0,0.5089,0.139359,0.178169
SG_014444,0,0.309343,0.121567,0.10177
SG_014445,0,0.467279,0.140361,0.148157
SG_014448,0,0.651886,0.21295,0.155114
SG_014449,0,0.062364,0.082974,0.051753
SG_014450,0,0.840421,0.244748,0.303645
SG_014451,0,0.200193,0.097358,0.116467
SG_014452,0,0.327007,0.115179,0.132645
SG_014453,0,0.0268,0.072225,0.056655
SG_014454,0,0.635629,0.196843,0.164009
SG_014455,0,0.316564,0.119064,0.114789
SG_014456,0,0.617736,0.165857,0.200182
SG_014458,0,0.401529,0.127887,0.139104
SG_014459,0,0.707843,0.221371,0.184369
SG_014460,1,0.621036,0.163415,0.207889
SG_014461,0,0.187614,0.099906,0.098953
SG_014462,0,0.227507,0.104932,0.106199
SG_014463,0,0.1669,0.09965,0.083333
SG_014464,0,0.479671,0.148601,0.139666
SG_014467,0,0.244057,0.11007,0.099696
SG_014468,0,0.573179,0.158536,0.180705
SG_014470,0,0.663307,0.19169,0.192642
SG_014471,0,0.410214,0.128457,0.142624
SG_014472,0,0.09345,0.079205,0.103078
SG_014473,0,0.025457,0.065601,0.073013
SG_014475,0,0.26015,0.092048,0.169102
SG_014476,0,0.569971,0.151254,0.194045
SG_014477,0,0.083907,0.082247,0.086204
SG_014478,0,0.195464,0.10642,0.072008
SG_014479,0,0.231336,0.082053,0.180495
SG_014480,1,0.413079,0.114783,0.189384
SG_014481,0,0.854486,0.285211,0.238471
SG_014482,0,0.25765,0.099309,0.142522
SG_014483,0,0.047021,0.078357,0.060683
SG_014485,0,0.194721,0.07951,0.162463
SG_014487,0,0.895443,0.324378,0.23532
SG_014489,1,0.796857,0.267122,0.203631
SG_014490,0,0.35575,0.110195,0.166067
SG_014492,1,0.924114,0.311211,0.303487
SG_014493,0,0.53725,0.155512,0.161673
SG_014494,0,0.9007,0.281824,0.347793
SG_014496,0,0.096779,0.088443,0.07105
SG_014497,0,0.594157,0.167118,0.180106
SG_014498,0,0.661871,0.17179,0.229024
SG_014499,0,0.472579,0.150396,0.132574
SG_014500,0,0.422193,0.117657,0.183763
SG_014501,0,0.283257,0.121102,0.083293
SG_014502,0,0.216957,0.111182,0.068747
SG_014503,0,0.263364,0.117423,0.082267
SG_014504,0,0.75475,0.229565,0.212349
SG_014505,1,0.081907,0.071658,0.110154
SG_014506,0,0.290514,0.109344,0.130053
SG_014507,0,0.434193,0.132108,0.147647
SG_014508,0,0.644371,0.189368,0.181615
SG_014509,0,0.602114,0.172952,0.174962
SG_014510,0,0.180743,0.094012,0.115898
SG_014511,0,0.432557,0.14042,0.128739
SG_014513,0,0.785386,0.240544,0.226575
SG_014515,1,0.748336,0.237555,0.196251
SG_014517,0,0.426079,0.13934,0.12745
SG_014518,1,0.640486,0.197599,0.165869
SG_014520,0,0.296986,0.116409,0.11107
SG_014521,0,0.375457,0.111477,0.175514
SG_014523,0,0.312279,0.112815,0.131964
SG_014524,0,0.398957,0.156435,0.06311
SG_014525,0,0.302979,0.108429,0.139541
SG_014526,0,0.877814,0.316096,0.22518
SG_014527,0,0.749879,0.222222,0.219349
SG_014528,0,0.046507,0.079778,0.046955
SG_014530,0,0.816486,0.289972,0.194669
SG_014531,1,0.396329,0.13438,0.121421
SG_014532,0,0.949,0.373042,0.262616
SG_014533,0,0.038686,0.058256,0.0914
SG_014534,0,0.274779,0.108982,0.122514
SG_014535,0,0.381536,0.120714,0.146684
SG_014536,0,0.845893,0.265048,0.261173
SG_014537,1,0.9605,0.346319,0.315208
SG_014539,0,0.249321,0.104598,0.120656
SG_014540,0,0.802171,0.249993,0.231946
SG_014541,0,0.020529,0.072478,0.033889
SG_014542,0,0.1188,0.093582,0.068304
SG_014543,0,0.251707,0.11042,0.103301
SG_014545,0,0.442364,0.154105,0.107886
SG_014546,0,0.333264,0.110788,0.149417
SG_014547,0,0.089371,0.073438,0.112545
SG_014548,1,0.742236,0.203324,0.248595
SG_014549,0,0.0542,0.081665,0.045281
SG_014550,0,0.6493,0.181563,0.19637
SG_014553,1,0.808807,0.267745,0.213329
SG_014554,0,0.092007,0.086773,0.073951
SG_014555,0,0.318043,0.113731,0.13224
SG_014557,0,0.548836,0.143689,0.197191
SG_014558,0,0.093236,0.080932,0.097955
SG_014559,0,0.386657,0.114207,0.172415
SG_014560,0,0.20245,0.097775,0.115979
SG_014561,0,0.884443,0.293654,0.265728
SG_014563,0,0.114971,0.083675,0.10487
SG_014564,0,0.962214,0.359402,0.301547
SG_014567,0,0.705486,0.206122,0.203843
SG_014571,0,0.702293,0.187635,0.237718
SG_014572,1,0.943493,0.321342,0.332831
SG_014573,0,0.511079,0.14441,0.167039
SG_014574,0,0.357686,0.128371,0.113044
SG_014575,0,0.058929,0.080514,0.067039
SG_014576,0,0.5095,0.132456,0.199187
SG_014577,0,0.147464,0.092715,0.099761
SG_014580,0,0.590893,0.162946,0.184255
SG_014584,0,0.076343,0.083209,0.07391
SG_014585,0,0.431514,0.135161,0.139117
SG_014586,0,0.659779,0.186911,0.196479
SG_014588,0,0.029386,0.071167,0.065554
SG_014589,0,0.169264,0.096399,0.100712
SG_014590,0,0.53115,0.145192,0.17977
SG_014591,0,0.374421,0.119304,0.147014
SG_014592,0,0.821657,0.263757,0.232982
SG_014593,0,0.498579,0.165167,0.123943
SG_014595,0,0.657293,0.196986,0.179104
SG_014598,0,0.212914,0.080455,0.172393
SG_014599,1,0.768179,0.216543,0.252521
SG_014600,0,0.684143,0.174487,0.247195
SG_014601,0,0.179921,0.105247,0.057895
SG_014602,0,0.063157,0.077403,0.084627
SG_014603,1,0.937779,0.334011,0.284016
SG_014604,0,0.112771,0.087687,0.090752
SG_014605,1,0.393257,0.130263,0.128956
SG_014606,0,0.460871,0.13347,0.161164
SG_014608,0,0.954421,0.356511,0.28786
SG_014609,1,0.955007,0.350794,0.295549
SG_014610,1,0.511021,0.140655,0.17632
SG_014612,0,0.25565,0.111598,0.10185
SG_014613,0,0.489757,0.135795,0.174341
SG_014614,0,0.69625,0.174236,0.266089
SG_014615,1,0.246857,0.105719,0.115002
SG_014620,0,0.648314,0.178154,0.201348
SG_014622,0,0.465079,0.132237,0.166552
SG_014623,0,0.5202,0.14859,0.164284
SG_014624,1,0.1249,0.079879,0.121084
SG_014625,0,0.142793,0.093849,0.091598
SG_014627,0,0.932321,0.323707,0.292522
SG_014628,0,0.423093,0.135015,0.13507
SG_014629,0,0.565593,0.175743,0.146612
SG_014630,0,0.387964,0.116931,0.162561
SG_014631,0,0.09945,0.086043,0.085098
SG_014632,0,0.126536,0.085486,0.10704
SG_014633,0,0.692429,0.210502,0.185988
SG_014638,0,0.085993,0.079269,0.09776
SG_014639,1,0.678786,0.22356,0.161694
SG_014642,0,0.504557,0.160568,0.133447
SG_014643,0,0.348179,0.119164,0.132804
SG_014644,0,0.992429,0.429331,0.34867
SG_014646,0,0.884379,0.279405,0.298924
SG_014648,0,0.227843,0.104231,0.108652
SG_014649,0,0.58455,0.169124,0.168552
SG_014650,0,0.320543,0.129485,0.081745
SG_014651,1,0.472086,0.141872,0.147651
SG_014652,0,0.75025,0.220479,0.2226
SG_014654,0,0.870064,0.270704,0.292972
SG_014658,0,0.494179,0.150609,0.1439
SG_014659,0,0.162579,0.094642,0.102263
SG_014661,1,0.447571,0.138185,0.141805
SG_014662,0,0.756214,0.210294,0.249345
SG_014663,0,0.733636,0.221102,0.20544
SG_014664,0,0.929207,0.322702,0.288343
SG_014665,0,0.917379,0.297638,0.330059
SG_014666,1,0.3439,0.116443,0.137993
SG_014668,0,0.3224,0.115599,0.128883
SG_014669,0,0.118207,0.091233,0.080709
SG_014670,0,0.516357,0.154931,0.149159
SG_014671,0,0.776521,0.232329,0.231255
SG_014673,0,0.052393,0.073805,0.084824
SG_014674,0,0.027929,0.074049,0.047462
SG_014675,0,0.035443,0.077722,0.031816
SG_014676,0,0.702443,0.211887,0.192033
SG_014678,0,0.689043,0.219272,0.173482
SG_014679,0,0.584236,0.159232,0.186817
SG_014682,1,0.613557,0.183267,0.167724
SG_014683,1,0.384593,0.11094,0.183555
SG_014684,1,0.159236,0.098113,0.084349
SG_014685,0,0.707829,0.215623,0.191653
SG_014686,1,0.33025,0.123428,0.109311
SG_014688,1,0.637336,0.185943,0.180929
SG_014689,0,0.933264,0.32791,0.285886
SG_014692,0,0.223693,0.097484,0.129981
SG_014693,1,0.900614,0.319317,0.246944
SG_014694,1,0.317214,0.121778,0.106221
SG_014695,0,0.729936,0.206854,0.226359
SG_014696,0,0.977607,0.388259,0.30985
SG_014697,0,0.291964,0.118394,0.101151
SG_014698,0,0.312407,0.112905,0.131953
SG_014699,0,0.651986,0.167868,0.228208
SG_014704,0,0.368286,0.105802,0.191104
SG_014705,1,0.128543,0.087609,0.102095
SG_014706,0,0.470643,0.138405,0.154831
SG_014707,0,0.301271,0.103694,0.152866
SG_014708,0,0.592389,0.169485,0.173865
SG_014709,0,0.082414,0.082396,0.084065
SG_014710,0,0.703314,0.207754,0.199237
SG_014711,0,0.43745,0.129454,0.155612
SG_014714,0,0.42,0.148481,0.10507
SG_014715,1,0.789157,0.26318,0.201406
SG_014716,1,0.768321,0.21609,0.25329
SG_014717,0,0.153443,0.101437,0.047144
SG_014719,0,0.644957,0.180676,0.194001
SG_014721,0,0.437329,0.142041,0.12812
SG_014722,0,0.344543,0.126862,0.108568
SG_014724,0,0.666771,0.178013,0.218567
SG_014725,0,0.66465,0.190628,0.195332
SG_014726,0,0.397064,0.14374,0.100312
SG_014727,1,0.80495,0.295053,0.18159
SG_014728,0,0.978686,0.365946,0.359186
SG_014730,0,0.837214,0.248037,0.287111
SG_014732,0,0.114086,0.086694,0.095059
SG_014734,0,0.4403,0.134135,0.146181
SG_014736,0,0.317479,0.131582,0.069878
SG_014737,0,0.318357,0.115301,0.127486
SG_014738,0,0.044714,0.074764,0.073737
SG_014739,0,0.230471,0.095372,0.139805
SG_014740,0,0.357993,0.123172,0.126764
SG_014741,0,0.7352,0.212056,0.221056
SG_014743,0,0.380257,0.129235,0.124078
SG_014744,0,0.106986,0.084894,0.096189
SG_014745,0,0.253,0.10533,0.120757
SG_014747,0,0.521629,0.126618,0.235614
SG_014750,0,0.687536,0.19879,0.199132
SG_014751,1,0.7324,0.211927,0.218302
SG_014752,0,0.638757,0.190659,0.17598
SG_014755,0,0.3108,0.121774,0.102036
SG_014756,0,0.520271,0.126153,0.236392
SG_014758,0,0.20585,0.099146,0.113546
SG_014759,1,0.510221,0.171436,0.121881
SG_014760,0,0.471586,0.141542,0.148102
SG_014761,0,0.24045,0.101071,0.12745
SG_014762,1,0.174886,0.095925,0.105866
SG_014763,0,0.429829,0.130732,0.148391
SG_014764,0,0.344843,0.120745,0.126073
SG_014765,0,0.433864,0.136325,0.138431
SG_014766,0,0.318429,0.125424,0.095063
SG_014767,0,0.0646,0.07565,0.090824
SG_014768,0,0.441764,0.143874,0.127416
SG_014769,0,0.840357,0.303553,0.201764
SG_014770,1,0.512707,0.131149,0.206746
SG_014772,0,0.687186,0.216139,0.175863
SG_014773,0,0.397336,0.129311,0.13333
SG_014775,0,0.327271,0.114068,0.136291
SG_014776,0,0.693857,0.195012,0.212593
SG_014779,0,0.410914,0.122608,0.158871
SG_014781,0,0.969964,0.355529,0.333433
SG_014782,1,0.961957,0.335403,0.37457
SG_014783,0,0.6351,0.170044,0.2053
SG_014784,0,0.028493,0.074397,0.046004
SG_014785,0,0.289586,0.117576,0.102069
SG_014786,0,0.152921,0.092485,0.103903
SG_014788,0,0.970293,0.366659,0.312823
SG_014789,0,0.091186,0.086345,0.07559
SG_014790,0,0.425629,0.147862,0.10964
SG_014791,0,0.163236,0.091113,0.114141
SG_014792,0,0.955164,0.343521,0.305517
SG_014793,0,0.135929,0.095861,0.074162
SG_014794,0,0.878414,0.308913,0.234239
SG_014795,0,0.642314,0.176536,0.199013
SG_014796,0,0.424271,0.13602,0.133369
SG_014797,0,0.376843,0.126197,0.129494
SG_014798,0,0.432264,0.137952,0.134053
SG_014799,0,0.422779,0.120617,0.174027
SG_014804,0,0.145707,0.086307,0.116553
SG_014805,1,0.931336,0.335651,0.269213
SG_014806,0,0.275014,0.108723,0.123318
SG_014807,0,0.2342,0.101183,0.123543
SG_014809,1,0.53775,0.161978,0.149934
SG_014810,1,0.781057,0.241508,0.220908
SG_014811,0,0.534493,0.159118,0.152869
SG_014814,0,0.478821,0.143163,0.148848
SG_014816,0,0.132929,0.091803,0.091975
SG_014817,0,0.05325,0.081028,0.04965
SG_014818,0,0.715607,0.198697,0.226263
SG_014819,0,0.292036,0.125309,0.070252
SG_014820,0,0.428429,0.128041,0.154396
SG_014821,0,0.551393,0.155553,0.171027
SG_014822,0,0.584086,0.160371,0.184205
SG_014823,1,0.8456,0.265605,0.259688
SG_014826,0,0.962414,0.337254,0.359743
SG_014828,1,0.765629,0.225422,0.231575
SG_014829,1,0.767614,0.213705,0.257998
SG_014831,0,0.660821,0.241075,0.135172
SG_014832,0,0.35715,0.129102,0.110554
SG_014833,1,0.960279,0.34991,0.308666
SG_014835,1,0.88915,0.316765,0.237584
SG_014836,1,0.844414,0.267595,0.255039
SG_014837,1,0.8869,0.283087,0.292883
SG_014838,1,0.932736,0.390322,0.234543
SG_014840,1,0.882329,0.28898,0.269761
SG_014841,1,0.236471,0.113809,0.075061
SG_014842,0,0.629193,0.192837,0.165715
SG_014843,0,0.921207,0.299925,0.336649
SG_014845,0,0.554736,0.150462,0.184286
SG_014846,0,0.167779,0.093038,0.11155
SG_014847,0,0.642257,0.195194,0.171291
SG_014848,0,0.462929,0.117908,0.217179
SG_014849,0,0.133143,0.094242,0.079769
SG_014850,0,0.711279,0.208688,0.204611
SG_014851,0,0.743571,0.238881,0.190571
SG_014852,0,0.079314,0.07869,0.09449
SG_014853,0,0.436857,0.129115,0.156254
SG_014854,0,0.832229,0.242262,0.292408
SG_014855,1,0.775829,0.224557,0.245057
SG_014856,0,0.570629,0.149891,0.198226
SG_014857,0,0.370271,0.121371,0.138627
SG_014858,0,0.123893,0.078623,0.123154
SG_014859,0,0.519036,0.129428,0.218779
SG_014860,1,0.795807,0.250261,0.224138
SG_014861,0,0.375321,0.121508,0.140823
SG_014862,0,0.935943,0.336094,0.275771
SG_014863,0,0.450214,0.134097,0.152241
SG_014864,0,0.195071,0.100855,0.100411
SG_014868,0,0.428221,0.122571,0.170699
SG_014869,0,0.6688,0.192518,0.195116
SG_014870,0,0.186157,0.102449,0.08579
SG_014872,0,0.244664,0.111198,0.095686
SG_014873,0,0.890086,0.282575,0.301894
SG_014876,0,0.241614,0.097052,0.140981
SG_014877,0,0.154829,0.092424,0.105303
SG_014878,0,0.565307,0.131593,0.267449
SG_014881,1,0.871064,0.294937,0.243827
SG_014883,0,0.164664,0.094113,0.105378
SG_014884,0,0.596757,0.155779,0.205375
SG_014886,0,0.911693,0.307339,0.285879
SG_014888,0,0.463257,0.134387,0.160182
SG_014889,1,0.213621,0.100238,0.114422
SG_014890,0,0.290114,0.105081,0.141975
SG_014891,0,0.401293,0.122294,0.153639
SG_014892,0,0.27365,0.105374,0.132178
SG_014893,1,0.960214,0.369838,0.285262
SG_014896,0,0.332693,0.115547,0.134958
SG_014897,0,0.362171,0.117684,0.144121
SG_014899,0,0.796243,0.236455,0.246784
SG_014901,0,0.350257,0.125396,0.115619
SG_014902,1,0.344293,0.113543,0.147418
SG_014903,0,0.067543,0.069434,0.10353
SG_014904,1,0.8224,0.252155,0.253281
SG_014905,0,0.6843,0.185387,0.222134
SG_014907,0,0.098,0.081497,0.099548
SG_014908,0,0.523571,0.1223,0.265715
SG_014910,0,0.200986,0.094565,0.126101
SG_014911,0,0.249579,0.10413,0.122551
SG_014912,0,0.092471,0.081029,0.097005
SG_014913,1,0.970193,0.35945,0.324359
SG_014915,0,0.882121,0.275096,0.305824
SG_014916,0,0.355243,0.106801,0.177667
SG_014917,0,0.579129,0.171233,0.161977
SG_014918,0,0.918543,0.305478,0.303872
SG_014920,0,0.204229,0.0961,0.123481
SG_014922,0,0.260007,0.108224,0.115454
SG_014923,0,0.523136,0.154781,0.153557
SG_014924,0,0.458464,0.131271,0.165225
SG_014925,0,0.978679,0.39401,0.308136
SG_014926,1,0.736843,0.222552,0.20607
SG_014927,0,0.572329,0.171686,0.156444
SG_014928,0,0.834643,0.261836,0.252254
SG_014929,0,0.785129,0.220719,0.266895
SG_014930,0,0.817479,0.228349,0.307139
SG_014931,0,0.625257,0.168417,0.200558
SG_014932,0,0.500343,0.146299,0.156161
SG_014933,0,0.532721,0.133346,0.217359
SG_014934,0,0.1637,0.09964,0.079934
SG_014935,0,0.143014,0.100496,0.01763
SG_014936,0,0.111721,0.092334,0.067676
SG_014937,1,0.878129,0.274445,0.299165
SG_014938,0,0.225179,0.10264,0.112785
SG_014941,0,0.731643,0.22524,0.198643
SG_014942,0,0.318764,0.103398,0.165388
SG_014943,0,0.1678,0.097505,0.095035
SG_014944,1,0.897714,0.313013,0.252603
SG_014947,1,0.882564,0.305209,0.243179
SG_014948,1,0.297343,0.11188,0.12645
SG_014949,0,0.728093,0.227276,0.19295
SG_014950,0,0.801507,0.250476,0.230521
SG_014952,0,0.8523,0.297349,0.219003
SG_014954,0,0.346914,0.108961,0.164508
SG_014956,0,0.9836,0.380802,0.343487
SG_014957,0,0.446779,0.147456,0.123413
SG_014958,0,0.866157,0.285027,0.253271
SG_014960,1,0.192879,0.104217,0.083087
SG_014962,0,0.06225,0.082158,0.059864
SG_014963,0,0.250721,0.111433,0.099579
SG_014967,0,0.780229,0.268687,0.188209
SG_014968,0,0.981107,0.385531,0.322786
SG_014970,0,0.485736,0.135748,0.171529
SG_014971,0,0.595157,0.163331,0.186761
SG_014973,0,0.29135,0.107776,0.135223
SG_014974,0,0.771436,0.24912,0.202858
SG_014975,0,0.272114,0.102613,0.139438
SG_014977,0,0.181736,0.096384,0.108694
SG_014978,0,0.275186,0.109033,0.122507
SG_014981,0,0.83575,0.290315,0.211184
SG_014982,0,0.034186,0.074176,0.061621
SG_014983,0,0.421064,0.14037,0.122539
SG_014985,1,0.567443,0.181263,0.141455
SG_014986,0,0.0613,0.075731,0.087674
SG_014987,0,0.147429,0.089544,0.109218
SG_014988,0,0.460257,0.144001,0.137516
SG_014989,0,0.244943,0.108754,0.10462
SG_014991,0,0.918914,0.325196,0.265733
SG_014992,0,0.730564,0.208297,0.223773
SG_014993,0,0.303643,0.118615,0.108098
SG_014994,0,0.935529,0.310202,0.36023
SG_014995,1,0.977343,0.370755,0.330671
SG_014996,1,0.971157,0.385936,0.296342
SG_014997,0,0.449193,0.134821,0.149706
SG_015000,1,0.936064,0.334154,0.279983
SG_015003,0,0.186786,0.093951,0.120107
SG_015004,0,0.664707,0.150245,0.36879
SG_015005,1,0.800721,0.260145,0.215139
SG_015006,0,0.5638,0.175114,0.146475
SG_015007,0,0.377979,0.118208,0.151748
SG_015008,0,0.758786,0.252222,0.188438
SG_015009,0,0.670014,0.203483,0.179644
SG_015010,1,0.811764,0.280923,0.200532
SG_015011,0,0.279086,0.104981,0.136407
SG_015012,0,0.015421,0.065786,0.055695
SG_015013,0,0.376693,0.128751,0.123456
SG_015016,0,0.623764,0.176513,0.184425
SG_015017,0,0.631029,0.157258,0.236146
SG_015018,0,0.517014,0.144514,0.171114
SG_015019,0,0.937636,0.342893,0.270805
SG_015020,0,0.484971,0.141852,0.155414
SG_015022,0,0.701643,0.196297,0.217127
SG_015023,0,0.800293,0.252576,0.225557
SG_015024,0,0.796621,0.207255,0.427747
SG_015025,1,0.940529,0.335112,0.287812
SG_015027,0,0.803186,0.235834,0.258677
SG_015028,0,0.211671,0.109181,0.075367
SG_015029,0,0.37745,0.137776,0.10165
SG_015030,1,0.677171,0.21002,0.175851
SG_015032,0,0.183886,0.102187,0.084592
SG_015033,0,0.83865,0.258671,0.2638
SG_015034,0,0.722786,0.197522,0.237921
SG_015035,0,0.47215,0.133179,0.169306
SG_015037,1,0.88535,0.296789,0.259877
SG_015038,1,0.3795,0.120315,0.146901
SG_015040,0,0.9082,0.304277,0.285006
SG_015041,0,0.367057,0.11624,0.151681
SG_015043,0,0.797164,0.223636,0.278762
SG_015045,0,0.742557,0.218062,0.218119
SG_015048,0,0.647743,0.193998,0.177496
SG_015049,1,0.250693,0.108482,0.109245
SG_015051,0,0.196879,0.094385,0.124276
SG_015052,1,0.50115,0.146026,0.157451
SG_015053,1,0.840271,0.252665,0.28078
SG_015055,0,0.730993,0.215472,0.211792
SG_015056,1,0.336125,0.119562,0.124927
SG_015057,0,0.853307,0.281729,0.24222
SG_015058,0,0.420143,0.12837,0.148347
SG_015059,0,0.428993,0.131283,0.146725
SG_015060,1,0.068807,0.074575,0.096362
SG_015061,0,0.512629,0.131194,0.206406
SG_015062,0,0.734436,0.211467,0.221225
SG_015063,0,0.195886,0.104066,0.086488
SG_015064,0,0.583864,0.155524,0.195096
SG_015065,0,0.617886,0.174901,0.182961
SG_015067,1,0.890336,0.316872,0.238715
SG_015069,0,0.436329,0.144356,0.123351
SG_015070,0,0.735271,0.219367,0.209588
SG_015072,1,0.87235,0.293851,0.247084
SG_015073,0,0.157164,0.08187,0.134278
SG_015074,0,0.7461,0.215439,0.227274
SG_015077,0,0.714493,0.199086,0.223772
SG_015078,0,0.808079,0.230159,0.279528
SG_015079,0,0.749564,0.221748,0.219863
SG_015080,0,0.902536,0.299899,0.283456
SG_015083,0,0.052564,0.073919,0.084569
SG_015084,1,0.775621,0.247524,0.208138
SG_015086,0,0.370393,0.113969,0.162326
SG_015087,0,0.685679,0.201185,0.194189
SG_015088,0,0.31745,0.107066,0.151353
SG_015089,1,0.759586,0.26935,0.172647
SG_015090,1,0.619164,0.174729,0.184086
SG_015091,0,0.034364,0.071439,0.071709
SG_015092,0,0.2594,0.110301,0.108483
SG_015094,0,0.513321,0.183658,0.107439
SG_015096,0,0.981457,0.362091,0.476263
SG_015097,0,0.5221,0.149844,0.162817
SG_015098,1,0.791029,0.258106,0.208426
SG_015100,0,0.671029,0.173832,0.2334
SG_015101,0,0.295086,0.110864,0.128155
SG_015104,0,0.478114,0.138479,0.159659
SG_015105,0,0.772921,0.241717,0.212368
SG_015106,0,0.376364,0.124169,0.134919
SG_015107,1,0.642757,0.183601,0.18827
SG_015108,0,0.806436,0.278133,0.198658
SG_015109,0,0.300343,0.105776,0.145009
SG_015110,0,0.052493,0.074407,0.083127
SG_015113,0,0.030157,0.066703,0.076372
SG_015114,0,0.737093,0.235891,0.189447
SG_015115,1,0.929043,0.303962,0.362904
SG_015116,0,0.266657,0.115242,0.095277
SG_015117,0,0.342421,0.124236,0.114704
SG_015119,0,0.779557,0.247543,0.211831
SG_015120,0,0.49155,0.144656,0.153787
SG_015121,0,0.087379,0.083287,0.085095
SG_015122,0,0.155314,0.091025,0.109625
SG_015123,0,0.919679,0.328504,0.2613
SG_015124,0,0.226436,0.092625,0.146032
SG_015128,0,0.814121,0.235059,0.277128
SG_015130,0,0.089429,0.081842,0.092146
SG_015131,1,0.634486,0.179898,0.18713
SG_015132,0,0.254014,0.104238,0.124583
SG_015133,1,0.73625,0.220149,0.209304
SG_015136,0,0.471236,0.162337,0.111609
SG_015139,0,0.607164,0.172838,0.178714
SG_015140,0,0.279036,0.112395,0.114002
SG_015141,0,0.52775,0.155006,0.155869
SG_015142,0,0.573,0.167735,0.163642
SG_015143,0,0.82165,0.229007,0.315713
SG_015145,1,0.9751,0.403798,0.29569
SG_015147,0,0.491236,0.140947,0.161902
SG_015148,0,0.588821,0.133498,0.296881
SG_015149,0,0.217886,0.105964,0.095468
SG_015150,0,0.069057,0.077998,0.088469
SG_015151,0,0.48345,0.148062,0.142658
SG_015153,0,0.485979,0.139296,0.162516
SG_015154,0,0.176743,0.09621,0.106217
SG_015156,0,0.360671,0.116078,0.148485
SG_015157,0,0.298264,0.113527,0.121912
SG_015160,0,0.775464,0.250318,0.204528
SG_015162,0,0.236493,0.105617,0.109145
SG_015163,0,0.640079,0.192039,0.174635
SG_015164,1,0.907314,0.309962,0.272052
SG_015166,0,0.136421,0.085536,0.113344
SG_015168,0,0.701779,0.189842,0.232059
SG_015170,0,0.157164,0.0905,0.112417
SG_015171,0,0.445079,0.124243,0.177125
SG_015172,0,0.181064,0.093027,0.119913
SG_015173,1,0.573993,0.160938,0.175926
SG_015174,0,0.069621,0.08098,0.0768
SG_015175,0,0.755536,0.218696,0.231427
SG_015177,0,0.643864,0.183329,0.18974
SG_015178,0,0.833264,0.272433,0.233287
SG_015179,0,0.051129,0.079111,0.063136
SG_015181,0,0.502086,0.145559,0.158888
SG_015182,1,0.081779,0.081216,0.088055
SG_015184,1,0.942029,0.336892,0.286701
SG_015185,0,0.410671,0.13814,0.121437
SG_015186,0,0.634671,0.192076,0.170591
SG_015187,0,0.520964,0.140027,0.185107
SG_015188,0,0.267029,0.110754,0.112123
SG_015191,0,0.550979,0.168112,0.148777
SG_015193,0,0.198621,0.105879,0.078585
SG_015194,0,0.802986,0.237536,0.254254
SG_015196,1,0.944,0.357174,0.267788
SG_015198,0,0.11315,0.078227,0.117826
SG_015199,0,0.049907,0.079911,0.054016
SG_015200,0,0.76115,0.210734,0.255089
SG_015203,1,0.437157,0.118621,0.192069
SG_015204,0,0.337643,0.119591,0.125745
SG_015205,0,0.353136,0.130163,0.105004
SG_015206,0,0.866571,0.291243,0.24342
SG_015207,0,0.30535,0.107387,0.143675
SG_015208,0,0.258671,0.106818,0.118875
SG_015209,0,0.957664,0.338457,0.3238
SG_015210,0,0.209536,0.085093,0.156236
SG_015211,0,0.168643,0.104351,0.038754
SG_015212,1,0.770329,0.242834,0.208667
SG_015213,0,0.126814,0.093093,0.080656
SG_015216,0,0.210593,0.097418,0.122565
SG_015218,1,0.883479,0.301023,0.251089
SG_015219,0,0.921929,0.327628,0.266421
SG_015220,0,0.048043,0.073112,0.08271
SG_015221,0,0.481693,0.129318,0.187036
SG_015223,0,0.833836,0.275784,0.227911
SG_015225,0,0.753121,0.23614,0.202506
SG_015226,0,0.122721,0.089728,0.0917
SG_015227,0,0.932786,0.313515,0.320594
SG_015228,1,0.818493,0.276588,0.21123
SG_015229,0,0.4241,0.128921,0.149166
SG_015230,0,0.95755,0.35937,0.29086
SG_015231,1,0.698193,0.19883,0.208155
SG_015232,0,0.1303,0.092462,0.087042
SG_015233,0,0.1087,0.088139,0.08549
SG_015234,0,0.609636,0.16954,0.185831
SG_015236,0,0.652936,0.179283,0.203629
SG_015237,0,0.544814,0.165706,0.148857
SG_015238,0,0.632414,0.171803,0.200023
SG_015240,0,0.67185,0.187524,0.205406
SG_015241,0,0.6022,0.166457,0.187005
SG_015242,0,0.617686,0.173977,0.183938
SG_015243,0,0.591107,0.188215,0.147204
SG_015244,0,0.305964,0.101002,0.166222
SG_015245,0,0.90385,0.293463,0.303445
SG_015247,0,0.590907,0.173176,0.166188
SG_015248,0,0.393236,0.134805,0.11828
SG_015249,1,0.733157,0.216005,0.212958
SG_015250,0,0.524621,0.162375,0.141972
SG_015253,0,0.0226,0.068293,0.063593
SG_015254,0,0.147557,0.084152,0.123772
SG_015255,1,0.94225,0.339218,0.283813
SG_015258,0,0.144421,0.091228,0.101876
SG_015259,0,0.334821,0.127741,0.100125
SG_015260,0,0.754864,0.223104,0.222923
SG_015264,1,0.181007,0.092999,0.119931
SG_015265,1,0.895829,0.29025,0.292695
SG_015266,0,0.382286,0.140042,0.098969
SG_015267,0,0.57375,0.151833,0.195742
SG_015268,0,0.152107,0.077054,0.141912
SG_015271,1,0.247779,0.101429,0.130429
SG_015273,0,0.187264,0.098437,0.104521
SG_015274,1,0.092136,0.080391,0.099311
SG_015275,0,0.811464,0.249188,0.244149
SG_015281,0,0.296293,0.113388,0.121095
SG_015282,0,0.168193,0.09547,0.103163
SG_015285,0,0.266143,0.101842,0.138871
SG_015286,0,0.506643,0.147956,0.156226
SG_015287,0,0.274636,0.108822,0.122861
SG_015288,0,0.103871,0.093033,0.041797
SG_015291,0,0.083136,0.088367,0.045101
SG_015292,0,0.961021,0.34559,0.318617
SG_015293,0,0.59285,0.15777,0.196931
SG_015295,0,0.964057,0.360561,0.304638
SG_015298,0,0.235621,0.116787,0.040629
SG_015299,0,0.196479,0.098042,0.111823
SG_015300,0,0.1772,0.098593,0.096955
SG_015301,0,0.067664,0.074653,0.095385
SG_015303,0,0.50705,0.147027,0.158907
SG_015305,0,0.64835,0.171517,0.215113
SG_015306,0,0.464586,0.129031,0.175793
SG_015307,0,0.611443,0.166803,0.19356
SG_015310,1,0.861207,0.306667,0.21755
SG_015311,0,0.918043,0.325824,0.263681
SG_015313,0,0.1961,0.105347,0.07971
SG_015314,0,0.024679,0.073828,0.037477
SG_015315,0,0.920729,0.311281,0.296042
SG_015316,0,0.0946,0.081229,0.098031
SG_015318,0,0.5393,0.151694,0.170671
SG_015319,0,0.4828,0.136776,0.166849
SG_015320,1,0.805071,0.254621,0.228017
SG_015321,1,0.977307,0.480916,0.291053
SG_015324,0,0.927014,0.351214,0.247656
SG_015325,0,0.818179,0.225653,0.321999
SG_015327,0,0.375843,0.120792,0.14314
SG_015328,0,0.925714,0.316775,0.294165
SG_015330,0,0.263743,0.099856,0.143939
SG_015331,0,0.830864,0.247593,0.275857
SG_015332,0,0.361521,0.139719,0.08301
SG_015333,0,0.331586,0.114036,0.13874
SG_015334,0,0.0511,0.072455,0.086914
SG_015335,0,0.781707,0.225242,0.252066
SG_015336,0,0.537971,0.160666,0.152116
SG_015338,0,0.336086,0.1222,0.116653
SG_015342,1,0.510657,0.146521,0.162682
SG_015343,0,0.14345,0.090206,0.104475
SG_015344,0,0.071964,0.083574,0.066926
SG_015345,0,0.7005,0.220624,0.179995
SG_015347,0,0.448343,0.130106,0.161552
SG_015350,0,0.301836,0.114406,0.121104
SG_015352,0,0.755779,0.246631,0.192292
SG_015353,0,0.081371,0.083481,0.078297
SG_015354,0,0.406314,0.12692,0.144015
SG_015357,0,0.282571,0.116027,0.103458
SG_015358,0,0.657071,0.234145,0.138991
SG_015359,1,0.983807,0.374665,0.36407
SG_015364,0,0.77235,0.237464,0.218218
SG_015365,1,0.586021,0.149983,0.211387
SG_015366,1,0.859464,0.267061,0.28022
SG_015367,0,0.178771,0.097998,0.100553
SG_015368,0,0.41895,0.131668,0.140201
SG_015370,0,0.0102,0.061018,0.054652
SG_015371,0,0.684693,0.210298,0.180789
SG_015373,0,0.827357,0.252164,0.260108
SG_015374,0,0.598214,0.169281,0.178196
SG_015376,0,0.460336,0.132987,0.162235
SG_015377,1,0.979464,0.388973,0.314287
SG_015378,0,0.544879,0.138066,0.211487
SG_015379,0,0.747329,0.222013,0.21696
SG_015380,1,0.947871,0.349012,0.282521
SG_015385,1,0.583229,0.166598,0.173189
SG_015386,1,0.560314,0.179941,0.138965
SG_015387,0,0.379186,0.134701,0.110245
SG_015389,1,0.732121,0.197331,0.249555
SG_015390,1,0.232993,0.11212,0.081351
SG_015391,0,0.0412,0.079334,0.030113
SG_015392,0,0.788664,0.229867,0.250232
SG_015393,0,0.875021,0.294336,0.249941
SG_015394,1,0.64825,0.193408,0.178613
SG_015396,0,0.946986,0.371695,0.260873
SG_015398,1,0.969979,0.34211,0.454576
SG_015404,1,0.996136,0.449711,0.37575
SG_015405,0,0.815479,0.238306,0.270547
SG_015407,0,0.528107,0.169193,0.134714
SG_015408,0,0.630357,0.179972,0.183807
SG_015409,1,0.660271,0.172517,0.224456
SG_015410,0,0.796021,0.256182,0.21611
SG_015411,0,0.807821,0.241028,0.253661
SG_015413,0,0.23095,0.105185,0.107426
SG_015414,0,0.498271,0.137655,0.175696
SG_015415,1,0.684679,0.195132,0.204292
SG_015416,0,0.226457,0.105058,0.104946
SG_015417,1,0.93845,0.323967,0.306446
SG_015418,0,0.516471,0.132469,0.205153
SG_015419,0,0.094543,0.080894,0.099118
SG_015420,0,0.388171,0.116912,0.162734
SG_015422,0,0.277714,0.118987,0.088929
SG_015423,0,0.700521,0.195251,0.218244
SG_015426,0,0.246043,0.099568,0.135303
SG_015427,0,0.388893,0.126499,0.135533
SG_015429,0,0.839957,0.251912,0.282041
SG_015432,0,0.977064,0.389336,0.307253
SG_015433,1,0.864129,0.303556,0.224152
SG_015434,0,0.486029,0.15433,0.133364
SG_015435,0,0.909421,0.297818,0.303168
SG_015436,0,0.428157,0.134266,0.139139
SG_015437,0,0.6108,0.175462,0.176721
SG_015438,0,0.884579,0.275905,0.309007
SG_015441,0,0.137871,0.087283,0.109129
SG_015442,0,0.093486,0.088054,0.069172
SG_015443,0,0.62965,0.184362,0.177634
SG_015444,0,0.021564,0.070784,0.050371
SG_015445,0,0.099821,0.080316,0.104513
SG_015449,0,0.843543,0.252271,0.288202
SG_015450,0,0.639786,0.151563,0.271789
SG_015451,0,0.493821,0.147845,0.148679
SG_015453,0,0.355093,0.120791,0.131794
SG_015455,0,0.687836,0.197412,0.202367
SG_015456,0,0.161571,0.088011,0.12198
SG_015457,0,0.096664,0.082784,0.094852
SG_015459,0,0.152057,0.082835,0.129163
SG_015460,0,0.247921,0.101424,0.130549
SG_015461,0,0.568729,0.147829,0.202377
SG_015465,0,0.057929,0.079851,0.068987
SG_015468,0,0.659493,0.179853,0.207979
SG_015469,0,0.547936,0.158117,0.163456
SG_015471,0,0.906829,0.322399,0.252104
SG_015472,0,0.318786,0.125057,0.096827
SG_015474,0,0.228829,0.10502,0.106608
SG_015475,1,0.296507,0.108151,0.136925
SG_015476,0,0.4299,0.124985,0.163819
SG_015477,0,0.73225,0.20589,0.230958
SG_015478,1,0.375179,0.121242,0.141693
SG_015480,1,0.988807,0.393393,0.358416
SG_015482,0,0.862707,0.264629,0.292665
SG_015484,0,0.230571,0.108226,0.096623
SG_015485,0,0.098371,0.077453,0.110319
SG_015486,1,0.989829,0.414056,0.339261
SG_015487,0,0.934836,0.310838,0.351466
SG_015488,0,0.197336,0.094857,0.123397
SG_015489,0,0.735879,0.194227,0.266077
SG_015490,0,0.268721,0.105834,0.12758
SG_015491,0,0.160564,0.092972,0.107086
SG_015493,0,0.073864,0.081784,0.077804
SG_015494,0,0.408907,0.136442,0.124192
SG_015496,0,0.541529,0.158757,0.158201
SG_015497,0,0.864864,0.259431,0.315942
SG_015499,0,0.603971,0.173822,0.17479
SG_015500,1,0.316843,0.12289,0.102333
SG_015501,0,0.192714,0.098199,0.108581
SG_015502,0,0.173829,0.094068,0.111659
SG_015504,0,0.919007,0.316689,0.280705
SG_015505,0,0.644843,0.180315,0.194529
SG_015506,0,0.322336,0.123246,0.1048
SG_015508,0,0.857129,0.285658,0.240675
SG_015509,0,0.157507,0.086388,0.123522
SG_015510,0,0.268671,0.10721,0.123879
SG_015511,0,0.517136,0.140807,0.180203
SG_015513,0,0.976786,0.390288,0.306151
SG_015515,0,0.711343,0.207952,0.205729
SG_015516,0,0.45855,0.128775,0.172382
SG_015518,0,0.460421,0.141159,0.142608
SG_015519,0,0.249207,0.113327,0.090155
SG_015521,0,0.376329,0.119358,0.147884
SG_015522,0,0.581868,0.169485,0.166077
SG_015523,0,0.980657,0.371462,0.350227
SG_015525,0,0.313529,0.115858,0.123166
SG_015528,0,0.720829,0.198197,0.233205
SG_015529,0,0.024721,0.06748,0.068479
SG_015530,0,0.928093,0.337588,0.261683
SG_015531,1,0.916343,0.298421,0.320507
SG_015532,0,0.192086,0.089805,0.134827
SG_015533,1,0.073736,0.080234,0.085049
SG_015534,0,0.235407,0.109586,0.094938
SG_015536,1,0.307586,0.098401,0.178074
SG_015539,1,0.527493,0.150579,0.164731
SG_015541,1,0.892829,0.27801,0.32774
SG_015545,1,0.935114,0.312941,0.334396
SG_015548,0,0.642571,0.17541,0.201325
SG_015549,0,0.9365,0.3669,0.249808
SG_015551,0,0.20045,0.108726,0.063398
SG_015552,0,0.779286,0.22578,0.246646
SG_015553,0,0.485171,0.149463,0.141035
SG_015554,0,0.715229,0.183765,0.265321
SG_015555,0,0.312593,0.110241,0.139605
SG_015557,0,0.270064,0.105334,0.130406
SG_015561,0,0.415643,0.116749,0.182911
SG_015563,1,0.845557,0.253982,0.288083
SG_015564,0,0.139871,0.092959,0.09288
SG_015566,0,0.037843,0.077265,0.047848
SG_015567,0,0.404764,0.129185,0.137876
SG_015569,0,0.419764,0.1342,0.135033
SG_015570,0,0.616271,0.168265,0.193546
SG_015571,1,0.463079,0.131117,0.168513
SG_015573,1,0.830614,0.258767,0.252029
SG_015574,0,0.451314,0.132888,0.156167
SG_015575,1,0.653486,0.181428,0.199867
SG_015577,0,0.706843,0.200198,0.214236
SG_015579,1,0.253236,0.101148,0.134418
SG_015581,0,0.674879,0.241774,0.142202
SG_015583,0,0.64985,0.176816,0.204906
SG_015588,0,0.561836,0.167489,0.156851
SG_015592,1,0.96405,0.344475,0.336149
SG_015594,0,0.36285,0.131359,0.108334
SG_015595,0,0.433914,0.12932,0.153902
SG_015596,0,0.699257,0.208455,0.194853
SG_015599,1,0.929829,0.311271,0.319345
SG_015601,0,0.898164,0.307778,0.261708
SG_015602,0,0.629836,0.186447,0.174822
SG_015603,0,0.498057,0.16725,0.121069
SG_015604,0,0.459093,0.160419,0.10696
SG_015605,1,0.888179,0.346987,0.20759
SG_015607,0,0.641757,0.201132,0.162576
SG_015608,0,0.13715,0.091058,0.097391
SG_015609,1,0.809557,0.273258,0.207332
SG_015610,0,0.642214,0.216893,0.14564
SG_015611,0,0.903329,0.304295,0.274936
SG_015612,0,0.160464,0.089955,0.115799
SG_015614,0,0.840493,0.273828,0.239756
SG_015616,0,0.532514,0.18918,0.113398
SG_015618,0,0.801164,0.244832,0.239202
SG_015620,0,0.87205,0.283754,0.264786
SG_015621,0,0.844271,0.248415,0.301443
SG_015622,1,0.713457,0.22159,0.188351
SG_015624,0,0.594943,0.184625,0.153755
SG_015625,0,0.428636,0.150054,0.107093
SG_015626,0,0.498086,0.150576,0.146349
SG_015628,0,0.848579,0.261549,0.273726
SG_015629,0,0.467171,0.147732,0.134461
SG_015630,0,0.6612,0.200813,0.176437
SG_015631,0,0.723264,0.243147,0.171655
SG_015632,0,0.177071,0.10384,0.06708
SG_015633,0,0.760314,0.223575,0.227857
SG_015634,0,0.868593,0.281805,0.263172
SG_015635,0,0.579814,0.184909,0.144567
SG_015636,0,0.718836,0.214415,0.202981
SG_015638,0,0.362914,0.115767,0.15072
SG_015639,0,0.632936,0.152689,0.256078
SG_015640,0,0.2927,0.110878,0.126752
SG_015642,0,0.995679,0.416799,0.407031
SG_015643,0,0.686479,0.200571,0.195561
SG_015645,0,0.342,0.117809,0.13267
SG_015646,1,0.170393,0.096587,0.100936
SG_015647,1,0.16465,0.089926,0.118504
SG_015648,0,0.338886,0.119273,0.127261
SG_015650,1,0.806943,0.273,0.205348
SG_015651,0,0.038586,0.069506,0.080195
SG_015652,0,0.767857,0.229133,0.22645
SG_015653,0,0.896921,0.309347,0.257071
SG_015657,0,0.850771,0.263508,0.273319
SG_015658,0,0.429779,0.132473,0.144081
SG_015660,0,0.225479,0.097028,0.132306
SG_015661,0,0.525221,0.134213,0.206416
SG_015663,0,0.03755,0.0712,0.075871
SG_015665,0,0.529021,0.144125,0.180892
SG_015666,0,0.065871,0.077624,0.086708
SG_015667,0,0.219964,0.106668,0.094355
SG_015668,0,0.236821,0.103952,0.115214
SG_015669,0,0.793443,0.225837,0.267214
SG_015670,0,0.306871,0.104106,0.155004
SG_015672,0,0.968443,0.366873,0.307247
SG_015673,0,0.524457,0.167392,0.135811
SG_015674,0,0.107729,0.086671,0.090159
SG_015676,0,0.797243,0.251638,0.223655
SG_015677,0,0.5742,0.153409,0.192296
SG_015679,0,0.854257,0.280315,0.245676
SG_015683,0,0.52625,0.134108,0.207958
SG_015685,0,0.78455,0.233414,0.239384
SG_015686,0,0.022779,0.071045,0.052192
SG_015687,0,0.698743,0.216968,0.183228
SG_015688,0,0.470314,0.151872,0.128733
SG_015689,0,0.093243,0.084186,0.087592
SG_015690,1,0.9928,0.402074,0.380871
SG_015691,0,0.659314,0.1869,0.196118
SG_015692,0,0.831729,0.254547,0.262471
SG_015694,0,0.780036,0.249886,0.209222
SG_015695,0,0.558379,0.15242,0.182591
SG_015696,0,0.730114,0.226556,0.195155
SG_015697,0,0.182479,0.103504,0.076096
SG_015698,0,0.969636,0.350479,0.350046
SG_015699,0,0.163079,0.091091,0.114018
SG_015700,1,0.931186,0.303358,0.408647
SG_015701,0,0.806436,0.213589,0.382832
SG_015702,0,0.105579,0.081864,0.103597
SG_015703,0,0.247971,0.111079,0.098618
SG_015704,0,0.074214,0.082324,0.07618
SG_015705,0,0.50125,0.142116,0.165431
SG_015706,0,0.185064,0.099663,0.098072
SG_015707,0,0.030557,0.060618,0.083563
SG_015709,0,0.074886,0.070952,0.106504
SG_015710,0,0.88425,0.299856,0.253645
SG_015711,0,0.465286,0.122744,0.197856
SG_015712,1,0.444907,0.137348,0.142136
SG_015713,0,0.9141,0.329789,0.251512
SG_015714,1,0.870557,0.291707,0.247872
SG_015717,0,0.055836,0.082332,0.04163
SG_015719,0,0.639214,0.194075,0.171232
SG_015720,0,0.097871,0.086516,0.081745
SG_015722,0,0.410379,0.124047,0.154248
SG_015723,0,0.213879,0.099327,0.117713
SG_015725,1,0.432443,0.133031,0.144561
SG_015727,0,0.125186,0.094203,0.071528
SG_015728,0,0.890771,0.316328,0.24021
SG_015731,1,0.461071,0.1471,0.132104
SG_015732,0,0.5334,0.137665,0.202919
SG_015733,1,0.966886,0.344503,0.355808
SG_015734,0,0.446814,0.1423,0.132544
SG_015736,0,0.292986,0.105053,0.143664
SG_015737,1,0.567921,0.169581,0.1565
SG_015739,0,0.06,0.083989,0.024066
SG_015740,0,0.3221,0.110574,0.143702
SG_015741,0,0.900257,0.34774,0.218799
SG_015742,1,0.271343,0.100688,0.145446
SG_015745,0,0.54265,0.183814,0.124968
SG_015747,0,0.490457,0.139394,0.165141
SG_015748,0,0.439007,0.128942,0.15864
SG_015749,0,0.965871,0.359394,0.310488
SG_015750,0,0.784486,0.257667,0.203496
SG_015751,0,0.5098,0.124611,0.233097
SG_015752,0,0.457521,0.143019,0.137404
SG_015753,0,0.205393,0.097133,0.120672
SG_015754,0,0.023179,0.06693,0.067438
SG_015755,0,0.325514,0.112995,0.138653
SG_015757,0,0.57485,0.157733,0.183198
SG_015758,0,0.946514,0.421909,0.244581
SG_015759,0,0.074,0.083389,0.070702
SG_015760,0,0.551936,0.150948,0.181381
SG_015761,1,0.584743,0.179447,0.153469
SG_015764,0,0.2821,0.105545,0.136155
SG_015765,0,0.054043,0.071759,0.090757
SG_015767,1,0.023929,0.068741,0.064256
SG_015768,1,0.579514,0.152117,0.199313
SG_015771,0,0.834579,0.275101,0.230341
SG_015774,0,0.087,0.077666,0.102449
SG_015775,0,0.086664,0.077984,0.101687
SG_015776,0,0.502229,0.155822,0.139972
SG_015777,0,0.638407,0.177108,0.19457
SG_015778,1,0.40245,0.128209,0.138988
SG_015779,0,0.064443,0.082685,0.059444
SG_015781,0,0.025129,0.074147,0.03565
SG_015782,0,0.570307,0.176413,0.148504
SG_015783,0,0.870214,0.292347,0.246806
SG_015784,0,0.301179,0.125438,0.079444
SG_015785,0,0.717529,0.228717,0.183197
SG_015786,1,0.130657,0.077841,0.128637
SG_015787,1,0.956214,0.337595,0.320529
SG_015788,0,0.381043,0.122471,0.14139
SG_015789,0,0.254229,0.100232,0.137902
SG_015791,0,0.647086,0.194989,0.175226
SG_015792,0,0.092943,0.085047,0.08375
SG_015793,1,0.7206,0.214498,0.204326
SG_015794,0,0.65325,0.217225,0.151526
SG_015795,1,0.871214,0.2898,0.252459
SG_015796,0,0.259329,0.110039,0.109407
SG_015798,0,0.910871,0.326599,0.251741
SG_015799,0,0.767093,0.22791,0.228431
SG_015800,0,0.622943,0.175282,0.185818
SG_015801,0,0.18455,0.101069,0.09198
SG_015802,1,0.327921,0.112409,0.141712
SG_015803,0,0.099171,0.084213,0.092339
SG_015804,0,0.01425,0.068273,0.043843
SG_015805,0,0.198743,0.09239,0.131727
SG_015807,1,0.07095,0.079195,0.085995
SG_015808,0,0.723036,0.226546,0.189633
SG_015809,0,0.514993,0.159951,0.140088
SG_015811,0,0.522564,0.164822,0.137772
SG_015812,0,0.083714,0.086346,0.065843
SG_015813,0,0.468864,0.139185,0.151534
SG_015814,1,0.441679,0.13277,0.150548
SG_015816,1,0.991207,0.388423,0.42335
SG_015821,0,0.668393,0.153467,0.322924
SG_015822,1,0.320743,0.121979,0.107601
SG_015823,0,0.242336,0.104843,0.115338
SG_015824,1,0.813464,0.264781,0.221597
SG_015825,0,0.732436,0.229702,0.192881
SG_015826,0,0.5301,0.150304,0.167068
SG_015830,0,0.927357,0.336302,0.261916
SG_015831,0,0.246071,0.100499,0.132418
SG_015835,0,0.736207,0.224439,0.203789
SG_015836,1,0.233971,0.093198,0.148593
SG_015837,0,0.142036,0.096858,0.074992
SG_015839,1,0.363514,0.12064,0.137026
SG_015841,0,0.0829,0.080555,0.091776
SG_015843,1,0.403293,0.120177,0.162193
SG_015844,0,0.890471,0.295182,0.271095
SG_015846,0,0.165093,0.086299,0.128031
SG_015847,0,0.347714,0.127541,0.108907
SG_015848,0,0.022771,0.067199,0.066322
SG_015850,0,0.392964,0.134447,0.119208
SG_015851,0,0.393793,0.12962,0.130623
SG_015852,0,0.713221,0.234171,0.17436
SG_015853,0,0.929307,0.326247,0.281754
SG_015854,0,0.409629,0.137971,0.121196
SG_015855,1,0.601221,0.16882,0.181188
SG_015856,0,0.597414,0.157503,0.201208
SG_015858,0,0.263157,0.107662,0.119591
SG_015861,0,0.536357,0.159311,0.153599
SG_015862,0,0.6848,0.205317,0.188038
SG_015863,0,0.767868,0.24818,0.200185
SG_015864,0,0.501036,0.151989,0.145243
SG_015865,0,0.555507,0.146209,0.196131
SG_015866,1,0.697621,0.208209,0.193782
SG_015868,0,0.225729,0.103724,0.109294
SG_015869,0,0.363079,0.102839,0.200081
SG_015870,0,0.0675,0.08491,0.045983
SG_015871,0,0.437036,0.130639,0.152929
SG_015872,0,0.555729,0.157109,0.170766
SG_015874,0,0.083393,0.084453,0.076594
SG_015875,0,0.01285,0.068579,0.03409
SG_015876,0,0.347743,0.120828,0.127413
SG_015877,0,0.226693,0.107037,0.098142
SG_015882,0,0.363414,0.115718,0.151131
SG_015883,0,0.827129,0.273525,0.224304
SG_015886,1,0.52035,0.149967,0.16151
SG_015887,0,0.64435,0.16442,0.229285
SG_015888,0,0.494636,0.141934,0.161813
SG_015889,1,0.849307,0.259293,0.280263
SG_015890,0,0.800629,0.241366,0.243396
SG_015892,0,0.43625,0.143041,0.12538
SG_015894,1,0.061471,0.081342,0.064271
SG_015895,0,0.556486,0.152461,0.181155
SG_015896,0,0.616393,0.173005,0.184844
SG_015897,0,0.293557,0.115741,0.111339
SG_015899,0,0.247379,0.111109,0.098026
SG_015902,0,0.5421,0.165122,0.148163
SG_015903,1,0.915129,0.309768,0.287503
SG_015904,0,0.117986,0.085641,0.101152
SG_015905,0,0.669543,0.186894,0.204856
SG_015906,1,0.846214,0.276581,0.241396
SG_015909,0,0.525079,0.156715,0.151267
SG_015911,0,0.385221,0.126833,0.132597
SG_015912,0,0.177429,0.092308,0.119961
SG_015913,0,0.752036,0.213018,0.238839
SG_015915,0,0.850671,0.294314,0.221195
SG_015916,1,0.9183,0.326417,0.262377
SG_015918,0,0.504786,0.153597,0.144578
SG_015919,1,0.864821,0.289936,0.243291
SG_015920,0,0.937329,0.347177,0.265839
SG_015923,0,0.271064,0.115997,0.095547
SG_015924,0,0.935736,0.314443,0.330471
SG_015925,0,0.831757,0.249163,0.273712
SG_015926,0,0.129807,0.079998,0.123573
SG_015927,0,0.66585,0.188705,0.19874
SG_015929,0,0.915379,0.322694,0.263999
SG_015930,0,0.564543,0.149081,0.195455
SG_015931,1,0.419021,0.12897,0.146114
SG_015932,0,0.61285,0.167837,0.192002
SG_015933,1,0.84615,0.285959,0.227122
SG_015934,0,0.471057,0.151125,0.130588
SG_015935,0,0.141379,0.088694,0.107419
SG_015936,0,0.2317,0.099075,0.128721
SG_015937,0,0.368121,0.14223,0.079529
SG_015938,1,0.794136,0.252283,0.219325
SG_015941,1,0.926579,0.302187,0.358511
SG_015944,0,0.433171,0.140796,0.12832
SG_015945,1,0.705871,0.209276,0.198469
SG_015946,1,0.791064,0.225464,0.264936
SG_015948,0,0.061764,0.073261,0.094279
SG_015949,0,0.1885,0.102002,0.090192
SG_015952,0,0.843736,0.347351,0.172991
SG_015953,0,0.021257,0.07322,0.025152
SG_015954,1,0.168729,0.099495,0.085797
SG_015956,0,0.045957,0.076853,0.067602
SG_015957,1,0.924164,0.349703,0.244805
SG_015958,1,0.856114,0.301998,0.217598
SG_015959,0,0.333071,0.103898,0.173614
SG_015960,0,0.083382,0.070753,0.112335
SG_015961,1,0.631121,0.18194,0.181975
SG_015962,1,0.530571,0.152458,0.16303
SG_015963,0,0.193086,0.097635,0.111184
SG_015966,0,0.181164,0.085994,0.137826
SG_015967,0,0.007986,0.061947,0.0476
SG_015968,0,0.948171,0.324742,0.341988
SG_015969,0,0.971586,0.355914,0.343168
SG_015970,0,0.418579,0.128739,0.146704
SG_015971,0,0.713607,0.20861,0.20638
SG_015974,1,0.336721,0.117673,0.130397
SG_015976,1,0.922871,0.302049,0.333261
SG_015982,0,0.734364,0.236906,0.186148
SG_015983,0,0.315171,0.113762,0.130617
SG_015984,0,0.170007,0.09178,0.11649
SG_015986,0,0.760721,0.229059,0.219009
SG_015987,0,0.241643,0.101554,0.126303
SG_015991,0,0.597171,0.192873,0.145536
SG_015992,0,0.476257,0.120133,0.220074
SG_015993,0,0.157779,0.092451,0.107055
SG_015994,0,0.623671,0.182973,0.175462
SG_015995,0,0.374364,0.106044,0.195023
SG_015996,1,0.430743,0.146513,0.115794
SG_015997,0,0.3696,0.130744,0.114206
SG_016000,0,0.719786,0.229915,0.18315
SG_016001,0,0.300379,0.105976,0.144547
SG_016005,0,0.011314,0.067843,0.032907
SG_016006,0,0.044529,0.079519,0.042951
SG_016007,0,0.597957,0.172989,0.17191
SG_016009,0,0.080743,0.081322,0.086607
SG_016011,0,0.603493,0.160865,0.198427
SG_016012,0,0.093571,0.085812,0.08076
SG_016014,1,0.839114,0.232049,0.569473
SG_016016,0,0.830221,0.279915,0.21888
SG_016017,0,0.836393,0.299001,0.202682
SG_016018,0,0.222693,0.10349,0.108041
SG_016019,1,0.93145,0.337784,0.266738
SG_016023,0,0.311471,0.111188,0.136377
SG_016024,0,0.022693,0.073691,0.027454
SG_016025,0,0.390371,0.124458,0.141435
SG_016026,0,0.879686,0.290345,0.263697
SG_016031,0,0.66805,0.208253,0.172029
SG_016032,0,0.945379,0.324661,0.326498
SG_016033,0,0.986457,0.395357,0.337186
SG_016034,0,0.923729,0.297598,0.384429
SG_016035,0,0.193307,0.088748,0.137778
SG_016036,0,0.583007,0.170112,0.165665
SG_016037,0,0.434164,0.1493,0.112689
SG_016038,0,0.6647,0.231999,0.144588
SG_016039,0,0.25485,0.114985,0.087216
SG_016040,0,0.625536,0.189062,0.168224
SG_016041,0,0.172486,0.081715,0.143005
SG_016042,1,0.922821,0.304657,0.319029
SG_016043,0,0.418071,0.138296,0.125105
SG_016044,0,0.687179,0.218047,0.173322
SG_016046,0,0.080407,0.080533,0.089679
SG_016047,0,0.620136,0.157713,0.222394
SG_016050,0,0.825521,0.275092,0.220216
SG_016051,0,0.195771,0.086663,0.143929
SG_016052,0,0.483357,0.141959,0.154232
SG_016053,0,0.096236,0.069399,0.121466
SG_016055,0,0.499321,0.1365,0.179479
SG_016057,0,0.094493,0.088208,0.069746
SG_016058,1,0.307607,0.118465,0.111184
SG_016059,1,0.981886,0.386948,0.326434
SG_016061,0,0.309264,0.117813,0.113762
SG_016062,1,0.296479,0.108979,0.134727
SG_016063,0,0.437743,0.141888,0.12862
SG_016064,1,0.360329,0.111653,0.163925
SG_016066,1,0.975993,0.376662,0.315421
SG_016067,1,0.563179,0.159155,0.172011
SG_016068,0,0.918936,0.36666,0.22872
SG_016069,0,0.98755,0.404125,0.33326
SG_016070,0,0.458157,0.139191,0.145333
SG_016071,0,0.329379,0.115305,0.133594
SG_016072,0,0.70695,0.204841,0.206933
SG_016073,0,0.79615,0.208474,0.367171
SG_016074,0,0.611671,0.154985,0.221732
SG_016075,0,0.315571,0.120262,0.110443
SG_016076,0,0.472386,0.148067,0.13659
SG_016077,1,0.836907,0.27521,0.232257
SG_016078,0,0.133143,0.088359,0.103237
SG_016079,0,0.0186,0.07201,0.02899
SG_016080,0,0.781993,0.233468,0.235912
SG_016082,1,0.783079,0.214723,0.280267
SG_016083,1,0.756029,0.22691,0.217981
SG_016084,0,0.6646,0.210907,0.165594
SG_016086,0,0.133921,0.088952,0.102092
SG_016087,0,0.177357,0.097742,0.100383
SG_016088,0,0.242471,0.107252,0.10768
SG_016090,0,0.12765,0.093592,0.078427
SG_016093,0,0.647036,0.176912,0.202572
SG_016094,1,0.833679,0.236797,0.316129
SG_016095,0,0.316229,0.123376,0.100513
SG_016096,0,0.630107,0.177179,0.188029
SG_016097,0,0.252829,0.090529,0.168813
SG_016098,0,0.167336,0.093995,0.107704
SG_016099,0,0.725129,0.218661,0.201406
SG_016100,0,0.664921,0.204226,0.174871
SG_016104,0,0.866857,0.293684,0.241174
SG_016105,0,0.293807,0.099744,0.163116
SG_016106,1,0.919321,0.324438,0.267377
SG_016107,0,0.921821,0.301307,0.331778
SG_016110,0,0.449971,0.129779,0.163274
SG_016112,0,0.853379,0.268969,0.266252
SG_016117,0,0.557064,0.130866,0.259169
SG_016118,0,0.869407,0.28573,0.256603
SG_016120,0,0.848121,0.259306,0.277403
SG_016121,0,0.681614,0.209371,0.179811
SG_016122,0,0.140421,0.09767,0.065432
SG_016123,0,0.519471,0.140582,0.182596
SG_016125,1,0.923864,0.357794,0.239905
SG_016126,1,0.64715,0.17699,0.202487
SG_016128,0,0.593943,0.1939,0.142982
SG_016129,0,0.087664,0.08409,0.082841
SG_016130,0,0.911286,0.310603,0.277967
SG_016131,0,0.058971,0.078734,0.075214
SG_016135,0,0.208271,0.091912,0.13814
SG_016136,0,0.254557,0.108108,0.112976
SG_016137,0,0.509121,0.138794,0.180057
SG_016139,0,0.341371,0.106601,0.168196
SG_016141,0,0.103164,0.092689,0.046091
SG_016142,1,0.874843,0.284473,0.267663
SG_016143,0,0.08865,0.08595,0.074695
SG_016144,0,0.16795,0.091032,0.117291
SG_016145,0,0.101629,0.086564,0.084893
SG_016148,0,0.611764,0.179206,0.172162
SG_016149,0,0.288086,0.120502,0.090564
SG_016150,0,0.118314,0.092732,0.073573
SG_016151,0,0.309557,0.120597,0.105296
SG_016152,0,0.088286,0.084455,0.08176
SG_016153,0,0.503214,0.144657,0.16164
SG_016154,0,0.606679,0.191834,0.152487
SG_016155,0,0.294,0.11565,0.112133
SG_016157,0,0.905329,0.308136,0.272081
SG_016162,0,0.572929,0.15106,0.197347
SG_016167,1,0.866564,0.271423,0.283872
SG_016168,0,0.840457,0.251008,0.285204
SG_016169,0,0.191657,0.090526,0.132295
SG_016170,0,0.123464,0.086824,0.101094
SG_016173,1,0.38875,0.119914,0.153516
SG_016175,0,0.595671,0.162986,0.187622
SG_016177,0,0.886036,0.266064,0.475789
SG_016178,0,0.1331,0.092315,0.090403
SG_016180,1,0.798943,0.238798,0.245394
SG_016182,1,0.978043,0.38832,0.310557
SG_016184,0,0.754,0.219701,0.22798
SG_016189,0,0.87825,0.289415,0.263084
SG_016191,0,0.716564,0.216559,0.197626
SG_016192,1,0.225386,0.09375,0.14219
SG_016193,0,0.525921,0.154257,0.156036
SG_016198,0,0.798386,0.226279,0.273462
SG_016199,0,0.417814,0.126676,0.150977
SG_016200,0,0.613079,0.184603,0.165589
SG_016201,0,0.216986,0.107093,0.090687
SG_016202,0,0.181129,0.090683,0.126049
SG_016203,0,0.399521,0.124125,0.147647
SG_016204,0,0.547636,0.151803,0.176396
SG_016205,0,0.794057,0.26249,0.20609
SG_016206,0,0.614757,0.170884,0.187393
SG_016207,1,0.976986,0.377663,0.317273
SG_016208,0,0.410721,0.151689,0.091466
SG_016209,0,0.2691,0.109738,0.116176
SG_016210,0,0.381421,0.128569,0.126292
SG_016212,1,0.97535,0.37717,0.312227
SG_016213,0,0.094836,0.078061,0.106899
SG_016216,1,0.438543,0.128735,0.158939
SG_016217,0,0.726157,0.209061,0.217618
SG_016218,0,0.289264,0.106788,0.136399
SG_016220,0,0.6292,0.176336,0.188805
SG_016223,0,0.386629,0.141594,0.097729
SG_016226,1,0.368857,0.11154,0.170252
SG_016227,1,0.447186,0.124947,0.176233
SG_016228,0,0.113543,0.084467,0.101879
SG_016229,0,0.380307,0.123023,0.139392
SG_016230,0,0.448186,0.13845,0.1415
SG_016231,0,0.830221,0.253593,0.262033
SG_016232,0,0.41875,0.124741,0.157582
SG_016236,1,0.765086,0.237378,0.211437
SG_016237,1,0.549179,0.14177,0.202874
SG_016239,0,0.847729,0.264946,0.264769
SG_016240,0,0.491736,0.155382,0.135042
SG_016241,0,0.648793,0.191842,0.18111
SG_016243,0,0.262464,0.120651,0.059033
SG_016247,0,0.2908,0.116603,0.106444
SG_016248,1,0.729279,0.194725,0.254461
SG_016250,0,0.390364,0.121164,0.150357
SG_016253,0,0.35425,0.132636,0.099698
SG_016254,0,0.650229,0.195856,0.175885
SG_016255,0,0.858521,0.276205,0.25859
SG_016256,1,0.569614,0.154901,0.185336
SG_016257,0,0.697907,0.191363,0.224855
SG_016258,0,0.693714,0.21512,0.181868
SG_016260,0,0.950721,0.320353,0.487615
SG_016261,0,0.158207,0.097383,0.087599
SG_016264,0,0.924036,0.321437,0.279988
SG_016265,0,0.784171,0.220945,0.265145
SG_016266,0,0.104336,0.078497,0.111538
SG_016267,0,0.116029,0.092602,0.071744
SG_016269,0,0.110493,0.091123,0.072551
SG_016271,0,0.2495,0.1051,0.119282
SG_016274,0,0.081264,0.081463,0.086305
SG_016276,0,0.244529,0.106688,0.110658
SG_016277,0,0.412057,0.127617,0.145556
SG_016279,0,0.125707,0.090189,0.092117
SG_016280,0,0.624771,0.176173,0.185809
SG_016281,1,0.994343,0.406069,0.400804
SG_016283,0,0.645186,0.191951,0.178199
SG_016284,0,0.416543,0.121778,0.164999
SG_016286,0,0.305493,0.109442,0.137932
SG_016287,0,0.590093,0.167455,0.176455
SG_016288,0,0.116179,0.087173,0.094945
SG_016290,1,0.010379,0.068178,0.018709
SG_016291,0,0.153371,0.082836,0.130022
SG_016293,0,0.231943,0.111476,0.084041
SG_016294,1,0.666536,0.228179,0.149215
SG_016295,0,0.851529,0.250275,0.313684
SG_016296,0,0.262643,0.112643,0.102684
SG_016298,1,0.775964,0.241828,0.215046
SG_016300,0,0.289507,0.104197,0.144355
SG_016301,0,0.473686,0.151974,0.130583
SG_016302,0,0.102621,0.092534,0.046808
SG_016303,0,0.027029,0.070408,0.064395
SG_016304,0,0.296686,0.120159,0.098434
SG_016305,0,0.296064,0.123898,0.082589
SG_016306,1,0.668321,0.208353,0.172107
SG_016307,0,0.167621,0.091257,0.116187
SG_016308,0,0.651664,0.186073,0.191395
SG_016309,0,0.181893,0.094921,0.113667
SG_016311,1,0.419921,0.127279,0.150954
SG_016312,0,0.107836,0.084001,0.099428
SG_016313,0,0.0589,0.081275,0.060238
SG_016314,0,0.065,0.076311,0.089485
SG_016317,0,0.831021,0.277657,0.222144
SG_016319,0,0.627157,0.191723,0.1659
SG_016320,0,0.637114,0.186411,0.179943
SG_016321,1,0.455029,0.14077,0.140308
SG_016322,0,0.107771,0.082341,0.103781
SG_016323,0,0.238086,0.089195,0.163545
SG_016325,1,0.785871,0.225457,0.256849
SG_016328,0,0.326893,0.121861,0.112289
SG_016329,0,0.328707,0.1085,0.154116
SG_016335,0,0.238357,0.107211,0.105169
SG_016336,0,0.580929,0.169915,0.164702
SG_016338,1,0.635129,0.209675,0.148482
SG_016339,0,0.255814,0.107499,0.115135
SG_016340,0,0.443093,0.133385,0.149759
SG_016342,0,0.175964,0.101173,0.083786
SG_016344,0,0.089579,0.081298,0.094167
SG_016347,0,0.242943,0.104935,0.115498
SG_016348,0,0.687079,0.217295,0.174351
SG_016350,0,0.32235,0.121377,0.111034
SG_016353,0,0.378771,0.129766,0.122029
SG_016355,0,0.73345,0.215022,0.214871
SG_016356,0,0.620229,0.21965,0.131124
SG_016357,0,0.30025,0.111861,0.12812
SG_016358,1,0.11555,0.089479,0.086377
SG_016359,0,0.11155,0.089555,0.082561
SG_016360,0,0.505643,0.147089,0.157731
SG_016361,0,0.340321,0.111344,0.152202
SG_016362,0,0.5557,0.165063,0.156384
SG_016364,0,0.6353,0.185546,0.18013
SG_016365,0,0.47655,0.140222,0.154124
SG_016366,1,0.111064,0.084333,0.100938
SG_016367,0,0.879986,0.280703,0.285683
SG_016368,0,0.290093,0.11954,0.096117
SG_016369,1,0.721679,0.211867,0.208302
SG_016370,0,0.76,0.227364,0.221549
SG_016371,0,0.659814,0.183345,0.203098
SG_016373,0,0.659893,0.209097,0.165112
SG_016374,0,0.714814,0.217954,0.193679
SG_016376,0,0.880236,0.276305,0.29768
SG_016377,0,0.043471,0.079037,0.045992
SG_016378,0,0.7255,0.217121,0.204451
SG_016379,0,0.40455,0.143597,0.105415
SG_016380,1,0.749864,0.237669,0.19744
SG_016381,0,0.334743,0.124256,0.110124
SG_016383,0,0.420143,0.127751,0.149855
SG_016385,0,0.233193,0.104379,0.111454
SG_016387,0,0.179036,0.094817,0.112698
SG_016388,0,0.119093,0.086453,0.099409
SG_016390,0,0.635557,0.181339,0.185988
SG_016391,0,0.802236,0.24831,0.234799
SG_016395,1,0.5814,0.173468,0.159813
SG_016396,0,0.101357,0.091208,0.057454
SG_016397,1,0.155307,0.094354,0.09844
SG_016398,0,0.616679,0.193522,0.156603
SG_016399,0,0.706143,0.22195,0.182619
SG_016400,0,0.747643,0.238643,0.193907
SG_016403,0,0.660379,0.191696,0.190283
SG_016404,0,0.962643,0.350948,0.313951
SG_016406,0,0.83095,0.261828,0.246748
SG_016407,0,0.577686,0.148469,0.208574
SG_016408,1,0.816843,0.266219,0.223431
SG_016409,0,0.658789,0.196558,0.180897
SG_016410,0,0.503914,0.139144,0.175482
SG_016411,0,0.112457,0.093677,0.055546
SG_016412,1,0.29935,0.116346,0.112987
SG_016413,0,0.51315,0.14666,0.163739
SG_016415,0,0.380986,0.123187,0.139324
SG_016416,0,0.320679,0.117419,0.122256
SG_016417,0,0.326529,0.122328,0.110739
SG_016418,0,0.057721,0.080919,0.061403
SG_016419,1,0.102793,0.085413,0.090673
SG_016420,0,0.343529,0.132965,0.090816
SG_016422,0,0.1522,0.095555,0.091578
SG_016423,0,0.951707,0.329376,0.333117
SG_016426,0,0.322271,0.114452,0.132325
SG_016427,0,0.180543,0.100953,0.089321
SG_016428,1,0.7162,0.197404,0.230395
SG_016430,0,0.983357,0.375721,0.357425
SG_016433,0,0.299371,0.123442,0.087059
SG_016434,0,0.987564,0.394552,0.34669
SG_016437,0,0.791121,0.23591,0.242056
SG_016438,0,0.573557,0.169777,0.160262
SG_016439,1,0.758286,0.221034,0.230931
SG_016440,0,0.441564,0.131102,0.154777
SG_016441,0,0.233064,0.101376,0.122305
SG_016442,0,0.453007,0.15124,0.120111
SG_016444,0,0.491543,0.139764,0.164804
SG_016446,0,0.245193,0.099308,0.135779
SG_016447,0,0.960929,0.339189,0.338203
SG_016448,0,0.224471,0.089121,0.154897
SG_016449,0,0.40665,0.128905,0.13948
SG_016451,0,0.744357,0.206343,0.244216
SG_016453,0,0.348729,0.113095,0.15117
SG_016454,1,0.263936,0.098256,0.149337
SG_016455,1,0.24405,0.107796,0.107206
SG_016457,0,0.527821,0.147485,0.171856
SG_016458,0,0.6963,0.176793,0.257069
SG_016459,0,0.626121,0.167517,0.20452
SG_016460,0,0.23775,0.102053,0.122457
SG_016461,0,0.676693,0.201426,0.18681
SG_016464,0,0.641057,0.159413,0.240658
SG_016465,0,0.277543,0.104037,0.138426
SG_016466,0,0.313721,0.120697,0.10752
SG_016467,0,0.378893,0.124075,0.136295
SG_016468,0,0.344207,0.13999,0.058656
SG_016469,0,0.629521,0.154558,0.243609
SG_016470,0,0.116264,0.09042,0.083271
SG_016471,0,0.775564,0.274404,0.179165
SG_016472,0,0.96895,0.369273,0.305216
SG_016473,0,0.120357,0.088489,0.093728
SG_016475,0,0.8142,0.250308,0.245384
SG_016476,0,0.670607,0.187094,0.205202
SG_016477,1,0.857393,0.278938,0.252443
SG_016478,1,0.61715,0.191238,0.160601
SG_016479,0,0.625557,0.185509,0.173311
SG_016480,0,0.895371,0.294124,0.282688
SG_016481,0,0.193157,0.087748,0.139965
SG_016483,1,0.527993,0.14363,0.181354
SG_016484,0,0.790629,0.261082,0.204986
SG_016485,0,0.89965,0.301152,0.274671
SG_016486,0,0.013193,0.068801,0.033448
SG_016487,0,0.58185,0.179496,0.151428
SG_016489,0,0.414393,0.133241,0.134467
SG_016490,0,0.389786,0.114464,0.173745
SG_016491,0,0.572536,0.164337,0.168627
SG_016492,0,0.31465,0.118253,0.115636
SG_016493,0,0.805679,0.239498,0.253553
SG_016494,0,0.628121,0.176704,0.187232
SG_016495,0,0.321464,0.106513,0.155375
SG_016496,0,0.623886,0.177228,0.18337
SG_016497,0,0.490329,0.135361,0.175722
SG_016498,0,0.8677,0.289488,0.247779
SG_016499,0,0.572807,0.157889,0.181387
SG_016500,0,0.433779,0.143331,0.123672
SG_016501,0,0.244307,0.107476,0.108111
SG_016504,0,0.3147,0.108939,0.144498
SG_016505,0,0.063986,0.083758,0.04804
SG_016506,1,0.053607,0.073301,0.087369
SG_016509,0,0.899036,0.308593,0.261378
SG_016510,1,0.380757,0.12364,0.13826
SG_016513,0,0.175843,0.101103,0.083989
SG_016514,1,0.789671,0.226207,0.260054
SG_016515,1,0.284329,0.104368,0.140667
SG_016516,1,0.69335,0.194447,0.213489
SG_016519,0,0.130221,0.091785,0.089703
SG_016521,0,0.033186,0.075924,0.047181
SG_016523,0,0.502193,0.133163,0.191492
SG_016525,0,0.850279,0.266667,0.265471
SG_016527,0,0.683029,0.197507,0.197829
SG_016530,0,0.756414,0.219139,0.231824
SG_016531,0,0.1891,0.100564,0.097253
SG_016533,0,0.255,0.111716,0.10112
SG_016534,0,0.136457,0.098915,0.036188
SG_016536,1,0.527421,0.156753,0.152754
SG_016538,1,0.907757,0.297872,0.299345
SG_016540,0,0.069321,0.082008,0.071953
SG_016541,0,0.913736,0.316361,0.272052
SG_016543,0,0.664979,0.19534,0.187214
SG_016544,0,0.0871,0.076057,0.105942
SG_016546,0,0.295593,0.09877,0.167639
SG_016549,0,0.820286,0.250724,0.252891
SG_016550,0,0.664157,0.212446,0.163622
SG_016551,1,0.493446,0.133229,0.184524
SG_016552,0,0.1309,0.083692,0.114698
SG_016553,1,0.102579,0.082898,0.098599
SG_016555,0,0.080029,0.075295,0.102552
SG_016556,0,0.875514,0.259897,0.386966
SG_016557,0,0.835879,0.258461,0.259683
SG_016558,0,0.011857,0.060642,0.059175
SG_016559,0,0.280843,0.115955,0.102468
SG_016560,0,0.402793,0.150632,0.087066
SG_016561,0,0.017757,0.072058,0.018465
SG_016564,0,0.310614,0.105382,0.152923
SG_016565,1,0.86905,0.287503,0.252859
SG_016568,1,0.406314,0.111688,0.197775
SG_016569,0,0.665479,0.183408,0.207497
SG_016570,0,0.624214,0.21091,0.140902
SG_016571,0,0.218914,0.107761,0.089655
SG_016572,0,0.211814,0.097276,0.123931
SG_016573,0,0.6755,0.206908,0.179242
SG_016574,0,0.112514,0.085653,0.097168
SG_016575,0,0.201293,0.101933,0.100128
SG_016576,1,0.2043,0.091919,0.13594
SG_016577,1,0.826186,0.269706,0.22913
SG_016578,0,0.8852,0.310696,0.240323
SG_016579,0,0.678593,0.204154,0.184657
SG_016582,0,0.883286,0.295239,0.259766
SG_016583,0,0.13345,0.095759,0.072084
SG_016584,0,0.048736,0.078123,0.065862
SG_016586,0,0.482107,0.132306,0.1786
SG_016587,0,0.83455,0.302279,0.198038
SG_016588,0,0.143279,0.09898,0.055919
SG_016589,0,0.038057,0.06355,0.08814
SG_016590,0,0.263121,0.103678,0.131562
SG_016591,0,0.075857,0.076339,0.097722
SG_016592,1,0.824621,0.234261,0.302801
SG_016593,0,0.601857,0.163988,0.190754
SG_016594,0,0.330721,0.107474,0.158847
SG_016595,0,0.805664,0.232034,0.27093
SG_016596,0,0.269757,0.109198,0.118652
SG_016597,0,0.9759,0.367511,0.332755
SG_016598,0,0.352557,0.112779,0.154867
SG_016599,0,0.959086,0.353972,0.300728
SG_016601,0,0.414286,0.1281,0.145647
SG_016602,0,0.215014,0.085164,0.160249
SG_016605,0,0.446907,0.135412,0.14724
SG_016607,0,0.647764,0.192412,0.179411
SG_016608,0,0.847729,0.280413,0.238257
SG_016610,0,0.777921,0.264049,0.191044
SG_016611,0,0.467236,0.136743,0.156425
SG_016615,0,0.191964,0.102168,0.092022
SG_016616,0,0.901829,0.306662,0.268798
SG_016617,0,0.894793,0.303911,0.262529
SG_016618,0,0.472621,0.143082,0.145279
SG_016619,0,0.459307,0.129144,0.171691
SG_016620,0,0.438364,0.12757,0.162419
SG_016621,0,0.686293,0.191084,0.213761
SG_016622,0,0.757957,0.256556,0.183541
SG_016624,0,0.43065,0.129309,0.152111
SG_016626,0,0.907264,0.331287,0.241107
SG_016627,0,0.101364,0.085382,0.089423
SG_016628,0,0.411364,0.12433,0.153816
SG_016629,0,0.686414,0.183538,0.228122
SG_016630,0,0.13555,0.089215,0.102567
SG_016631,0,0.6567,0.172517,0.220857
SG_016633,1,0.952343,0.338323,0.307479
SG_016635,0,0.6463,0.174442,0.206407
SG_016636,0,0.845943,0.284323,0.230284
SG_016638,0,0.701479,0.215522,0.186862
SG_016639,0,0.359586,0.124803,0.123569
SG_016640,1,0.532714,0.156511,0.15642
SG_016642,1,0.674714,0.199444,0.187917
SG_016643,0,0.526893,0.142256,0.183287
SG_016644,0,0.294907,0.103767,0.148769
SG_016645,0,0.80615,0.245671,0.243276
SG_016648,0,0.392764,0.121054,0.151991
SG_016649,0,0.034643,0.072849,0.067914
SG_016650,0,0.126843,0.074198,0.132605
SG_016651,0,0.434971,0.118585,0.190657
SG_016652,1,0.929893,0.334197,0.268939
SG_016653,0,0.685586,0.207484,0.185432
SG_016654,0,0.298621,0.105765,0.14427
SG_016655,0,0.415436,0.131197,0.139173
SG_016656,0,0.135479,0.092197,0.092327
SG_016657,0,0.575143,0.159714,0.17916
SG_016658,0,0.6889,0.206755,0.189281
SG_016659,0,0.247007,0.09978,0.135266
SG_016661,0,0.633357,0.173056,0.198146
SG_016663,0,0.044886,0.069219,0.087007
SG_016664,0,0.725929,0.209456,0.216256
SG_016665,0,0.844536,0.301359,0.207284
SG_016666,1,0.646236,0.17751,0.200476
SG_016667,0,0.122071,0.084416,0.107591
SG_016668,0,0.336314,0.131262,0.090434
SG_016669,1,0.114264,0.08201,0.108667
SG_016672,0,0.6071,0.184068,0.16246
SG_016674,0,0.281886,0.104936,0.13795
SG_016676,0,0.855693,0.29481,0.226234
SG_016677,1,0.959571,0.340979,0.323705
SG_016678,0,0.854829,0.264574,0.276837
SG_016679,0,0.9372,0.318899,0.31698
SG_016680,0,0.407786,0.12979,0.138078
SG_016681,1,0.81605,0.248066,0.252578
SG_016682,0,0.459721,0.154343,0.118251
SG_016683,0,0.125557,0.093735,0.075624
SG_016684,0,0.294979,0.121578,0.09146
SG_016686,0,0.135443,0.097809,0.053574
SG_016687,0,0.034121,0.070753,0.073292
SG_016688,1,0.573879,0.167057,0.165666
SG_016693,0,0.451757,0.144842,0.131116
SG_016694,1,0.781693,0.222272,0.25749
SG_016695,0,0.428364,0.133481,0.141086
SG_016697,0,0.772064,0.238635,0.21533
SG_016700,1,0.792607,0.248543,0.223106
SG_016701,0,0.475364,0.155324,0.125832
SG_016702,0,0.061579,0.081488,0.063569
SG_016706,0,0.295557,0.109558,0.132142
SG_016707,1,0.903029,0.293904,0.299655
SG_016709,1,0.848664,0.274184,0.248824
SG_016712,0,0.459464,0.137339,0.150301
SG_016713,0,0.649357,0.187499,0.187133
SG_016715,0,0.5466,0.150371,0.178763
SG_016717,0,0.063164,0.08087,0.070312
SG_016718,0,0.711914,0.212894,0.198325
SG_016722,0,0.466036,0.139861,0.148449
SG_016724,0,0.75395,0.21134,0.244027
SG_016725,1,0.280014,0.102159,0.145215
SG_016726,0,0.368143,0.127007,0.122834
SG_016727,0,0.009936,0.066671,0.034615
SG_016728,0,0.623657,0.170014,0.195811
SG_016729,0,0.69525,0.193957,0.216448
SG_016730,0,0.553636,0.14362,0.201377
SG_016731,0,0.966771,0.368421,0.300947
SG_016734,0,0.357464,0.11381,0.154334
SG_016735,0,0.228971,0.104318,0.10895
SG_016739,1,0.663593,0.219881,0.155276
SG_016740,1,0.476686,0.14228,0.149118
SG_016742,0,0.385479,0.138824,0.104094
SG_016743,0,0.178879,0.093896,0.115047
SG_016744,0,0.645864,0.180758,0.194537
SG_016747,0,0.437329,0.116837,0.199147
SG_016748,0,0.372964,0.136369,0.102126
SG_016749,0,0.113286,0.08118,0.110415
SG_016750,0,0.396314,0.139637,0.108964
SG_016751,0,0.840986,0.293843,0.212401
SG_016753,0,0.48345,0.143568,0.151108
SG_016755,0,0.327371,0.120249,0.117662
SG_016756,0,0.116557,0.09086,0.080935
SG_016757,0,0.867693,0.287735,0.250191
SG_016759,0,0.103721,0.072609,0.122221
SG_016760,0,0.186086,0.103693,0.078632
SG_016761,0,0.8838,0.288437,0.272881
SG_016762,0,0.513507,0.152855,0.151083
SG_016764,0,0.164793,0.082623,0.136658
SG_016766,0,0.099414,0.0792,0.106896
SG_016767,0,0.924436,0.31629,0.29351
SG_016768,0,0.596257,0.137864,0.276809
SG_016770,0,0.895929,0.308886,0.256389
SG_016771,0,0.317536,0.10388,0.162874
SG_016772,0,0.781714,0.228293,0.24466
SG_016773,0,0.844721,0.281248,0.23253
SG_016774,0,0.686407,0.166161,0.284195
SG_016775,0,0.818807,0.258829,0.236827
SG_016777,0,0.463336,0.128135,0.177771
SG_016781,0,0.133043,0.089093,0.101208
SG_016782,0,0.805843,0.224283,0.295799
SG_016784,0,0.28935,0.105694,0.139415
SG_016787,0,0.6866,0.198905,0.198152
SG_016788,0,0.154114,0.095955,0.091337
SG_016789,0,0.223857,0.092433,0.145141
SG_016790,0,0.655636,0.171987,0.221452
SG_016791,0,0.1229,0.088801,0.094907
SG_016795,0,0.508093,0.157683,0.14001
SG_016796,0,0.592857,0.188099,0.148278
SG_016797,0,0.508314,0.125466,0.225377
SG_016798,0,0.552979,0.155144,0.172903
SG_016799,1,0.120057,0.090461,0.086371
SG_016800,0,0.512821,0.144778,0.167434
SG_016801,0,0.581907,0.181128,0.14973
SG_016802,1,0.715043,0.204095,0.215459
SG_016803,0,0.933464,0.313393,0.322995
SG_016804,0,0.787936,0.234862,0.240275
SG_016806,1,0.928921,0.343565,0.256694
SG_016808,0,0.475,0.14414,0.145
SG_016809,1,0.777786,0.230631,0.235472
SG_016811,1,0.729207,0.229706,0.190252
SG_016812,0,0.28715,0.108301,0.131227
SG_016814,0,0.150164,0.100826,0.047951
SG_016815,0,0.817421,0.256299,0.24001
SG_016816,1,0.68695,0.198981,0.198234
SG_016817,0,0.1132,0.090477,0.078995
SG_016820,0,0.1034,0.087274,0.083826
SG_016821,0,0.509443,0.138702,0.180684
SG_016822,1,0.980379,0.395889,0.310789
SG_016824,0,0.942557,0.336554,0.288537
SG_016825,0,0.9851,0.379884,0.357563
SG_016826,0,0.153843,0.09622,0.089837
SG_016829,0,0.146814,0.085302,0.120246
SG_016830,0,0.585136,0.158469,0.189485
SG_016831,0,0.861964,0.250694,0.371236
SG_016833,0,0.618493,0.193441,0.158093
SG_016835,1,0.814379,0.270025,0.216073
SG_016836,0,0.6505,0.195157,0.177341
SG_016838,0,0.012693,0.069268,0.021401
SG_016839,0,0.762143,0.250634,0.192862
SG_016841,1,0.766107,0.259438,0.186543
SG_016842,0,0.720793,0.218384,0.198106
SG_016844,0,0.203614,0.103321,0.096033
SG_016845,0,0.588686,0.18021,0.154974
SG_016846,0,0.406821,0.130666,0.135864
SG_016848,0,0.257207,0.104074,0.12702
SG_016850,0,0.941764,0.32927,0.301288
SG_016852,0,0.923264,0.298213,0.36736
SG_016853,0,0.842114,0.273126,0.242303
SG_016854,0,0.465079,0.134994,0.159684
SG_016855,0,0.880629,0.287132,0.270836
SG_016856,1,0.93865,0.315871,0.342734
SG_016860,1,0.823586,0.292604,0.198447
SG_016862,0,0.500036,0.146509,0.155582
SG_016864,0,0.094557,0.080979,0.098766
SG_016865,0,0.107093,0.080727,0.10779
SG_016866,0,0.718343,0.238098,0.173116
SG_016867,0,0.192471,0.095824,0.117227
SG_016868,0,0.709457,0.22515,0.181756
SG_016869,0,0.139243,0.09979,0.019552
SG_016870,0,0.759357,0.229929,0.216043
SG_016871,0,0.368693,0.120138,0.141076
SG_016872,0,0.32,0.12283,0.10464
SG_016873,1,0.354857,0.126124,0.116827
SG_016875,0,0.096993,0.082796,0.094999
SG_016876,0,0.771807,0.241029,0.212298
SG_016878,0,0.782929,0.246249,0.216432
SG_016879,0,0.171471,0.100599,0.082682
SG_016880,0,0.621743,0.186882,0.168196
SG_016882,0,0.369693,0.134409,0.104665
SG_016883,0,0.79775,0.246964,0.231741
SG_016884,1,0.268407,0.112936,0.105408
SG_016886,0,0.542114,0.153436,0.168366
SG_016889,0,0.386893,0.132866,0.119897
SG_016890,0,0.668086,0.173747,0.230496
SG_016892,0,0.304629,0.110851,0.133396
SG_016894,0,0.260764,0.111446,0.105845
SG_016896,0,0.491871,0.147329,0.14854
SG_016897,0,0.585371,0.172331,0.164171
SG_016898,0,0.901536,0.317936,0.250739
SG_016899,0,0.188514,0.10123,0.094085
SG_016901,0,0.287371,0.104998,0.140754
SG_016903,1,0.74175,0.230899,0.19893
SG_016905,0,0.74885,0.24543,0.187949
SG_016906,0,0.105493,0.08922,0.077559
SG_016907,1,0.899793,0.321431,0.243428
SG_016908,0,0.348993,0.122142,0.124581
SG_016910,1,0.409836,0.125989,0.148228
SG_016912,1,0.180314,0.090147,0.127168
SG_016913,0,0.392886,0.127493,0.135688
SG_016914,0,0.670179,0.202428,0.180939
SG_016915,0,0.247871,0.105868,0.115102
SG_016916,1,0.3945,0.131891,0.126222
SG_016917,0,0.50185,0.142065,0.165841
SG_016918,0,0.284157,0.112422,0.116917
SG_016919,0,0.811736,0.238523,0.264424
SG_016920,0,0.277629,0.118556,0.090481
SG_016921,1,0.146736,0.085275,0.120373
SG_016922,1,0.911271,0.33159,0.245391
SG_016923,0,0.447029,0.130266,0.160295
SG_016926,0,0.932814,0.342045,0.264163
SG_016927,0,0.91965,0.335299,0.25303
SG_016929,0,0.446343,0.131578,0.15629
SG_016930,0,0.202193,0.094066,0.128414
SG_016931,0,0.367979,0.145113,0.06927
SG_016932,0,0.639621,0.20999,0.150687
SG_016933,0,0.01665,0.065758,0.058441
SG_016934,0,0.036357,0.078311,0.02064
SG_016935,0,0.512286,0.149107,0.158017
SG_016936,1,0.844586,0.277218,0.23908
SG_016938,0,0.498,0.140818,0.166208
SG_016940,0,0.746007,0.23248,0.20079
SG_016942,1,0.909729,0.31819,0.261968
SG_016943,0,0.714964,0.192125,0.242068
SG_016945,0,0.680257,0.178801,0.231966
SG_016947,0,0.300586,0.109184,0.136266
SG_016948,0,0.753264,0.228298,0.213264
SG_016949,0,0.351336,0.111437,0.159032
SG_016950,0,0.381986,0.135208,0.110595
SG_016952,0,0.2449,0.107149,0.109672
SG_016953,0,0.627593,0.164227,0.21237
SG_016954,0,0.656457,0.215921,0.155244
SG_016955,0,0.634243,0.181383,0.18472
SG_016956,0,0.932579,0.30544,0.3831
SG_016957,1,0.160236,0.093719,0.104281
SG_016958,0,0.538007,0.160694,0.152025
SG_016959,0,0.469721,0.172174,0.094783
SG_016960,0,0.499186,0.153443,0.141906
SG_016962,0,0.787786,0.228131,0.25359
SG_016964,0,0.253807,0.118762,0.062655
SG_016965,0,0.745864,0.210108,0.237374
SG_016966,1,0.022786,0.070228,0.056549
SG_016969,0,0.769193,0.22915,0.227762
SG_016970,0,0.080307,0.081717,0.084482
SG_016972,0,0.20435,0.106438,0.081605
SG_016977,0,0.616493,0.168795,0.192727
SG_016978,0,0.287,0.11193,0.120445
SG_016979,0,0.965314,0.356648,0.312925
SG_016980,0,0.615564,0.165897,0.198428
SG_016981,1,0.213129,0.110746,0.066457
SG_016982,0,0.5094,0.155406,0.144377
SG_016983,0,0.177693,0.100053,0.091027
SG_016984,0,0.532579,0.144222,0.183074
SG_016985,0,0.058093,0.078489,0.075457
SG_016987,0,0.553671,0.153181,0.17764
SG_016988,0,0.328793,0.112964,0.140583
SG_016991,1,0.538757,0.164962,0.146425
SG_016992,0,0.482371,0.126287,0.198165
SG_016993,1,0.596086,0.17433,0.168142
SG_016994,0,0.450286,0.117013,0.209912
SG_016995,0,0.049393,0.068009,0.092558
SG_016996,0,0.212593,0.088441,0.148891
SG_016997,0,0.31305,0.124975,0.09288
SG_016998,1,0.662793,0.216114,0.159158
SG_016999,1,0.28055,0.109956,0.122696
SG_017000,0,0.801357,0.243742,0.24088
SG_017001,0,0.089743,0.086007,0.075698
SG_017002,0,0.171657,0.095037,0.106909
SG_017004,0,0.726721,0.217147,0.205013
SG_017007,0,0.240236,0.102297,0.122974
SG_017008,0,0.200907,0.101826,0.100251
SG_017009,1,0.202457,0.103489,0.094801
SG_017010,0,0.028071,0.071005,0.064112
SG_017011,1,0.5514,0.156191,0.169626
SG_017012,0,0.146586,0.097553,0.075111
SG_017013,0,0.629036,0.188105,0.171987
SG_017014,0,0.931157,0.350499,0.254045
SG_017015,0,0.429864,0.137907,0.132637
SG_017017,0,0.770993,0.231453,0.226154
SG_017019,0,0.724571,0.212812,0.209463
SG_017020,0,0.3631,0.115955,0.150327
SG_017022,0,0.338071,0.123945,0.113103
SG_017023,0,0.868864,0.266812,0.300612
SG_017024,0,0.413721,0.1244,0.155265
SG_017025,0,0.736471,0.231122,0.194425
SG_017027,0,0.963657,0.344601,0.332089
SG_017029,0,0.777129,0.256951,0.197993
SG_017030,0,0.188236,0.100219,0.09857
SG_017031,0,0.637214,0.170658,0.206251
SG_017032,0,0.219707,0.098787,0.123119
SG_017033,0,0.171693,0.079644,0.147602
SG_017034,0,0.933086,0.355009,0.253504
SG_017035,0,0.609879,0.180974,0.167872
SG_017036,0,0.081371,0.084131,0.075903
SG_017037,0,0.415379,0.115104,0.189672
SG_017038,1,0.287529,0.115114,0.109761
SG_017039,0,0.493843,0.136663,0.175122
SG_017041,0,0.3345,0.135281,0.071746
SG_017042,1,0.271879,0.11968,0.079149
SG_017045,0,0.442521,0.149517,0.116858
SG_017047,0,0.106757,0.089512,0.077533
SG_017051,0,0.144936,0.088981,0.109198
SG_017052,0,0.884571,0.290715,0.270242
SG_017053,1,0.839436,0.254179,0.275104
SG_017054,0,0.275621,0.117436,0.092678
SG_017057,0,0.418786,0.125586,0.154657
SG_017058,0,0.13875,0.094436,0.084555
SG_017059,1,0.012336,0.067866,0.037368
SG_017060,1,0.927143,0.304091,0.346471
SG_017061,0,0.109236,0.081834,0.10604
SG_017063,0,0.102464,0.090283,0.067941
SG_017064,0,0.076964,0.071288,0.107289
SG_017065,0,0.153593,0.096993,0.085892
SG_017066,0,0.534286,0.159469,0.151727
SG_017068,0,0.258421,0.106781,0.118952
SG_017069,0,0.176771,0.101712,0.080975
SG_017072,0,0.918414,0.33191,0.255141
SG_017073,0,0.957807,0.354431,0.297462
SG_017074,0,0.223257,0.098759,0.125064
SG_017075,1,0.977029,0.366545,0.344852
SG_017078,0,0.107614,0.090498,0.073113
SG_017081,0,0.491586,0.151742,0.14072
SG_017082,1,0.820964,0.26661,0.227128
SG_017083,0,0.633836,0.17247,0.199764
SG_017084,0,0.405729,0.129264,0.138182
SG_017086,0,0.6263,0.179143,0.182775
SG_017087,0,0.822564,0.257874,0.242613
SG_017088,0,0.349929,0.122554,0.124136
SG_017089,0,0.581536,0.169649,0.16539
SG_017090,1,0.876257,0.277375,0.286392
SG_017091,0,0.347307,0.129563,0.102699
SG_017092,0,0.122243,0.0904,0.088843
SG_017093,0,0.54735,0.146629,0.188389
SG_017094,0,0.357593,0.11605,0.147026
SG_017095,0,0.736589,0.209145,0.228711
SG_017096,0,0.173743,0.102924,0.068855
SG_017097,0,0.459493,0.131116,0.166136
SG_017099,0,0.354186,0.122768,0.125841
SG_017100,0,0.749421,0.216461,0.229382
SG_017101,0,0.026479,0.062204,0.078033
SG_017102,0,0.526257,0.148017,0.169385
SG_017104,0,0.6078,0.178446,0.170292
SG_017105,1,0.187329,0.089751,0.132146
SG_017106,1,0.256793,0.111758,0.102042
SG_017107,0,0.09655,0.084847,0.08806
SG_017108,0,0.075707,0.064577,0.113695
SG_017109,1,0.183057,0.081699,0.148824
SG_017112,0,0.826021,0.255483,0.252589
SG_017113,0,0.271443,0.110361,0.115582
SG_017115,0,0.01615,0.062333,0.06472
SG_017117,0,0.5678,0.166884,0.162313
SG_017118,0,0.3002,0.111909,0.127893
SG_017119,0,0.108879,0.078544,0.114161
SG_017120,0,0.58455,0.13953,0.249242
SG_017121,0,0.352707,0.115218,0.146883
SG_017122,0,0.362571,0.111432,0.166329
SG_017125,0,0.281193,0.10911,0.125674
SG_017128,1,0.9562,0.361148,0.286634
SG_017129,0,0.09535,0.089026,0.066273
SG_017131,0,0.597471,0.178192,0.163483
SG_017132,0,0.571436,0.167562,0.163153
SG_017133,0,0.687329,0.191335,0.214297
SG_017134,0,0.512979,0.143762,0.170216
SG_017135,0,0.013007,0.066323,0.048388
SG_017136,0,0.502793,0.141244,0.168609
SG_017137,0,0.150464,0.09383,0.0973
SG_017138,0,0.414143,0.11712,0.180453
SG_017140,0,0.332321,0.117389,0.128724
SG_017141,1,0.452629,0.138765,0.143344
SG_017142,0,0.865814,0.277324,0.267669
SG_017143,0,0.635771,0.193387,0.169761
SG_017147,1,0.515893,0.144581,0.170235
SG_017148,0,0.828986,0.283006,0.213608
SG_017149,0,0.2389,0.098604,0.134645
SG_017150,0,0.380957,0.119105,0.151233
SG_017151,1,0.06455,0.080156,0.076104
SG_017152,0,0.617971,0.17572,0.181469
SG_017153,0,0.742614,0.247592,0.181642
SG_017155,0,0.70465,0.208139,0.199713
SG_017156,0,0.3471,0.114183,0.146998
SG_017157,0,0.633229,0.199514,0.158739
SG_017159,1,0.554521,0.168222,0.150509
SG_017160,0,0.328657,0.123788,0.107303
SG_017161,0,0.385229,0.113925,0.172555
SG_017162,0,0.916564,0.294789,0.347308
SG_017163,1,0.682386,0.209212,0.180765
SG_017164,0,0.193321,0.108213,0.053525
SG_017165,0,0.496014,0.146263,0.153642
SG_017166,0,0.017186,0.061107,0.06779
SG_017167,0,0.763136,0.238053,0.208
SG_017168,0,0.44245,0.135589,0.144194
SG_017169,0,0.036907,0.074404,0.064371
SG_017173,0,0.262036,0.111769,0.105404
SG_017174,0,0.546543,0.123404,0.29831
SG_017175,0,0.788029,0.228821,0.252381
SG_017176,0,0.175921,0.088004,0.130112
SG_017177,0,0.487914,0.145342,0.150111
SG_017178,0,0.1891,0.083056,0.149058
SG_017179,0,0.101786,0.070646,0.123471
SG_017180,0,0.473414,0.14482,0.14307
SG_017181,0,0.25455,0.106383,0.117719
SG_017183,0,0.84925,0.278756,0.241653
SG_017184,1,0.847814,0.304307,0.207155
SG_017185,0,0.133636,0.093172,0.086663
SG_017186,0,0.824671,0.26255,0.238796
SG_017188,0,0.861657,0.272539,0.271604
SG_017189,0,0.181843,0.095644,0.111534
SG_017191,0,0.493614,0.146975,0.150483
SG_017194,0,0.716379,0.206346,0.213105
SG_017196,0,0.040643,0.073502,0.073731
SG_017197,0,0.906321,0.291971,0.313847
SG_017198,0,0.184379,0.095205,0.114205
SG_017199,0,0.135143,0.092866,0.089655
SG_017200,0,0.362736,0.125841,0.122391
SG_017201,1,0.451957,0.128366,0.168628
SG_017203,1,0.464529,0.137852,0.15226
SG_017204,0,0.021493,0.07246,0.039436
SG_017205,0,0.885679,0.272021,0.336783
SG_017207,0,0.657179,0.201593,0.172665
SG_017209,0,0.885786,0.316589,0.233633
SG_017210,0,0.596536,0.1652,0.184456
SG_017211,1,0.724786,0.207044,0.22063
SG_017212,1,0.813679,0.274026,0.210335
SG_017214,0,0.634736,0.193282,0.168928
SG_017215,0,0.345543,0.109119,0.163143
SG_017216,0,0.222543,0.101989,0.113504
SG_017217,1,0.967936,0.348191,0.344569
SG_017219,0,0.7451,0.212419,0.231478
SG_017221,0,0.761957,0.231263,0.216639
SG_017222,0,0.266379,0.120818,0.064675
SG_017226,0,0.977021,0.361346,0.364605
SG_017229,0,0.909557,0.285613,0.394986
SG_017231,0,0.141814,0.090345,0.103251
SG_017233,0,0.95645,0.343378,0.309081
SG_017234,0,0.702093,0.215464,0.187371
SG_017236,0,0.8059,0.254944,0.228308
SG_017237,1,0.962079,0.345837,0.320784
SG_017238,1,0.410507,0.119588,0.168933
SG_017240,0,0.826857,0.269158,0.230935
SG_017242,0,0.079436,0.085946,0.062253
SG_017243,0,0.748579,0.226571,0.211142
SG_017244,1,0.798714,0.261744,0.211433
SG_017246,0,0.890514,0.28533,0.294569
SG_017247,0,0.995264,0.400765,0.506047
SG_017248,0,0.028271,0.074912,0.038694
SG_017249,0,0.975586,0.374685,0.315957
SG_017251,1,0.538,0.163059,0.148484
SG_017252,0,0.505143,0.14148,0.169763
SG_017253,0,0.892286,0.329041,0.226192
SG_017256,0,0.30675,0.108023,0.142755
SG_017257,0,0.57205,0.18832,0.136548
SG_017258,1,0.648929,0.208249,0.158985
SG_017259,0,0.576664,0.166756,0.16814
SG_017260,0,0.048086,0.070424,0.087978
SG_017261,0,0.602136,0.148246,0.234981
SG_017262,0,0.893829,0.284766,0.303621
SG_017263,0,0.785029,0.281272,0.179452
SG_017264,0,0.49885,0.126311,0.21263
SG_017265,1,0.816843,0.30056,0.185308
SG_017267,0,0.008364,0.065338,0.037204
SG_017268,0,0.595236,0.169374,0.175933
SG_017270,0,0.003786,0.05502,0.041863
SG_017271,0,0.459436,0.134505,0.156777
SG_017273,0,0.634071,0.158951,0.234717
SG_017274,1,0.864821,0.264225,0.299189
SG_017275,0,0.232264,0.105557,0.10681
SG_017277,1,0.712364,0.209062,0.204857
SG_017278,0,0.181307,0.096224,0.108945
SG_017280,1,0.358586,0.127643,0.115229
SG_017282,1,0.977714,0.401496,0.301827
SG_017283,0,0.012329,0.064967,0.05191
SG_017284,0,0.934457,0.307468,0.383969
SG_017285,0,0.199736,0.102481,0.09659
SG_017286,0,0.787729,0.240876,0.229189
SG_017289,0,0.709171,0.205114,0.208684
SG_017290,0,0.581964,0.156696,0.191075
SG_017291,0,0.70695,0.207262,0.203532
SG_017293,0,0.85205,0.244104,0.360279
SG_017295,0,0.840593,0.298264,0.206715
SG_017297,0,0.87975,0.297187,0.251968
SG_017298,0,0.99185,0.399385,0.371677
SG_017299,0,0.63955,0.184616,0.184411
SG_017300,0,0.102893,0.092809,0.04316
SG_017301,0,0.540529,0.146255,0.184327
SG_017302,1,0.61555,0.163311,0.203706
SG_017305,1,0.824279,0.256715,0.247305
SG_017306,0,0.652236,0.191146,0.184856
SG_017307,0,0.63505,0.194866,0.166731
SG_017308,1,0.027079,0.069335,0.067218
SG_017310,0,0.362264,0.126437,0.120683
SG_017312,1,0.034079,0.072024,0.070095
SG_017313,0,0.925464,0.316153,0.296513
SG_017314,1,0.963529,0.35077,0.317283
SG_017315,1,0.744721,0.23319,0.19895
SG_017319,1,0.865157,0.263173,0.304067
SG_017320,1,0.475771,0.145075,0.1438
SG_017321,0,0.170821,0.102074,0.071776
SG_017322,0,0.217464,0.096015,0.131028
SG_017324,0,0.189379,0.101003,0.095966
SG_017325,0,0.067471,0.080166,0.078789
SG_017326,1,0.597229,0.162965,0.188896
SG_017327,0,0.6532,0.198771,0.173605
SG_017329,0,0.061071,0.078219,0.080134
SG_017330,0,0.536993,0.171544,0.136571
SG_017331,1,0.962343,0.341353,0.33701
SG_017332,1,0.399057,0.125347,0.143586
SG_017333,0,0.428121,0.11868,0.184715
SG_017334,0,0.295043,0.113109,0.121311
SG_017335,1,0.333757,0.114423,0.13882
SG_017336,0,0.194779,0.093539,0.125929
SG_017337,0,0.0898,0.087015,0.07029
SG_017340,0,0.516129,0.141252,0.178225
SG_017341,0,0.5728,0.158868,0.179706
SG_017342,0,0.704486,0.19709,0.217755
SG_017343,1,0.866364,0.263574,0.30605
SG_017344,0,0.233307,0.104355,0.111626
SG_017345,0,0.231886,0.096547,0.1376
SG_017346,0,0.495321,0.162575,0.125512
SG_017351,0,0.097221,0.086815,0.078996
SG_017352,0,0.410207,0.139701,0.117371
SG_017353,0,0.764079,0.244167,0.201769
SG_017355,0,0.84115,0.255727,0.274495
SG_017356,0,0.695129,0.205349,0.19615
SG_017357,1,0.728293,0.224852,0.196391
SG_017359,0,0.394507,0.130068,0.130234
SG_017362,0,0.0125,0.067241,0.042973
SG_017363,0,0.146757,0.082472,0.127118
SG_017365,1,0.143821,0.082732,0.124708
SG_017366,1,0.260811,0.115032,0.09204
SG_017367,0,0.502693,0.146569,0.157051
SG_017369,0,0.237386,0.103478,0.117366
SG_017370,1,0.33445,0.102314,0.180708
SG_017371,0,0.440343,0.133559,0.14782
SG_017372,0,0.736007,0.208091,0.230807
SG_017374,0,0.884536,0.304458,0.24683
SG_017375,0,0.647357,0.205848,0.161125
SG_017377,1,0.885079,0.297917,0.258053
SG_017378,1,0.628021,0.197441,0.158073
SG_017379,0,0.289986,0.113996,0.114792
SG_017380,1,0.968371,0.367464,0.306096
SG_017381,0,0.24285,0.115061,0.074568
SG_017382,0,0.067629,0.078472,0.085236
SG_017384,0,0.618214,0.186324,0.166488
SG_017386,0,0.280179,0.116802,0.098664
SG_017387,0,0.470114,0.120826,0.210098
SG_017388,0,0.839664,0.260163,0.262201
SG_017389,0,0.34575,0.112654,0.150885
SG_017390,0,0.042664,0.07513,0.070026
SG_017392,0,0.742236,0.210565,0.231539
SG_017393,1,0.492507,0.141543,0.16139
SG_017394,0,0.886129,0.267574,0.400175
SG_017395,0,0.730771,0.204829,0.231501
SG_017396,0,0.541271,0.142219,0.194343
SG_017397,0,0.045286,0.072676,0.080805
SG_017398,1,0.639711,0.191728,0.174987
SG_017400,0,0.946593,0.34594,0.283372
SG_017401,1,0.982957,0.404432,0.314072
SG_017403,0,0.517821,0.149481,0.160951
SG_017404,0,0.839943,0.247943,0.293456
SG_017407,0,0.420936,0.125011,0.157779
SG_017408,0,0.402729,0.134228,0.125265
SG_017409,0,0.736986,0.20708,0.234246
SG_017410,0,0.401571,0.123577,0.149848
SG_017411,0,0.148493,0.096783,0.082589
SG_017412,1,0.806414,0.257082,0.224938
SG_017413,0,0.273764,0.113029,0.1082
SG_017414,0,0.806786,0.247559,0.241441
SG_017415,0,0.18295,0.090746,0.126871
SG_017417,0,0.755393,0.199291,0.278717
SG_017418,0,0.505693,0.141147,0.171109
SG_017420,0,0.841586,0.267005,0.252467
SG_017422,0,0.413421,0.124188,0.155619
SG_017424,0,0.574093,0.167833,0.164044
SG_017426,0,0.781271,0.243828,0.217814
SG_017427,1,0.099886,0.092356,0.039635
SG_017429,1,0.827043,0.267569,0.233248
SG_017430,0,0.884993,0.275588,0.310994
SG_017433,1,0.829664,0.293777,0.202696
SG_017434,0,0.633879,0.181184,0.184881
SG_017435,0,0.831914,0.243874,0.28761
SG_017436,1,0.701436,0.196096,0.217384
SG_017437,0,0.10635,0.081333,0.10532
SG_017440,0,0.245814,0.110297,0.099984
SG_017441,0,0.211614,0.110205,0.06871
SG_017442,0,0.156664,0.101558,0.052319
SG_017443,0,0.988971,0.403943,0.342765
SG_017444,1,0.833243,0.24584,0.285261
SG_017446,0,0.897321,0.309299,0.257618
SG_017447,0,0.101607,0.093142,0.021869
SG_017449,1,0.799079,0.272874,0.198729
SG_017450,0,0.578207,0.161242,0.178095
SG_017451,0,0.4471,0.13433,0.149687
SG_017453,0,0.460929,0.133439,0.16131
SG_017455,0,0.488475,0.146038,0.149438
SG_017456,0,0.509507,0.149716,0.154917
SG_017459,0,0.980986,0.374254,0.342231
SG_017460,1,0.764079,0.268469,0.176616
SG_017461,0,0.205521,0.097357,0.120023
SG_017462,1,0.403736,0.121795,0.15636
SG_017463,0,0.966921,0.343579,0.359498
SG_017468,1,0.42405,0.133725,0.138507
SG_017469,0,0.524079,0.143727,0.178135
SG_017470,0,0.588093,0.180306,0.154557
SG_017471,0,0.229043,0.107229,0.099189
SG_017472,0,0.23935,0.096518,0.141539
SG_017473,0,0.522607,0.159673,0.144705
SG_017474,1,0.0642,0.083729,0.049325
SG_017476,0,0.521771,0.142399,0.179159
SG_017477,0,0.890893,0.306626,0.252879
SG_017478,0,0.643943,0.165828,0.225361
SG_017483,0,0.058814,0.081328,0.059529
SG_017485,1,0.016186,0.068059,0.049796
SG_017487,0,0.92545,0.307705,0.318993
SG_017488,0,0.135336,0.091733,0.094086
SG_017489,0,0.2585,0.096748,0.151687
SG_017490,1,0.772421,0.229041,0.231977
SG_017491,0,0.641679,0.196742,0.168147
SG_017492,0,0.579007,0.151988,0.1995
SG_017493,1,0.919586,0.324995,0.26727
SG_017494,0,0.862307,0.281825,0.253761
SG_017495,0,0.291107,0.110422,0.127192
SG_017496,0,0.517493,0.116622,0.311397
SG_017497,1,0.905743,0.312474,0.26555
SG_017498,0,0.602086,0.164457,0.189924
SG_017499,1,0.7506,0.21314,0.23661
SG_017500,0,0.440079,0.135241,0.143673
SG_017502,0,0.8344,0.2593,0.256224
SG_017503,1,0.485686,0.150372,0.139748
SG_017505,0,0.378721,0.128003,0.126426
SG_017506,0,0.416071,0.116701,0.183344
SG_017508,0,0.537536,0.141291,0.194101
SG_017510,0,0.207786,0.102459,0.102132
SG_017511,0,0.172571,0.100402,0.08468
SG_017512,0,0.762657,0.23456,0.213103
SG_017515,0,0.67865,0.212698,0.173681
SG_017517,0,0.136821,0.094214,0.083839
SG_017519,1,0.93095,0.317253,0.304833
SG_017520,0,0.397693,0.12244,0.150972
SG_017522,0,0.606607,0.159937,0.203513
SG_017523,0,0.350671,0.134425,0.091395
SG_017524,0,0.030143,0.075784,0.035166
SG_017525,0,0.744807,0.230208,0.202721
SG_017527,0,0.095679,0.089173,0.065972
SG_017528,0,0.096557,0.075169,0.113458
SG_017530,0,0.823643,0.229063,0.320988
SG_017531,1,0.801214,0.282227,0.190597
SG_017533,0,0.898729,0.303998,0.268618
SG_017534,0,0.778864,0.241728,0.217854
SG_017536,0,0.087879,0.08257,0.088163
SG_017539,1,0.372064,0.136131,0.101995
SG_017540,0,0.87495,0.275977,0.286861
SG_017541,0,0.1859,0.098971,0.101242
SG_017543,0,0.324686,0.116238,0.128261
SG_017544,0,0.331707,0.104912,0.168173
SG_017546,0,0.198429,0.091255,0.134162
SG_017547,1,0.813021,0.255917,0.235427
SG_017548,0,0.518764,0.149916,0.160613
SG_017550,0,0.546707,0.16196,0.15551
SG_017551,0,0.600893,0.139247,0.275533
SG_017552,0,0.820393,0.279814,0.209593
SG_017553,1,0.672064,0.194446,0.194812
SG_017554,0,0.187721,0.106199,0.062476
SG_017555,0,0.140971,0.094761,0.08539
SG_017556,0,0.5382,0.159158,0.155057
SG_017558,0,0.351729,0.116054,0.143597
SG_017561,0,0.121307,0.084428,0.107104
SG_017564,0,0.043593,0.072229,0.080151
SG_017566,0,0.907464,0.317173,0.260725
SG_017567,0,0.591979,0.179226,0.158675
SG_017568,1,0.672643,0.191702,0.200003
SG_017569,0,0.672557,0.184224,0.212401
SG_017570,0,0.085536,0.083067,0.084191
SG_017571,0,0.294893,0.119149,0.100957
SG_017573,1,0.664086,0.223823,0.151551
SG_017574,0,0.478286,0.13296,0.174768
SG_017576,0,0.937393,0.327006,0.297002
SG_017582,0,0.600257,0.172414,0.174774
SG_017583,0,0.318879,0.116721,0.12327
SG_017584,0,0.813,0.262342,0.224885
SG_017585,0,0.818607,0.253303,0.246194
SG_017586,1,0.3853,0.117147,0.16044
SG_017587,0,0.757679,0.214463,0.243064
SG_017588,0,0.437543,0.131929,0.149951
SG_017591,1,0.632814,0.190318,0.172268
SG_017592,0,0.123186,0.085458,0.104943
SG_017593,0,0.341243,0.11053,0.15516
SG_017595,1,0.159814,0.100567,0.06976
SG_017596,0,0.728693,0.23822,0.18029
SG_017598,0,0.2451,0.099603,0.134867
SG_017599,1,0.667407,0.197766,0.184771
SG_017600,1,0.602386,0.176517,0.169086
SG_017601,0,0.431771,0.136856,0.136169
SG_017602,0,0.838429,0.263166,0.255222
SG_017603,0,0.879014,0.284802,0.272913
SG_017608,1,0.6427,0.191753,0.176918
SG_017609,0,0.947536,0.358463,0.272483
SG_017610,0,0.6714,0.170618,0.24287
SG_017612,0,0.143436,0.090721,0.102993
SG_017613,0,0.77645,0.226172,0.242249
SG_017614,0,0.026357,0.073513,0.047668
SG_017618,0,0.115629,0.090415,0.082769
SG_017619,0,0.623336,0.171055,0.19385
SG_017620,0,0.692407,0.202233,0.198335
SG_017623,0,0.722407,0.217941,0.199917
SG_017624,1,0.123729,0.085341,0.105621
SG_017625,1,0.757207,0.237403,0.204476
SG_017626,0,0.701136,0.225503,0.175063
SG_017627,0,0.420657,0.128107,0.14934
SG_017628,0,0.175293,0.095948,0.106149
SG_017631,0,0.424264,0.12303,0.165952
SG_017632,0,0.193607,0.094385,0.122512
SG_017633,0,0.800021,0.231601,0.262526
SG_017635,0,0.814207,0.220498,0.344718
SG_017636,0,0.182529,0.096614,0.108482
SG_017637,0,0.373779,0.122088,0.138564
SG_017638,0,0.582543,0.151958,0.2032
SG_017640,0,0.069136,0.078556,0.086194
SG_017641,0,0.8344,0.26456,0.246467
SG_017643,0,0.693457,0.20555,0.194371
SG_017644,0,0.37925,0.121953,0.141703
SG_017645,0,0.081064,0.078276,0.097035
SG_017647,0,0.748907,0.221717,0.219136
SG_017648,0,0.545257,0.142129,0.197987
SG_017649,0,0.53205,0.140947,0.1909
SG_017650,1,0.005457,0.0617,0.039108
SG_017651,1,0.722393,0.197133,0.238303
SG_017652,1,0.807779,0.228925,0.283804
SG_017653,0,0.383307,0.121214,0.146177
SG_017654,0,0.2372,0.102043,0.12222
SG_017655,0,0.437936,0.13025,0.154341
SG_017656,0,0.567986,0.202166,0.11844
SG_017659,0,0.498261,0.142175,0.163333
SG_017660,0,0.72975,0.216674,0.208755
SG_017661,0,0.239757,0.107584,0.105005
SG_017662,1,0.6417,0.149823,0.285472
SG_017663,0,0.694929,0.202485,0.199874
SG_017664,1,0.575479,0.172256,0.157831
SG_017665,0,0.6462,0.191924,0.179147
SG_017666,0,0.978171,0.361138,0.381278
SG_017668,0,0.489371,0.153081,0.137585
SG_017669,0,0.077264,0.08178,0.081506
SG_017670,0,0.331743,0.112091,0.144597
SG_017671,0,0.721821,0.209285,0.212632
SG_017672,0,0.779971,0.274083,0.182784
SG_017675,0,0.5681,0.161823,0.17022
SG_017676,0,0.802786,0.243024,0.243203
SG_017678,0,0.65375,0.206056,0.164767
SG_017680,0,0.258207,0.103224,0.130291
SG_017681,0,0.132993,0.082563,0.118693
SG_017682,0,0.03835,0.072462,0.073892
SG_017684,0,0.025814,0.066779,0.071328
SG_017685,0,0.279714,0.117455,0.095775
SG_017686,0,0.070471,0.07951,0.084267
SG_017688,0,0.088143,0.079428,0.098925
SG_017690,0,0.107743,0.075555,0.119663
SG_017692,0,0.414929,0.139582,0.120645
SG_017694,0,0.38115,0.120032,0.148535
SG_017695,0,0.128893,0.089366,0.097449
SG_017698,1,0.488314,0.134459,0.17684
SG_017699,0,0.65525,0.146555,0.444657
SG_017700,0,0.755457,0.227111,0.217155
SG_017701,0,0.968871,0.383522,0.291682
SG_017704,0,0.775429,0.216454,0.262614
SG_017705,0,0.789286,0.209366,0.314545
SG_017706,1,0.697357,0.29654,0.114253
SG_017707,0,0.975664,0.424714,0.290949
SG_017708,1,0.948271,0.352233,0.27989
SG_017710,1,0.782921,0.232047,0.239388
SG_017711,0,0.431136,0.141351,0.125991
SG_017712,0,0.268929,0.101281,0.142426
SG_017713,0,0.112979,0.083731,0.103519
SG_017716,0,0.798364,0.251002,0.225606
SG_017717,0,0.574693,0.17222,0.157322
SG_017720,0,0.917743,0.30517,0.302813
SG_017721,0,0.329507,0.114806,0.135477
SG_017722,0,0.277286,0.113025,0.110826
SG_017723,0,0.556107,0.1463,0.196302
SG_017724,0,0.775929,0.238328,0.219985
SG_017725,0,0.763479,0.235097,0.212908
SG_017726,1,0.923643,0.324411,0.273947
SG_017727,0,0.557529,0.138193,0.223463
SG_017730,0,0.993557,0.408388,0.37784
SG_017731,0,0.392657,0.140157,0.105483
SG_017732,0,0.298514,0.126069,0.074403
SG_017733,0,0.78475,0.251086,0.211622
SG_017734,0,0.546721,0.147302,0.185667
SG_017735,0,0.152743,0.085981,0.122043
SG_017736,0,0.404657,0.104271,0.234345
SG_017737,1,0.574121,0.178485,0.148415
SG_017738,0,0.832107,0.265569,0.241643
SG_017740,0,0.984014,0.376758,0.359113
SG_017741,0,0.284236,0.117094,0.100432
SG_017742,0,0.786729,0.250096,0.215096
SG_017744,0,0.9797,0.365951,0.369593
SG_017747,1,0.675071,0.1908,0.204151
SG_017748,0,0.001564,0.058177,0.02324
SG_017751,0,0.264993,0.113205,0.101991
SG_017752,0,0.735636,0.182168,0.312685
SG_017753,0,0.523607,0.15517,0.153191
SG_017755,1,0.582993,0.166452,0.173361
SG_017756,0,0.177171,0.099017,0.09498
SG_017758,0,0.582086,0.179236,0.152242
SG_017759,0,0.355993,0.120055,0.13466
SG_017761,1,0.475643,0.135685,0.164588
SG_017762,0,0.177464,0.103315,0.071507
SG_017763,0,0.720786,0.204384,0.22083
SG_017764,0,0.167286,0.097579,0.094295
SG_017765,0,0.880657,0.27752,0.295153
SG_017766,0,0.606729,0.16873,0.185132
SG_017767,0,0.492136,0.146434,0.150809
SG_017768,0,0.556986,0.161945,0.162508
SG_017769,1,0.255207,0.105521,0.121111
SG_017770,0,0.195114,0.100839,0.100595
SG_017771,0,0.726071,0.202868,0.230255
SG_017772,0,0.342693,0.113734,0.145607
SG_017773,0,0.952143,0.326463,0.357993
SG_017779,0,0.677114,0.212001,0.173365
SG_017780,0,0.400864,0.128269,0.138154
SG_017783,0,0.828164,0.243308,0.281225
SG_017784,1,0.969014,0.353524,0.335588
SG_017785,0,0.366636,0.114805,0.156554
SG_017786,0,0.241607,0.101745,0.125498
SG_017787,0,0.1142,0.085487,0.099089
SG_017788,1,0.744214,0.214741,0.226427
SG_017790,0,0.609107,0.172733,0.180402
SG_017791,0,0.497457,0.148508,0.14989
SG_017792,0,0.325679,0.122175,0.110518
SG_017793,0,0.548664,0.143735,0.196886
SG_017794,0,0.67105,0.187392,0.205211
SG_017796,0,0.19245,0.091474,0.130258
SG_017797,0,0.014107,0.066553,0.049831
SG_017799,0,0.786593,0.233493,0.241321
SG_017800,1,0.617193,0.170048,0.190593
SG_017801,0,0.209914,0.102891,0.101777
SG_017802,0,0.638329,0.183622,0.184834
SG_017803,0,0.67045,0.205145,0.177778
SG_017804,0,0.585379,0.180085,0.152969
SG_017805,1,0.702129,0.229425,0.170961
SG_017806,0,0.945157,0.316572,0.413399
SG_017807,0,0.2017,0.105208,0.085806
SG_017808,1,0.7879,0.252215,0.213376
SG_017809,0,0.633514,0.171191,0.202435
SG_017810,0,0.482036,0.149991,0.138438
SG_017812,0,0.083014,0.080309,0.092741
SG_017813,0,0.847414,0.275079,0.245257
SG_017814,1,0.569271,0.160282,0.173971
SG_017815,0,0.317557,0.112126,0.136981
SG_017816,0,0.013314,0.066422,0.048653
SG_017818,0,0.548321,0.144741,0.19364
SG_017820,0,0.461586,0.125723,0.18354
SG_017821,1,0.437621,0.136656,0.139578
SG_017823,0,0.237329,0.101815,0.123
SG_017824,0,0.333993,0.10994,0.152757
SG_017825,0,0.13735,0.094254,0.084032
SG_017826,0,0.509243,0.13682,0.185731
SG_017828,0,0.439014,0.123578,0.174887
SG_017829,0,0.275886,0.106819,0.128669
SG_017831,1,0.8779,0.282257,0.276862
SG_017833,0,0.617707,0.185141,0.168146
SG_017835,1,0.891564,0.2873,0.290711
SG_017836,0,0.619436,0.161822,0.210394
SG_017837,1,0.838036,0.264358,0.252035
SG_017839,0,0.968871,0.376845,0.297587
SG_017841,1,0.913529,0.334178,0.245362
SG_017842,0,0.290957,0.108621,0.13235
SG_017843,0,0.123929,0.085442,0.105414
SG_017844,0,0.655136,0.182832,0.199484
SG_017845,0,0.582807,0.159367,0.185352
SG_017846,0,0.928757,0.306171,0.340065
SG_017848,0,0.042221,0.078505,0.047267
SG_017849,0,0.558007,0.154512,0.177774
SG_017850,1,0.529279,0.133362,0.21408
SG_017852,0,0.756757,0.225803,0.220673
SG_017853,0,0.134086,0.07654,0.132645
SG_017854,0,0.290057,0.105124,0.141865
SG_017856,0,0.734364,0.198954,0.247397
SG_017857,0,0.057029,0.07676,0.080826
SG_017858,0,0.185086,0.092383,0.124061
SG_017859,1,0.043564,0.076347,0.066114
SG_017860,0,0.726764,0.220414,0.200471
SG_017861,0,0.099264,0.090664,0.058583
SG_017863,0,0.559443,0.156882,0.174111
SG_017864,0,0.763743,0.219602,0.240059
SG_017868,0,0.273629,0.108043,0.124352
SG_017869,0,0.675293,0.203963,0.182814
SG_017870,0,0.173407,0.093078,0.114655
SG_017871,0,0.430079,0.140092,0.128196
SG_017872,0,0.349707,0.120518,0.12982
SG_017873,0,0.142179,0.092606,0.096136
SG_017874,0,0.929364,0.307592,0.337012
SG_017875,0,0.34625,0.105516,0.176141
SG_017876,0,0.511493,0.14755,0.160726
SG_017877,0,0.244286,0.10668,0.110499
SG_017883,0,0.947629,0.377122,0.258729
SG_017884,0,0.095179,0.086699,0.077845
SG_017885,0,0.425593,0.132445,0.141973
SG_017887,0,0.755364,0.256162,0.182412
SG_017890,0,0.371293,0.124002,0.132201
SG_017891,0,0.526979,0.167274,0.137217
SG_017892,0,0.284693,0.1182,0.09671
SG_017893,0,0.414729,0.131807,0.137798
SG_017894,0,0.379614,0.123127,0.138884
SG_017896,1,0.871771,0.263634,0.320961
SG_017897,0,0.510314,0.151971,0.150805
SG_017898,0,0.523457,0.164872,0.138173
SG_017899,0,0.766121,0.213172,0.256517
SG_017901,1,0.528157,0.157801,0.150986
SG_017903,0,0.030221,0.06391,0.080251
SG_017904,0,0.233571,0.115856,0.050553
SG_017905,0,0.185207,0.103141,0.08115
SG_017906,0,0.308629,0.122429,0.098772
SG_017908,0,0.941257,0.338533,0.283234
SG_017911,0,0.440614,0.144128,0.126255
SG_017912,0,0.523879,0.140081,0.187141
SG_017915,0,0.691314,0.191007,0.218617
SG_017916,0,0.888771,0.276999,0.317385
SG_017921,0,0.33575,0.119788,0.12409
SG_017922,0,0.580957,0.167712,0.169088
SG_017923,0,0.474257,0.147213,0.139032
SG_017924,0,0.660807,0.19461,0.185764
SG_017925,0,0.830343,0.25051,0.268342
SG_017926,0,0.413857,0.127858,0.145935
SG_017927,0,0.384314,0.12532,0.135718
SG_017928,1,0.193943,0.096374,0.116212
SG_017929,0,0.983314,0.37171,0.374128
SG_017930,0,0.8255,0.225007,0.400587
SG_017931,0,0.5272,0.153337,0.159038
SG_017932,0,0.064307,0.076104,0.089585
SG_017933,0,0.727643,0.230933,0.187431
SG_017934,0,0.128464,0.086138,0.106572
SG_017935,0,0.362514,0.115435,0.151709
SG_017937,0,0.37665,0.117511,0.153283
SG_017939,0,0.003457,0.059719,0.034806
SG_017940,0,0.981329,0.404023,0.309892
SG_017941,0,0.833657,0.300155,0.199029
SG_017942,0,0.433557,0.10709,0.251685
SG_017943,1,0.283257,0.116822,0.100719
SG_017944,0,0.554093,0.156765,0.170331
SG_017946,0,0.372586,0.123882,0.133128
SG_017948,0,0.641657,0.193021,0.174519
SG_017950,1,0.183493,0.100121,0.095238
SG_017951,0,0.0554,0.075457,0.083002
SG_017952,1,0.951821,0.348804,0.290119
SG_017953,0,0.197164,0.093705,0.126774
SG_017954,0,0.975843,0.403243,0.297615
SG_017955,0,0.298957,0.109472,0.134231
SG_017957,0,0.152443,0.091461,0.106316
SG_017959,1,0.628236,0.167165,0.206876
SG_017961,0,0.992307,0.398406,0.383093
SG_017962,0,0.682071,0.195465,0.200717
SG_017963,0,0.707121,0.234548,0.169235
SG_017964,0,0.175979,0.094758,0.110863
SG_017966,0,0.938007,0.329415,0.291416
SG_017967,0,0.995879,0.427383,0.390184
SG_017968,0,0.434564,0.138274,0.134557
SG_017969,0,0.435436,0.130933,0.151151
SG_017970,0,0.423521,0.127306,0.153235
SG_017972,0,0.041293,0.077109,0.057929
SG_017974,0,0.963786,0.354964,0.310611
SG_017975,0,0.262664,0.106376,0.122651
SG_017976,1,0.150643,0.101344,0.037703
SG_017977,1,0.308693,0.117496,0.114422
SG_017979,1,0.946593,0.321244,0.354741
SG_017980,0,0.0337,0.074247,0.059681
SG_017982,0,0.147436,0.090418,0.106717
SG_017983,0,0.464879,0.12724,0.181765
SG_017984,0,0.608071,0.157926,0.209859
SG_017986,0,0.969086,0.356279,0.327583
SG_017988,1,0.451129,0.135177,0.150083
SG_017989,0,0.995893,0.455004,0.371073
SG_017990,0,0.667486,0.176229,0.223229
SG_017993,0,0.372429,0.121886,0.138269
SG_017994,0,0.90645,0.317832,0.257599
SG_017995,0,0.870343,0.295178,0.242267
SG_017996,1,0.052193,0.077124,0.07459
SG_017997,0,0.37815,0.128154,0.125572
SG_017998,0,0.153536,0.091957,0.105687
SG_017999,0,0.485421,0.14121,0.157174
SG_018000,0,0.264264,0.10484,0.12852
SG_018001,0,0.201479,0.098832,0.112002
SG_018004,0,0.718557,0.176654,0.298007
SG_018006,0,0.197171,0.109051,0.052261
SG_018007,0,0.979086,0.37286,0.334447
SG_018008,0,0.04725,0.07454,0.077351
SG_018009,0,0.856771,0.278337,0.252396
SG_018010,0,0.9238,0.329276,0.266433
SG_018011,0,0.209657,0.100892,0.10976
SG_018012,1,0.129129,0.095105,0.070875
SG_018013,1,0.127514,0.094105,0.074946
SG_018018,1,0.544907,0.147457,0.183951
SG_018019,0,0.166071,0.099385,0.083737
SG_018020,0,0.944279,0.31579,0.420082
SG_018021,1,0.053921,0.081325,0.04779
SG_018022,0,0.278864,0.105775,0.133385
SG_018023,0,0.191514,0.100791,0.098302
SG_018025,0,0.092129,0.090465,0.043746
SG_018026,0,0.391643,0.135993,0.114594
SG_018027,1,0.565493,0.156385,0.179396
SG_018029,0,0.540036,0.164758,0.147567
SG_018030,0,0.570814,0.193894,0.130326
SG_018031,0,0.439293,0.132093,0.150523
SG_018034,0,0.826693,0.237491,0.296489
SG_018035,0,0.639157,0.198267,0.164086
SG_018036,0,0.140557,0.097703,0.065278
SG_018038,0,0.906479,0.304034,0.282415
SG_018039,0,0.548829,0.145829,0.19141
SG_018041,0,0.689964,0.173018,0.260282
SG_018043,0,0.673271,0.198785,0.187862
SG_018044,0,0.384464,0.118634,0.154973
SG_018045,0,0.10955,0.078088,0.115761
SG_018047,0,0.687121,0.166784,0.283337
SG_018048,0,0.350493,0.116857,0.140166
SG_018049,0,0.662021,0.158916,0.27289
SG_018051,0,0.309107,0.122982,0.096835
SG_018052,0,0.636379,0.175487,0.195727
SG_018053,0,0.032936,0.074353,0.056997
SG_018054,0,0.346314,0.137327,0.076604
SG_018057,0,0.563207,0.166027,0.160417
SG_018058,0,0.569421,0.161011,0.172307
SG_018059,0,0.092514,0.076275,0.108738
SG_018060,0,0.423393,0.142931,0.117974
SG_018062,0,0.710029,0.203576,0.21184
SG_018065,0,0.082593,0.085074,0.072261
SG_018066,0,0.582886,0.186955,0.143756
SG_018068,0,0.490829,0.157413,0.131041
SG_018069,0,0.330736,0.109216,0.153185
SG_018070,0,0.288736,0.104218,0.143808
SG_018071,0,0.845214,0.277378,0.239456
SG_018075,0,0.576286,0.175068,0.15382
SG_018077,0,0.252986,0.105371,0.120625
SG_018078,0,0.772571,0.241611,0.212256
SG_018079,0,0.963857,0.33456,0.443915
SG_018081,1,0.680957,0.194493,0.202468
SG_018082,0,0.4643,0.135997,0.156199
SG_018083,1,0.77025,0.251307,0.198606
SG_018085,0,0.534529,0.153414,0.163571
SG_018086,0,0.528879,0.141523,0.186788
SG_018087,0,0.707521,0.194788,0.227124
SG_018089,0,0.445807,0.14823,0.12159
SG_018091,0,0.554271,0.173879,0.142795
SG_018093,0,0.221664,0.110431,0.078497
SG_018095,0,0.905114,0.294353,0.302828
SG_018097,0,0.618279,0.16825,0.195184
SG_018098,1,0.785014,0.244424,0.221
SG_018099,1,0.925736,0.328495,0.27093
SG_018101,0,0.97665,0.382319,0.310349
SG_018102,0,0.388079,0.124997,0.138684
SG_018103,0,0.715721,0.226527,0.184171
SG_018104,0,0.350171,0.136511,0.08398
SG_018105,0,0.837114,0.271476,0.239759
SG_018106,0,0.008014,0.064007,0.04186
SG_018107,0,0.735179,0.220763,0.207353
SG_018108,0,0.575557,0.197467,0.127955
SG_018110,0,0.400493,0.116114,0.174811
SG_018112,0,0.80175,0.26103,0.21531
SG_018113,1,0.509264,0.121459,0.250728
SG_018114,0,0.872093,0.287355,0.257078
SG_018115,0,0.370743,0.126993,0.124328
SG_018116,0,0.617357,0.174987,0.182345
SG_018117,0,0.362171,0.127102,0.119057
SG_018118,0,0.307107,0.116152,0.118145
SG_018119,0,0.905986,0.331134,0.239931
SG_018121,0,0.431221,0.125478,0.162926
SG_018122,1,0.532093,0.160133,0.149381
SG_018123,0,0.412321,0.121913,0.162095
SG_018126,0,0.393921,0.126602,0.138007
SG_018127,1,0.21635,0.097616,0.125097
SG_018128,0,0.364843,0.12065,0.137676
SG_018129,0,0.917807,0.319135,0.27249
SG_018131,0,0.961043,0.408218,0.267517
SG_018133,0,0.262321,0.105116,0.126647
SG_018135,0,0.313079,0.124062,0.096415
SG_018136,1,0.961879,0.387301,0.276008
SG_018137,0,0.893107,0.299694,0.267286
SG_018138,0,0.701821,0.19643,0.216913
SG_018139,0,0.488004,0.146038,0.149162
SG_018141,0,0.881071,0.303727,0.243808
SG_018142,0,0.6007,0.174731,0.170916
SG_018143,0,0.115514,0.0732,0.127946
SG_018145,0,0.924336,0.305095,0.321667
SG_018147,1,0.246736,0.103951,0.121578
SG_018148,0,0.738929,0.21972,0.212406
SG_018149,0,0.869307,0.276205,0.274929
SG_018151,0,0.255014,0.100596,0.137118
SG_018152,0,0.588214,0.157732,0.193223
SG_018153,0,0.570157,0.174229,0.151338
SG_018156,1,0.578264,0.166897,0.168915
SG_018157,0,0.555571,0.148927,0.188685
SG_018158,0,0.583314,0.164013,0.17696
SG_018159,0,0.283193,0.09118,0.188688
SG_018161,0,0.121914,0.088972,0.093673
SG_018162,0,0.852436,0.287103,0.232602
SG_018163,0,0.470457,0.145773,0.139691
SG_018164,0,0.284307,0.103675,0.143257
SG_018167,1,0.2614,0.103169,0.132151
SG_018168,0,0.2079,0.101021,0.108091
SG_018169,1,0.818586,0.23078,0.299942
SG_018171,0,0.406257,0.131762,0.133128
SG_018172,1,0.68835,0.22322,0.168147
SG_018173,0,0.013714,0.062135,0.061146
SG_018176,0,0.690093,0.215943,0.17807
SG_018177,0,0.358907,0.131507,0.105688
SG_018179,0,0.686136,0.19205,0.210909
SG_018180,0,0.7495,0.2263,0.212449
SG_018182,1,0.6547,0.148396,0.338309
SG_018183,0,0.320907,0.110225,0.144246
SG_018184,0,0.068729,0.076701,0.091759
SG_018185,0,0.781629,0.234781,0.232647
SG_018187,0,0.428757,0.142005,0.123409
SG_018189,0,0.187871,0.097376,0.108722
SG_018190,0,0.709521,0.206134,0.206966
SG_018191,0,0.6072,0.165837,0.191821
SG_018192,1,0.548536,0.171953,0.142502
SG_018193,0,0.15685,0.088329,0.118069
SG_018194,0,0.339336,0.110118,0.155447
SG_018196,1,0.69895,0.200319,0.206659
SG_018197,0,0.3243,0.124223,0.103611
SG_018199,1,0.546843,0.172522,0.140355
SG_018200,0,0.190557,0.100439,0.099124
SG_018202,0,0.120986,0.082873,0.110724
SG_018203,0,0.965793,0.337833,0.403436
SG_018204,0,0.138936,0.095729,0.078218
SG_018205,1,0.756729,0.240347,0.19955
SG_018207,0,0.198186,0.095216,0.12254
SG_018209,0,0.725714,0.207787,0.220064
SG_018210,0,0.305329,0.113659,0.125358
SG_018211,1,0.919429,0.305553,0.306085
SG_018212,1,0.804557,0.269697,0.207112
SG_018213,0,0.635957,0.168904,0.208933
SG_018217,0,0.16435,0.100338,0.076691
SG_018218,0,0.417014,0.125592,0.153384
SG_018219,0,0.935286,0.310973,0.353794
SG_018220,0,0.890907,0.30884,0.2494
SG_018222,1,0.049943,0.067663,0.093481
SG_018223,0,0.685593,0.199894,0.19585
SG_018225,0,0.949293,0.347619,0.28666
SG_018226,0,0.313664,0.114681,0.127081
SG_018227,0,0.567729,0.171773,0.1537
SG_018230,0,0.847229,0.26482,0.264208
SG_018231,0,0.937164,0.326194,0.29887
SG_018232,0,0.464436,0.134112,0.161594
SG_018233,0,0.065479,0.079203,0.080721
SG_018234,0,0.881829,0.290453,0.266666
SG_018235,1,0.369407,0.116464,0.152245
SG_018236,0,0.308114,0.121247,0.102226
SG_018237,0,0.66765,0.195133,0.189867
SG_018239,1,0.955229,0.329272,0.35931
SG_018240,0,0.879093,0.308773,0.235151
SG_018242,1,0.91135,0.32935,0.247888
SG_018243,0,0.697736,0.199764,0.206265
SG_018244,0,0.352207,0.136045,0.087014
SG_018245,0,0.295964,0.1169,0.108404
SG_018248,0,0.38055,0.116451,0.159695
SG_018249,0,0.457129,0.135628,0.152737
SG_018250,0,0.14545,0.082351,0.126694
SG_018251,0,0.5719,0.145231,0.212772
SG_018254,0,0.681436,0.190187,0.210558
SG_018255,0,0.366743,0.119668,0.141563
SG_018256,1,0.546879,0.193171,0.11705
SG_018257,0,0.776179,0.229241,0.235957
SG_018258,0,0.374271,0.12414,0.133519
SG_018260,0,0.061986,0.077086,0.084767
SG_018262,0,0.800636,0.263553,0.211303
SG_018264,0,0.076136,0.077371,0.095605
SG_018265,0,0.689343,0.202748,0.195081
SG_018267,0,0.185307,0.090872,0.127851
SG_018268,0,0.066629,0.084431,0.048836
SG_018271,0,0.324293,0.115227,0.131068
SG_018272,0,0.862057,0.264075,0.293596
SG_018273,0,0.681507,0.205626,0.184864
SG_018274,0,0.2927,0.114442,0.115073
SG_018275,0,0.251664,0.108059,0.111184
SG_018277,0,0.480857,0.139453,0.158799
SG_018279,1,0.986014,0.393245,0.33781
SG_018280,0,0.245714,0.090447,0.164733
SG_018283,0,0.811021,0.286374,0.194246
SG_018285,0,0.036457,0.071016,0.075165
SG_018288,0,0.7761,0.236318,0.223626
SG_018289,0,0.417357,0.106398,0.235132
SG_018290,1,0.719014,0.210801,0.207466
SG_018291,0,0.436893,0.13648,0.139497
SG_018292,0,0.869907,0.324852,0.207891
SG_018293,0,0.173114,0.093108,0.114378
SG_018295,1,0.370507,0.127843,0.122239
SG_018296,0,0.318736,0.112799,0.135561
SG_018298,1,0.241407,0.113092,0.084244
SG_018299,0,0.786307,0.2465,0.219767
SG_018300,1,0.590414,0.163908,0.182506
SG_018301,0,0.950186,0.335351,0.30895
SG_018302,0,0.88735,0.282577,0.296068
SG_018304,0,0.212314,0.095203,0.130642
SG_018306,0,0.161871,0.099334,0.079721
SG_018308,0,0.8311,0.265074,0.241206
SG_018309,0,0.252371,0.106574,0.115496
SG_018310,0,0.619807,0.17543,0.183325
SG_018311,0,0.131757,0.095149,0.073588
SG_018313,0,0.083471,0.085611,0.0703
SG_018314,0,0.679421,0.194858,0.199909
SG_018315,0,0.345171,0.110411,0.158159
SG_018317,0,0.890621,0.289467,0.284242
SG_018318,0,0.615629,0.179217,0.174908
SG_018319,1,0.719914,0.194855,0.241508
SG_018320,0,0.873986,0.300668,0.239584
SG_018323,1,0.234329,0.09817,0.13322
SG_018324,0,0.6424,0.161813,0.235019
SG_018326,0,0.515486,0.137089,0.189749
SG_018328,1,0.455464,0.159354,0.106708
SG_018329,0,0.633943,0.179122,0.188281
SG_018331,0,0.6411,0.190478,0.177837
SG_018332,0,0.369714,0.118665,0.145819
SG_018333,0,0.498343,0.141801,0.164375
SG_018335,0,0.107664,0.079916,0.110472
SG_018337,1,0.852629,0.250615,0.315169
SG_018339,0,0.521021,0.172041,0.127147
SG_018340,1,0.206043,0.087495,0.147695
SG_018343,0,0.035721,0.064885,0.084795
SG_018344,0,0.5939,0.149525,0.220721
SG_018345,0,0.505243,0.145244,0.161693
SG_018346,0,0.055914,0.083069,0.014111
SG_018349,0,0.884943,0.290734,0.270642
SG_018350,0,0.73755,0.208054,0.232296
SG_018352,0,0.131979,0.090437,0.096233
SG_018353,0,0.18915,0.098605,0.104956
SG_018354,0,0.801207,0.254511,0.223993
SG_018355,0,0.738229,0.21234,0.223733
SG_018356,0,0.424364,0.131537,0.14366
SG_018357,0,0.138,0.090123,0.101312
SG_018358,0,0.301771,0.116244,0.11459
SG_018359,0,0.345229,0.136657,0.078245
SG_018362,0,0.619207,0.190415,0.162791
SG_018363,0,0.567593,0.159824,0.173712
SG_018365,0,0.089293,0.085281,0.078494
SG_018367,0,0.167757,0.099638,0.084093
SG_018369,0,0.594657,0.180442,0.158436
SG_018370,0,0.363721,0.129297,0.113967
SG_018371,1,0.941671,0.314119,0.383346
SG_018373,0,0.90385,0.302884,0.279853
SG_018374,0,0.400157,0.133315,0.126205
SG_018375,0,0.212279,0.105394,0.09397
SG_018376,0,0.447907,0.139432,0.139325
SG_018377,0,0.185171,0.104015,0.076133
SG_018378,0,0.035579,0.072508,0.070363
SG_018380,0,0.971843,0.357175,0.338546
SG_018382,0,0.7886,0.224013,0.264234
SG_018383,0,0.055007,0.078364,0.072452
SG_018384,1,0.231736,0.107575,0.099991
SG_018385,0,0.588564,0.157367,0.19435
SG_018389,0,0.4091,0.139098,0.118146
SG_018390,0,0.065157,0.076464,0.089101
SG_018391,0,0.775357,0.258167,0.195068
SG_018392,1,0.703771,0.165371,0.338492
SG_018393,0,0.038836,0.078159,0.042801
SG_018395,0,0.891957,0.281007,0.312071
SG_018396,1,0.98645,0.387591,0.352679
SG_018397,0,0.778186,0.24553,0.212692
SG_018398,1,0.263457,0.107305,0.120701
SG_018399,0,0.463064,0.134816,0.158587
SG_018400,0,0.222371,0.100687,0.118118
SG_018401,0,0.526686,0.155007,0.155286
SG_018402,0,0.656621,0.179789,0.205413
SG_018403,0,0.856793,0.287585,0.237258
SG_018404,0,0.327786,0.104295,0.167723
SG_018405,1,0.738764,0.252884,0.173644
SG_018406,1,0.83745,0.25704,0.26548
SG_018408,0,0.813243,0.237892,0.268529
SG_018409,0,0.569029,0.162424,0.169478
SG_018412,0,0.307729,0.117309,0.114497
SG_018413,0,0.217514,0.090647,0.146144
SG_018414,0,0.2629,0.112294,0.104209
SG_018415,1,0.972964,0.351163,0.379992
SG_018416,0,0.0431,0.076737,0.063815
SG_018419,0,0.09575,0.090104,0.057511
SG_018421,0,0.631286,0.18624,0.176134
SG_018423,0,0.822157,0.273092,0.219953
SG_018425,0,0.043007,0.074795,0.071572
SG_018428,0,0.368664,0.121466,0.137588
SG_018429,0,0.160914,0.081143,0.138025
SG_018431,0,0.425464,0.12804,0.152529
SG_018432,0,0.307414,0.121939,0.099296
SG_018435,1,0.508471,0.156118,0.143059
SG_018437,0,0.582771,0.154938,0.195443
SG_018438,0,0.8522,0.25179,0.309681
SG_018439,0,0.782543,0.257432,0.202096
SG_018440,1,0.618264,0.170017,0.191504
SG_018443,0,0.89585,0.279215,0.337483
SG_018444,0,0.596607,0.149348,0.224278
SG_018446,0,0.164393,0.099979,0.07861
SG_018447,0,0.701371,0.246337,0.154301
SG_018449,0,0.207057,0.093882,0.13184
SG_018450,0,0.041686,0.077583,0.054925
SG_018451,1,0.298464,0.115086,0.116548
SG_018453,0,0.43495,0.135292,0.14067
SG_018454,0,0.949907,0.326261,0.343178
SG_018456,0,0.391407,0.117731,0.162262
SG_018457,1,0.696379,0.184906,0.237858
SG_018459,0,0.657307,0.172737,0.221003
SG_018460,0,0.531693,0.147477,0.174761
SG_018461,0,0.89925,0.289581,0.302721
SG_018463,1,0.756507,0.238461,0.201517
SG_018464,0,0.091679,0.082424,0.092066
SG_018465,0,0.017886,0.065256,0.063487
SG_018466,1,0.32565,0.117311,0.125205
SG_018467,0,0.161279,0.09864,0.083443
SG_018473,0,0.508043,0.135354,0.1885
SG_018475,0,0.536971,0.149074,0.17512
SG_018477,0,0.717293,0.212148,0.204236
SG_018478,0,0.663671,0.190029,0.195207
SG_018479,0,0.266436,0.110364,0.112976
SG_018480,0,0.258343,0.113112,0.097893
SG_018482,0,0.293943,0.117885,0.104024
SG_018483,1,0.698114,0.217501,0.181793
SG_018484,1,0.61065,0.167919,0.190055
SG_018486,0,0.520793,0.152791,0.155684
SG_018488,1,0.2437,0.111483,0.094189
SG_018489,0,0.2323,0.099596,0.1275
SG_018492,0,0.552521,0.146461,0.192949
SG_018495,0,0.422543,0.131847,0.141808
SG_018496,0,0.040936,0.073514,0.073936
SG_018498,0,0.248886,0.095662,0.149527
SG_018499,0,0.260121,0.097662,0.148989
SG_018500,0,0.449557,0.117605,0.206015
SG_018502,0,0.487221,0.14725,0.145951
SG_018504,0,0.841607,0.280243,0.231171
SG_018507,0,0.450271,0.145204,0.129729
SG_018508,0,0.345486,0.112501,0.151212
SG_018509,0,0.074307,0.077568,0.093944
SG_018512,0,0.985071,0.372863,0.396206
SG_018513,0,0.951657,0.328615,0.339213
SG_018515,0,0.971193,0.369886,0.309949
SG_018516,0,0.525221,0.160788,0.144406
SG_018517,1,0.2869,0.093742,0.182376
SG_018518,0,0.676779,0.221417,0.162587
SG_018521,0,0.906421,0.300655,0.289449
SG_018522,0,0.20705,0.094463,0.129974
SG_018523,0,0.308307,0.109623,0.138916
SG_018527,0,0.345057,0.112229,0.152169
SG_018528,0,0.637086,0.168898,0.210114
SG_018530,0,0.539629,0.152636,0.168383
SG_018532,0,0.235543,0.096438,0.13968
SG_018533,1,0.042986,0.075586,0.068428
SG_018535,0,0.607943,0.160266,0.203825
SG_018538,0,0.810221,0.24991,0.24149
SG_018539,0,0.070786,0.082856,0.068724
SG_018540,1,0.852879,0.264805,0.272764
SG_018541,1,0.45725,0.132438,0.161404
SG_018542,0,0.410379,0.120727,0.16455
SG_018545,1,0.29575,0.114373,0.11748
SG_018546,0,0.177129,0.097654,0.100771
SG_018550,0,0.324086,0.115883,0.128941
SG_018551,1,0.575036,0.156874,0.18503
SG_018552,0,0.902936,0.301183,0.281354
SG_018554,0,0.713057,0.25201,0.156443
SG_018556,0,0.557886,0.166923,0.155392
SG_018557,0,0.28465,0.11548,0.10678
SG_018559,1,0.835364,0.269656,0.240246
SG_018560,0,0.349457,0.124502,0.118294
SG_018561,0,0.066236,0.080033,0.078102
SG_018562,0,0.473264,0.152115,0.129987
SG_018563,0,0.022521,0.064627,0.071221
SG_018564,1,0.917329,0.333625,0.251904
SG_018565,0,0.300321,0.115091,0.117724
SG_018567,0,0.116129,0.087039,0.095287
SG_018570,1,0.4296,0.134919,0.138619
SG_018571,0,0.188721,0.105031,0.073548
SG_018572,1,0.636893,0.169168,0.209466
SG_018574,0,0.386707,0.135626,0.112701
SG_018575,0,0.275343,0.104655,0.135195
SG_018577,0,0.192379,0.105379,0.075758
SG_018578,0,0.709993,0.195622,0.227125
SG_018580,0,0.597171,0.175264,0.16737
SG_018581,0,0.118664,0.085089,0.103391
SG_018582,0,0.28645,0.119484,0.093614
SG_018583,1,0.730014,0.194095,0.257543
SG_018584,0,0.423371,0.12789,0.151293
SG_018585,0,0.962636,0.338715,0.354919
SG_018586,0,0.58165,0.184855,0.145684
SG_018588,0,0.275436,0.11746,0.092468
SG_018589,0,0.149721,0.091115,0.105523
SG_018590,1,0.887057,0.306478,0.247429
SG_018592,0,0.258479,0.114189,0.093738
SG_018593,0,0.435279,0.125268,0.166269
SG_018595,0,0.172871,0.09401,0.111451
SG_018596,0,0.259579,0.103924,0.128782
SG_018597,1,0.625614,0.171651,0.194655
SG_018598,0,0.895129,0.296345,0.276367
SG_018599,0,0.202,0.098354,0.114034
SG_018600,0,0.69325,0.214668,0.182091
SG_018602,0,0.823064,0.248181,0.261886
SG_018604,0,0.15945,0.093899,0.103149
SG_018605,0,0.690407,0.180735,0.239082
SG_018606,0,0.618014,0.179463,0.175927
SG_018607,0,0.588943,0.177969,0.15816
SG_018609,0,0.881407,0.306822,0.240412
SG_018610,0,0.280771,0.113853,0.109903
SG_018613,0,0.301829,0.112605,0.126736
SG_018614,0,0.278164,0.102527,0.143236
SG_018616,1,0.547679,0.156901,0.165416
SG_018618,1,0.363314,0.122836,0.130733
SG_018619,1,0.980464,0.362033,0.417844
SG_018620,0,0.150607,0.091994,0.103759
SG_018622,0,0.204979,0.096873,0.12149
SG_018625,0,0.718207,0.209866,0.208426
SG_018626,1,0.708786,0.207046,0.205182
SG_018627,0,0.930107,0.317694,0.301391
SG_018628,0,0.454171,0.149898,0.123275
SG_018629,0,0.646686,0.183456,0.191511
SG_018630,0,0.082457,0.080114,0.092765
SG_018632,0,0.481436,0.145211,0.14688
SG_018633,0,0.737536,0.232502,0.193685
SG_018634,0,0.930171,0.328243,0.279216
SG_018635,0,0.298357,0.106376,0.142502
SG_018638,0,0.519679,0.134904,0.199273
SG_018640,0,0.383114,0.12721,0.130799
SG_018641,0,0.306536,0.095784,0.188516
SG_018642,0,0.186279,0.101068,0.093314
SG_018643,1,0.506943,0.16249,0.132152
SG_018646,0,0.4695,0.155718,0.122132
SG_018648,0,0.136193,0.084067,0.117134
SG_018649,0,0.946593,0.336438,0.297922
SG_018652,0,0.613321,0.172335,0.183866
SG_018653,0,0.057507,0.070237,0.095795
SG_018654,1,0.153079,0.101044,0.05254
SG_018655,0,0.053186,0.073883,0.085312
SG_018656,0,0.499629,0.134761,0.184224
SG_018657,0,0.420221,0.129769,0.14466
SG_018658,0,0.470386,0.147003,0.137643
SG_018659,0,0.140393,0.089718,0.104261
SG_018660,0,0.040036,0.078813,0.033725
SG_018661,0,0.372357,0.128121,0.122541
SG_018666,1,0.925693,0.324399,0.277448
SG_018667,0,0.743179,0.21028,0.233664
SG_018668,0,0.291814,0.110127,0.12855
SG_018669,0,0.576721,0.168118,0.165177
SG_018671,0,0.456286,0.139232,0.144275
SG_018672,0,0.383971,0.131355,0.121549
SG_018673,0,0.457329,0.155452,0.114762
SG_018674,0,0.362664,0.125291,0.123636
SG_018675,1,0.978464,0.374189,0.328367
SG_018679,0,0.19445,0.099328,0.105507
SG_018681,0,0.518964,0.161126,0.140583
SG_018682,0,0.297079,0.103825,0.149821
SG_018683,0,0.005279,0.05577,0.046786
SG_018684,0,0.130343,0.095708,0.068393
SG_018690,0,0.506179,0.150583,0.150849
SG_018691,0,0.616157,0.175781,0.17998
SG_018692,0,0.813371,0.248484,0.247544
SG_018695,0,0.951786,0.350137,0.289087
SG_018696,1,0.875407,0.333159,0.205673
SG_018698,0,0.073636,0.081175,0.080301
SG_018699,1,0.71725,0.219345,0.1942
SG_018700,0,0.315264,0.113543,0.13128
SG_018701,0,0.254407,0.11634,0.078738
SG_018702,0,0.081064,0.080168,0.091711
SG_018704,0,0.986471,0.456068,0.314214
SG_018706,0,0.549214,0.18193,0.130852
SG_018707,1,0.438379,0.134139,0.144982
SG_018708,0,0.469071,0.142554,0.144313
SG_018712,0,0.514686,0.15262,0.15245
SG_018713,0,0.117593,0.092443,0.074398
SG_018714,0,0.072979,0.067833,0.108949
SG_018715,0,0.029629,0.070499,0.06785
SG_018716,0,0.946243,0.367204,0.26394
SG_018718,0,0.623393,0.177317,0.183023
SG_018719,0,0.610271,0.170952,0.184025
SG_018720,0,0.873029,0.308899,0.227612
SG_018723,0,0.908114,0.310282,0.2727
SG_018724,0,0.650757,0.185443,0.191798
SG_018725,1,0.97965,0.428922,0.299765
SG_018726,0,0.257229,0.110522,0.106437
SG_018727,0,0.411921,0.132398,0.134894
SG_018728,0,0.9938,0.39549,0.465293
SG_018729,0,0.750986,0.234297,0.203207
SG_018730,0,0.680914,0.186971,0.21491
SG_018732,1,0.295664,0.103285,0.150599
SG_018734,0,0.521157,0.138892,0.188445
SG_018735,0,0.460071,0.134397,0.157714
SG_018736,0,0.476964,0.129329,0.18344
SG_018737,1,0.969836,0.358878,0.323806
SG_018739,1,0.831214,0.262135,0.246627
SG_018740,0,0.866121,0.27236,0.28014
SG_018741,0,0.494914,0.145997,0.153547
SG_018742,0,0.965371,0.349078,0.327335
SG_018743,1,0.233721,0.109644,0.09325
SG_018746,0,0.387236,0.136417,0.111334
SG_018747,0,0.407521,0.123906,0.152658
SG_018749,0,0.7259,0.209266,0.21648
SG_018750,0,0.756157,0.221827,0.22659
SG_018751,0,0.509007,0.140291,0.175882
SG_018752,0,0.700429,0.224061,0.176106
SG_018753,1,0.698243,0.208963,0.193118
SG_018754,0,0.171921,0.095064,0.106933
SG_018755,0,0.262293,0.109455,0.113171
SG_018757,0,0.210564,0.098627,0.118085
SG_018759,0,0.5409,0.132007,0.232089
SG_018760,0,0.6585,0.18958,0.191553
SG_018762,0,0.376471,0.119588,0.147463
SG_018763,0,0.235079,0.105752,0.107619
SG_018764,0,0.806571,0.256382,0.226793
SG_018769,0,0.378021,0.122996,0.138353
SG_018771,0,0.282129,0.099512,0.155939
SG_018772,0,0.585279,0.170564,0.166829
SG_018773,0,0.208914,0.095724,0.12726
SG_018774,0,0.032436,0.077137,0.021627
SG_018775,0,0.352814,0.126634,0.114241
SG_018776,1,0.404043,0.139289,0.11452
SG_018777,0,0.648271,0.240404,0.128604
SG_018778,0,0.113207,0.090291,0.080302
SG_018780,0,0.218293,0.105586,0.097299
SG_018781,0,0.206643,0.101478,0.105439
SG_018782,0,0.451257,0.137223,0.145674
SG_018783,0,0.647879,0.195474,0.174864
SG_018784,0,0.043221,0.073449,0.076733
SG_018785,0,0.393621,0.132627,0.124093
SG_018786,0,0.860729,0.26902,0.277673
SG_018790,0,0.163043,0.09685,0.094784
SG_018794,1,0.889507,0.292127,0.275562
SG_018795,0,0.253364,0.114399,0.08885
SG_018796,0,0.056343,0.07475,0.085747
SG_018797,0,0.295229,0.104307,0.147252
SG_018801,0,0.740114,0.217073,0.217727
SG_018802,1,0.91245,0.286895,0.427235
SG_018804,0,0.548907,0.167965,0.147962
SG_018805,0,0.271193,0.104204,0.134515
SG_018807,0,0.352007,0.110254,0.163305
SG_018808,0,0.263586,0.103737,0.131637
SG_018810,0,0.895079,0.316816,0.244009
SG_018812,0,0.606143,0.174014,0.175754
SG_018813,0,0.420464,0.133426,0.137259
SG_018814,1,0.10915,0.085372,0.095644
SG_018815,0,0.074179,0.08244,0.075357
SG_018816,0,0.431171,0.125187,0.163927
SG_018819,0,0.469786,0.121206,0.208292
SG_018820,0,0.480664,0.138545,0.161181
SG_018824,0,0.1952,0.102297,0.093984
SG_018825,0,0.541221,0.162476,0.151115
SG_018827,0,0.744636,0.224629,0.210709
SG_018828,0,0.559057,0.163335,0.161594
SG_018829,0,0.73015,0.210327,0.21884
SG_018830,0,0.916657,0.318811,0.271799
SG_018832,0,0.214529,0.108603,0.081454
SG_018833,0,0.243907,0.104898,0.116313
SG_018835,0,0.754736,0.240698,0.197539
SG_018836,0,0.721164,0.219752,0.196665
SG_018839,0,0.112757,0.087333,0.091759
SG_018840,1,0.301657,0.124557,0.085076
SG_018841,0,0.20015,0.100299,0.105811
SG_018844,1,0.9042,0.294511,0.300502
SG_018845,0,0.765321,0.249888,0.196497
SG_018846,1,0.817614,0.257116,0.238465
SG_018848,0,0.323486,0.111597,0.141776
SG_018849,1,0.925429,0.307417,0.319217
SG_018851,0,0.4195,0.131074,0.141877
SG_018854,0,0.331357,0.114061,0.138552
SG_018855,1,0.905171,0.31676,0.258166
SG_018856,0,0.165971,0.089734,0.120142
SG_018857,0,0.7684,0.195408,0.341637
SG_018858,0,0.517743,0.180269,0.114235
SG_018860,0,0.917879,0.324642,0.26507
SG_018862,0,0.669886,0.183435,0.21157
SG_018863,0,0.326193,0.109126,0.150464
SG_018864,0,0.132807,0.086391,0.108214
SG_018865,0,0.096986,0.079669,0.104121
SG_018866,0,0.690457,0.204346,0.193358
SG_018867,0,0.597093,0.18277,0.157485
SG_018868,0,0.563336,0.147107,0.199326
SG_018869,0,0.207907,0.106912,0.083082
SG_018870,0,0.494857,0.15174,0.142652
SG_018871,1,0.853386,0.269057,0.265991
SG_018872,0,0.081229,0.086367,0.061322
SG_018873,1,0.144214,0.090474,0.104267
SG_018874,0,0.304843,0.117673,0.111575
SG_018876,0,0.039757,0.071348,0.07782
SG_018877,1,0.716343,0.199796,0.224492
SG_018878,0,0.543229,0.156891,0.162706
SG_018879,0,0.246429,0.107975,0.107917
SG_018880,1,0.412793,0.122883,0.15901
SG_018881,1,0.772443,0.215708,0.259887
SG_018882,0,0.306686,0.119485,0.107297
SG_018884,0,0.377864,0.150348,0.0567
SG_018886,0,0.279407,0.100295,0.151581
SG_018887,0,0.453636,0.136002,0.149721
SG_018888,0,0.835793,0.237933,0.31724
SG_018891,0,0.348507,0.131801,0.098003
SG_018892,0,0.551686,0.150315,0.182561
SG_018893,0,0.828036,0.264199,0.239765
SG_018896,0,0.122436,0.096309,0.044156
SG_018897,0,0.841514,0.294584,0.211804
SG_018898,0,0.539121,0.159379,0.155154
SG_018900,0,0.396093,0.141892,0.103458
SG_018903,0,0.696721,0.20548,0.197299
SG_018909,0,0.639064,0.166267,0.219295
SG_018910,0,0.36175,0.114359,0.155252
SG_018911,0,0.616964,0.177068,0.178528
SG_018912,1,0.690543,0.209185,0.186632
SG_018913,0,0.425679,0.108248,0.234348
SG_018914,0,0.274421,0.102529,0.140954
SG_018916,0,0.067229,0.083427,0.059259
SG_018917,0,0.630914,0.19286,0.16689
SG_018919,0,0.890007,0.312669,0.242789
SG_018921,1,0.785443,0.2291,0.247393
SG_018922,1,0.887964,0.290938,0.274821
SG_018923,0,0.306936,0.110757,0.13511
SG_018925,0,0.902321,0.349039,0.220418
SG_018926,0,0.607521,0.198782,0.144007
SG_018927,0,0.319007,0.119622,0.114486
SG_018929,0,0.064107,0.074733,0.092478
SG_018930,1,0.699943,0.214309,0.187247
SG_018931,0,0.011314,0.065023,0.049021
SG_018932,0,0.528014,0.141759,0.185557
SG_018933,1,0.598857,0.149004,0.228219
SG_018934,0,0.392043,0.111888,0.185414
SG_018935,0,0.288771,0.119561,0.095088
SG_018936,1,0.609093,0.202923,0.140902
SG_018937,0,0.476036,0.127135,0.190384
SG_018938,0,0.931557,0.314837,0.313288
SG_018939,0,0.481407,0.135275,0.169595
SG_018943,0,0.581014,0.174758,0.157515
SG_018944,0,0.633114,0.154656,0.247832
SG_018945,0,0.480436,0.154079,0.130736
SG_018946,0,0.312871,0.125188,0.091875
SG_018947,0,0.041614,0.073319,0.075315
SG_018948,0,0.696614,0.204931,0.198114
SG_018949,0,0.771943,0.284928,0.166476
SG_018950,0,0.089564,0.082936,0.088378
SG_018951,0,0.392664,0.122871,0.146749
SG_018952,1,0.834236,0.237543,0.314054
SG_018953,0,0.453786,0.126094,0.177121
SG_018954,0,0.952464,0.33678,0.31057
SG_018955,0,0.539,0.172074,0.137078
SG_018956,0,0.140864,0.089043,0.106413
SG_018957,0,0.018079,0.069635,0.04719
SG_018958,0,0.214464,0.10027,0.114735
SG_018959,0,0.445986,0.132438,0.153777
SG_018960,0,0.735693,0.222919,0.204768
SG_018961,0,0.637864,0.175878,0.196206
SG_018962,0,0.263436,0.095088,0.160828
SG_018963,0,0.863007,0.283556,0.251857
SG_018964,0,0.227993,0.115177,0.046825
SG_018967,0,0.74945,0.206332,0.251127
SG_018969,0,0.719371,0.220818,0.193899
SG_018971,0,0.472279,0.153224,0.127554
SG_018973,0,0.553364,0.174565,0.141281
SG_018974,0,0.763907,0.247594,0.197858
SG_018975,1,0.090336,0.078776,0.101798
SG_018976,0,0.244179,0.108057,0.106371
SG_018977,1,0.224264,0.102543,0.112558
SG_018979,0,0.211771,0.102017,0.106477
SG_018980,0,0.081421,0.079403,0.094232
SG_018982,0,0.439057,0.150159,0.113645
SG_018983,0,0.641464,0.186376,0.183229
SG_018985,0,0.256207,0.105207,0.122919
SG_018986,0,0.223371,0.099971,0.121387
SG_018987,0,0.3538,0.114265,0.150384
SG_018988,0,0.721407,0.201508,0.226946
SG_018989,0,0.252,0.10349,0.125789
SG_018991,0,0.7755,0.245861,0.209941
SG_018992,0,0.241214,0.105514,0.112836
SG_018993,0,0.554071,0.160719,0.162496
SG_018994,1,0.83385,0.247885,0.281568
SG_018995,0,0.266293,0.111509,0.108959
SG_018996,0,0.185086,0.089066,0.132507
SG_018997,1,0.901929,0.322827,0.244497
SG_018998,0,0.110093,0.089784,0.07954
SG_018999,1,0.867093,0.298255,0.234456
SG_019000,1,0.392257,0.132082,0.124518
SG_019001,0,0.59965,0.161893,0.193144
SG_019002,0,0.801193,0.242588,0.242063
SG_019003,0,0.541371,0.157418,0.160535
SG_019004,0,0.543157,0.163686,0.150634
SG_019005,0,0.628757,0.190111,0.169288
SG_019007,0,0.515836,0.140821,0.179108
SG_019008,0,0.112764,0.09105,0.075982
SG_019009,0,0.484264,0.158574,0.125746
SG_019010,1,0.361914,0.119038,0.140851
SG_019011,0,0.068436,0.0778,0.088382
SG_019013,0,0.145229,0.083047,0.124845
SG_019017,0,0.704371,0.181661,0.254493
SG_019020,0,0.691907,0.216443,0.179016
SG_019021,0,0.871357,0.293227,0.247226
SG_019022,0,0.765,0.217481,0.245061
SG_019024,0,0.134293,0.085608,0.11184
SG_019025,0,0.023907,0.067573,0.067189
SG_019026,0,0.253743,0.101078,0.135024
SG_019027,1,0.914193,0.300914,0.306727
SG_019029,1,0.976057,0.406639,0.296588
SG_019031,0,0.219307,0.099858,0.119267
SG_019032,0,0.579379,0.159627,0.182525
SG_019033,0,0.589721,0.150686,0.212781
SG_019034,0,0.418507,0.11972,0.17439
SG_019035,0,0.391636,0.140237,0.104636
SG_019037,0,0.373893,0.126472,0.127206
SG_019040,1,0.900629,0.282972,0.337236
SG_019043,0,0.331286,0.109375,0.152584
SG_019045,0,0.326879,0.120582,0.116072
SG_019046,0,0.337443,0.118194,0.129426
SG_019047,0,0.559764,0.148025,0.194069
SG_019048,0,0.32855,0.121001,0.115575
SG_019049,0,0.124971,0.087634,0.099954
SG_019050,0,0.549543,0.156219,0.16815
SG_019052,0,0.926857,0.337447,0.259935
SG_019055,0,0.230843,0.101526,0.120472
SG_019056,0,0.376464,0.111751,0.175062
SG_019057,0,0.811586,0.282792,0.198333
SG_019059,1,0.630343,0.21364,0.142176
SG_019060,0,0.595111,0.169485,0.175713
SG_019061,0,0.569407,0.177532,0.14678
SG_019062,0,0.038886,0.072552,0.074107
SG_019063,1,0.803729,0.245015,0.241456
SG_019064,0,0.401364,0.124654,0.147418
SG_019065,0,0.122407,0.096846,0.029569
SG_019066,0,0.26695,0.119265,0.076412
SG_019067,0,0.27205,0.109265,0.119969
SG_019068,0,0.003193,0.062433,0.01266
SG_019070,0,0.304864,0.105912,0.147549
SG_019072,1,0.818821,0.246024,0.260173
SG_019073,0,0.263743,0.115285,0.092919
SG_019074,0,0.348671,0.121331,0.126804
SG_019075,0,0.923429,0.309889,0.305633
SG_019076,0,0.445179,0.129877,0.160183
SG_019077,0,0.172271,0.09428,0.109574
SG_019078,0,0.63365,0.150438,0.267623
SG_019079,0,0.469,0.126795,0.185874
SG_019080,0,0.08295,0.084899,0.074213
SG_019081,0,0.950143,0.340502,0.298853
SG_019085,0,0.20255,0.102678,0.097657
SG_019086,0,0.190636,0.103096,0.086357
SG_019088,0,0.09095,0.080988,0.096101
SG_019089,0,0.174457,0.099607,0.090468
SG_019090,0,0.110971,0.08621,0.094558
SG_019091,0,0.153114,0.096797,0.086623
SG_019093,1,0.872229,0.274775,0.285207
SG_019094,0,0.506907,0.149407,0.153781
SG_019095,0,0.6009,0.175798,0.16864
SG_019096,0,0.035329,0.072162,0.071451
SG_019097,0,0.241814,0.104213,0.117586
SG_019099,0,0.278143,0.094584,0.172471
SG_019100,0,0.3274,0.119079,0.12162
SG_019101,0,0.619864,0.175415,0.183367
SG_019103,0,0.908193,0.33476,0.239034
SG_019104,0,0.104793,0.079446,0.109605
SG_019107,0,0.730021,0.233288,0.187102
SG_019108,0,0.927764,0.355123,0.245947
SG_019110,0,0.643507,0.169169,0.215374
SG_019111,0,0.23055,0.113825,0.067455
SG_019112,0,0.182071,0.091849,0.123545
SG_019113,1,0.77525,0.234226,0.226648
SG_019114,0,0.708707,0.187829,0.244473
SG_019116,0,0.138307,0.095028,0.081429
SG_019118,0,0.470336,0.13459,0.163903
SG_019121,0,0.562693,0.154574,0.180975
SG_019122,0,0.915829,0.305257,0.298793
SG_019123,0,0.289007,0.114592,0.112782
SG_019124,1,0.699564,0.199578,0.208271
SG_019125,0,0.155279,0.095791,0.09286
SG_019126,0,0.627629,0.162864,0.215309
SG_019127,0,0.3608,0.125805,0.121219
SG_019128,0,0.6893,0.191968,0.214199
SG_019129,0,0.543843,0.162717,0.152506
SG_019130,0,0.221114,0.095127,0.135792
SG_019132,1,0.507679,0.14129,0.172202
SG_019133,0,0.016886,0.066958,0.055443
SG_019134,0,0.525671,0.157591,0.149944
SG_019135,0,0.126321,0.078708,0.124234
SG_019136,0,0.3915,0.118332,0.160519
SG_019137,0,0.004864,0.057754,0.044069
SG_019138,0,0.994543,0.480963,0.355669
SG_019139,0,0.251407,0.111022,0.101101
SG_019140,1,0.56845,0.172417,0.153124
SG_019141,0,0.310636,0.102093,0.164655
SG_019143,0,0.535614,0.135458,0.211554
SG_019144,0,0.225279,0.108501,0.091674
SG_019145,0,0.788107,0.234023,0.242096
SG_019148,0,0.884621,0.285534,0.282119
SG_019151,0,0.715757,0.212718,0.202014
SG_019152,0,0.389957,0.112254,0.182866
SG_019153,0,0.6094,0.181899,0.166322
SG_019154,0,0.337479,0.115542,0.137619
SG_019155,1,0.122536,0.085273,0.105155
SG_019156,0,0.549964,0.153786,0.173506
SG_019157,1,0.153614,0.086123,0.122221
SG_019158,0,0.176,0.098529,0.096436
SG_019159,0,0.945936,0.339956,0.289798
SG_019160,0,0.570593,0.16861,0.160449
SG_019161,0,0.673729,0.198881,0.18794
SG_019163,0,0.296721,0.117053,0.108496
SG_019164,0,0.674679,0.205495,0.180407
SG_019165,1,0.868193,0.294018,0.241817
SG_019166,0,0.824071,0.258725,0.243076
SG_019168,1,0.701879,0.227379,0.173521
SG_019170,0,0.918893,0.308651,0.298636
SG_019172,0,0.859786,0.299558,0.224263
SG_019173,0,0.547671,0.170852,0.143293
SG_019174,0,0.793621,0.230536,0.255705
SG_019175,0,0.634807,0.18056,0.186291
SG_019177,1,0.919521,0.325383,0.266312
SG_019178,0,0.846929,0.271971,0.251322
SG_019179,0,0.812436,0.270874,0.213464
SG_019180,0,0.768214,0.257667,0.189805
SG_019181,0,0.601486,0.184239,0.158346
SG_019182,1,0.456114,0.113829,0.235152
SG_019183,0,0.620529,0.158607,0.220539
SG_019185,0,0.567136,0.182909,0.13969
SG_019186,0,0.849514,0.302996,0.21038
SG_019188,1,0.18605,0.097295,0.108028
SG_019189,0,0.588579,0.164311,0.18056
SG_019191,0,0.7495,0.209172,0.243574
SG_019192,0,0.810793,0.256299,0.231951
SG_019193,0,0.592757,0.203072,0.131991
SG_019194,1,0.894557,0.308289,0.255638
SG_019195,1,0.434257,0.124507,0.168325
SG_019196,0,0.624293,0.197013,0.15604
SG_019199,0,0.693036,0.190701,0.221001
SG_019200,0,0.407986,0.134593,0.127419
SG_019202,0,0.20965,0.099446,0.114582
SG_019205,1,0.730771,0.214253,0.213684
SG_019206,0,0.636936,0.21547,0.144018
SG_019207,0,0.366986,0.125461,0.125495
SG_019210,0,0.86635,0.303872,0.226382
SG_019213,1,0.404086,0.12905,0.137836
SG_019214,1,0.715429,0.205332,0.214192
SG_019215,0,0.119164,0.085037,0.103915
SG_019216,1,0.859979,0.297797,0.22662
SG_019218,0,0.2111,0.093859,0.134168
SG_019219,1,0.525079,0.148051,0.168327
SG_019220,0,0.610293,0.185746,0.162418
SG_019224,0,0.361486,0.134786,0.098337
SG_019226,1,0.977857,0.382034,0.31456
SG_019227,0,0.399439,0.12666,0.140753
SG_019228,0,0.069671,0.084532,0.054712
SG_019229,0,0.697243,0.198242,0.208482
SG_019230,0,0.301186,0.126302,0.076186
SG_019231,1,0.8232,0.248534,0.261323
SG_019232,1,0.133621,0.086202,0.109673
SG_019233,0,0.2539,0.101363,0.133954
SG_019234,0,0.774071,0.232312,0.228313
SG_019235,0,0.608986,0.167249,0.190712
SG_019236,0,0.105636,0.085222,0.093818
SG_019238,0,0.365929,0.132492,0.1072
SG_019239,0,0.796,0.258317,0.212912
SG_019240,0,0.352336,0.114953,0.147616
SG_019241,0,0.192057,0.108475,0.047418
SG_019242,0,0.126079,0.087373,0.101178
SG_019243,0,0.119064,0.089338,0.090252
SG_019250,0,0.102393,0.085055,0.091899
SG_019252,1,0.965093,0.344932,0.339614
SG_019256,0,0.181321,0.099235,0.097159
SG_019257,0,0.835457,0.263635,0.250025
SG_019258,0,0.159671,0.095633,0.096861
SG_019260,0,0.181021,0.096749,0.107068
SG_019261,0,0.814436,0.273137,0.212161
SG_019262,0,0.470829,0.132124,0.171293
SG_019263,0,0.433379,0.128679,0.155522
SG_019264,0,0.311414,0.106665,0.14881
SG_019268,0,0.775343,0.227004,0.239887
SG_019269,0,0.0156,0.06381,0.061692
SG_019277,0,0.516907,0.147123,0.164948
SG_019278,1,0.365721,0.117732,0.145878
SG_019279,1,0.609764,0.183999,0.163969
SG_019280,0,0.838,0.287118,0.216884
SG_019281,0,0.57495,0.172965,0.156146
SG_019283,0,0.371257,0.120839,0.140295
SG_019284,1,0.268129,0.106012,0.126779
SG_019285,0,0.25915,0.106794,0.119352
SG_019287,0,0.306693,0.107887,0.143228
SG_019288,0,0.652657,0.22548,0.143765
SG_019290,0,0.3744,0.121929,0.139108
SG_019291,0,0.285936,0.123665,0.072437
SG_019292,0,0.636818,0.191728,0.172779
SG_019293,0,0.20945,0.111245,0.054106
SG_019294,0,0.025136,0.07357,0.043271
SG_019297,0,0.289643,0.10584,0.139115
SG_019299,0,0.441043,0.116065,0.206218
SG_019301,0,0.357164,0.122681,0.127669
SG_019303,0,0.953507,0.3339,0.32353
SG_019304,0,0.217229,0.105044,0.099008
SG_019305,0,0.471379,0.127848,0.184408
SG_019306,0,0.823736,0.233219,0.304624
SG_019307,0,0.912486,0.338006,0.240407
SG_019308,0,0.306993,0.114774,0.123105
SG_019309,0,0.719871,0.239357,0.172779
SG_019310,0,0.403914,0.120297,0.162332
SG_019312,0,0.143536,0.091218,0.101288
SG_019313,0,0.168071,0.09699,0.097547
SG_019317,0,0.947814,0.352989,0.277877
SG_019318,0,0.987543,0.392798,0.349258
SG_019319,0,0.130386,0.095886,0.066625
SG_019320,1,0.65755,0.173455,0.219197
SG_019322,0,0.430393,0.138573,0.131599
SG_019323,0,0.504879,0.160954,0.133142
SG_019324,0,0.381929,0.131046,0.121071
SG_019327,0,0.617036,0.175205,0.181795
SG_019329,0,0.159436,0.098391,0.083558
SG_019331,0,0.654979,0.201747,0.170899
SG_019332,1,0.227564,0.106487,0.100369
SG_019334,0,0.735086,0.222833,0.204558
SG_019335,0,0.573457,0.167031,0.165498
SG_019337,0,0.095271,0.086964,0.076569
SG_019338,0,0.288164,0.123844,0.074269
SG_019340,0,0.025979,0.072779,0.050873
SG_019341,0,0.409843,0.135297,0.126815
SG_019342,1,0.922136,0.29753,0.365247
SG_019343,0,0.314707,0.113851,0.130169
SG_019344,0,0.6036,0.138243,0.288997
SG_019345,0,0.813443,0.275962,0.207232
SG_019347,0,0.892579,0.296798,0.270972
SG_019348,0,0.356964,0.137203,0.08781
SG_019349,1,0.9107,0.304217,0.289844
SG_019350,0,0.611357,0.193698,0.15335
SG_019351,1,0.628557,0.157417,0.232484
SG_019353,0,0.564393,0.148575,0.196871
SG_019354,0,0.550693,0.200636,0.109423
SG_019355,0,0.298571,0.122454,0.091323
SG_019356,0,0.668471,0.199734,0.183089
SG_019357,0,0.928686,0.32763,0.277011
SG_019359,0,0.494364,0.141277,0.16307
SG_019360,0,0.807979,0.267297,0.213366
SG_019361,0,0.39665,0.125215,0.142886
SG_019363,0,0.394814,0.127048,0.137676
SG_019364,0,0.071064,0.079689,0.084167
SG_019365,0,0.515793,0.164735,0.134172
SG_019366,0,0.926936,0.311095,0.311081
SG_019367,0,0.912586,0.304122,0.294592
SG_019369,0,0.193657,0.0958,0.118038
SG_019370,1,0.851371,0.284363,0.236199
SG_019372,0,0.5558,0.16499,0.156446
SG_019377,0,0.922264,0.311506,0.299047
SG_019378,0,0.537636,0.146081,0.182692
SG_019379,0,0.82105,0.264253,0.231078
SG_019380,0,0.028586,0.068421,0.071736
SG_019381,0,0.033471,0.07254,0.067252
SG_019382,0,0.887271,0.301366,0.255517
SG_019383,0,0.299807,0.112683,0.125164
SG_019384,0,0.793736,0.219798,0.284193
SG_019385,0,0.425679,0.133342,0.140132
SG_019387,0,0.914114,0.295237,0.32741
SG_019389,0,0.56395,0.146566,0.202386
SG_019390,0,0.587757,0.142136,0.241009
SG_019391,0,0.016214,0.068069,0.049741
SG_019392,1,0.980814,0.419219,0.304531
SG_019393,0,0.102771,0.088428,0.077887
SG_019395,0,0.052786,0.081243,0.046598
SG_019396,1,0.836707,0.268686,0.243059
SG_019397,0,0.71685,0.209031,0.209024
SG_019399,0,0.222071,0.102775,0.11011
SG_019400,1,0.8767,0.277994,0.285233
SG_019401,0,0.106307,0.077172,0.115567
SG_019402,0,0.292386,0.107816,0.13572
SG_019403,0,0.671829,0.19854,0.186999
SG_019404,0,0.857436,0.280343,0.250013
SG_019405,0,0.186929,0.095959,0.113479
SG_019406,0,0.464307,0.121707,0.200969
SG_019407,0,0.08255,0.079994,0.09321
SG_019409,0,0.071929,0.073148,0.101402
SG_019410,0,0.376771,0.124975,0.132541
SG_019412,0,0.207329,0.10201,0.10369
SG_019413,0,0.453629,0.139814,0.141535
SG_019414,0,0.922157,0.302967,0.324586
SG_019415,0,0.4649,0.115691,0.233224
SG_019416,0,0.476364,0.154124,0.128349
SG_019417,0,0.257979,0.106221,0.120392
SG_019418,1,0.501343,0.134818,0.185093
SG_019420,0,0.105586,0.084945,0.094928
SG_019422,1,0.697564,0.252443,0.147179
SG_019423,0,0.058571,0.065716,0.101565
SG_019424,0,0.540129,0.178812,0.129378
SG_019426,0,0.319957,0.107981,0.150218
SG_019429,0,0.753107,0.232039,0.207479
SG_019430,0,0.43915,0.123349,0.17563
SG_019434,0,0.815021,0.258771,0.232108
SG_019435,0,0.987557,0.386201,0.3656
SG_019438,0,0.452221,0.139538,0.141238
SG_019439,1,0.888221,0.286821,0.286179
SG_019441,0,0.814436,0.26156,0.227695
SG_019443,0,0.574429,0.152727,0.194015
SG_019444,0,0.500371,0.153843,0.141879
SG_019445,1,0.827243,0.270683,0.229408
SG_019448,0,0.841043,0.273431,0.240735
SG_019450,1,0.904157,0.305765,0.27347
SG_019451,0,0.219014,0.102983,0.107348
SG_019453,0,0.954693,0.344591,0.302326
SG_019454,0,0.749564,0.229911,0.207016
SG_019457,0,0.208836,0.095209,0.128575
SG_019459,0,0.316993,0.095429,0.198183
SG_019460,0,0.367471,0.133513,0.105648
SG_019461,0,0.661464,0.196417,0.183149
SG_019462,1,0.646486,0.201366,0.16528
SG_019463,0,0.90205,0.285957,0.323633
SG_019464,0,0.739571,0.215429,0.22057
SG_019465,0,0.062721,0.080853,0.069908
SG_019467,1,0.331886,0.114336,0.138233
SG_019469,0,0.611793,0.159806,0.208048
SG_019472,0,0.43085,0.131831,0.146597
SG_019474,1,0.153014,0.092952,0.102377
SG_019475,0,0.292514,0.110405,0.128045
SG_019476,0,0.643364,0.200132,0.164601
SG_019477,0,0.960443,0.341381,0.326855
SG_019479,0,0.307836,0.11724,0.114747
SG_019480,0,0.686136,0.194308,0.207105
SG_019481,0,0.625414,0.182439,0.177375
SG_019482,0,0.736479,0.219089,0.210957
SG_019483,1,0.494093,0.146814,0.15112
SG_019484,1,0.929993,0.301514,0.447961
SG_019486,0,0.776557,0.247775,0.208592
SG_019487,1,0.178464,0.095363,0.110129
SG_019490,0,0.227407,0.086538,0.163799
SG_019492,0,0.538607,0.154188,0.16468
SG_019493,0,0.348764,0.124185,0.118972
SG_019494,0,0.4258,0.138475,0.129291
SG_019495,0,0.529614,0.167543,0.138221
SG_019497,0,0.066521,0.078425,0.084396
SG_019499,1,0.355543,0.123649,0.124163
SG_019500,0,0.308564,0.103019,0.159989
SG_019501,1,0.851986,0.27989,0.243703
SG_019502,1,0.632243,0.178389,0.187973
SG_019503,0,0.239979,0.102475,0.122321
SG_019504,1,0.602521,0.186449,0.155912
SG_019505,0,0.515579,0.14888,0.160773
SG_019506,0,0.154786,0.09371,0.100893
SG_019507,0,0.922757,0.304211,0.320776
SG_019508,0,0.565186,0.167059,0.160276
SG_019509,0,0.502636,0.140494,0.170746
SG_019511,1,0.979993,0.37423,0.336338
SG_019512,0,0.289143,0.105975,0.138576
SG_019513,1,0.400671,0.114436,0.181713
SG_019514,0,0.495857,0.146283,0.1535
SG_019515,0,0.835064,0.244348,0.292646
SG_019517,0,0.761514,0.2225,0.23152
SG_019518,0,0.452257,0.139762,0.140879
SG_019520,0,0.995014,0.411647,0.400825
SG_019521,0,0.685971,0.198887,0.197726
SG_019522,1,0.224757,0.109074,0.088871
SG_019524,0,0.891821,0.302302,0.260801
SG_019525,1,0.823457,0.264234,0.234151
SG_019526,0,0.627643,0.199952,0.154758
SG_019528,0,0.556264,0.159077,0.167102
SG_019529,1,0.997279,0.420633,0.463341
SG_019531,0,0.605671,0.179201,0.167636
SG_019533,1,0.685043,0.208047,0.184423
SG_019535,0,0.463979,0.135873,0.156273
SG_019536,0,0.9165,0.289072,0.62644
SG_019537,0,0.869464,0.280105,0.268363
SG_019538,0,0.095536,0.085221,0.085184
SG_019539,0,0.464771,0.140046,0.14752
SG_019542,1,0.975807,0.37144,0.321981
SG_019544,0,0.693264,0.212125,0.184544
SG_019545,0,0.8525,0.278461,0.246021
SG_019546,0,0.45205,0.131888,0.159544
SG_019547,0,0.768736,0.213336,0.259912
SG_019548,0,0.986657,0.430644,0.318286
SG_019549,0,0.410429,0.117495,0.176137
SG_019550,0,0.885143,0.318774,0.230181
SG_019551,0,0.061043,0.078492,0.078306
SG_019552,0,0.485193,0.142887,0.153162
SG_019554,0,0.24855,0.107925,0.109567
SG_019555,0,0.92035,0.300147,0.330596
SG_019556,1,0.189971,0.101087,0.095885
SG_019557,0,0.099964,0.081837,0.10008
SG_019559,1,0.448721,0.131023,0.159717
SG_019560,0,0.508814,0.160202,0.136535
SG_019561,0,0.154014,0.090021,0.112047
SG_019565,0,0.250764,0.102061,0.129765
SG_019566,0,0.948407,0.359765,0.27293
SG_019568,0,0.679993,0.176308,0.238106
SG_019569,0,0.395007,0.12541,0.141057
SG_019571,0,0.398193,0.126819,0.139741
SG_019572,0,0.323671,0.113704,0.135628
SG_019573,0,0.379086,0.111119,0.179186
SG_019574,0,0.311964,0.1247,0.09344
SG_019575,1,0.514421,0.13539,0.193411
SG_019576,0,0.954864,0.362195,0.282218
SG_019578,0,0.107379,0.085327,0.094818
SG_019579,0,0.658471,0.163365,0.249244
SG_019580,0,0.954321,0.364985,0.278612
SG_019581,0,0.635707,0.189577,0.175027
SG_019582,0,0.670514,0.176396,0.226245
SG_019584,0,0.303621,0.109485,0.136751
SG_019586,0,0.899143,0.306764,0.264932
SG_019589,0,0.415329,0.12336,0.159264
SG_019590,0,0.832571,0.264161,0.24471
SG_019592,0,0.901986,0.292047,0.302103
SG_019594,1,0.877779,0.29658,0.249796
SG_019595,0,0.93025,0.311799,0.319224
SG_019596,0,0.670121,0.201722,0.181775
SG_019597,0,0.148407,0.089722,0.109294
SG_019600,0,0.96695,0.351939,0.328
SG_019601,0,0.142136,0.087167,0.112307
SG_019603,0,0.196486,0.095447,0.12088
SG_019604,0,0.323829,0.121634,0.110965
SG_019605,0,0.78385,0.229606,0.244274
SG_019606,0,0.231386,0.100357,0.124674
SG_019607,0,0.050243,0.07022,0.090425
SG_019608,0,0.344229,0.119732,0.128976
SG_019610,0,0.350993,0.125292,0.116534
SG_019611,0,0.409614,0.132169,0.133838
SG_019612,0,0.069343,0.081134,0.076178
SG_019613,0,0.935671,0.335502,0.276667
SG_019614,0,0.924607,0.371249,0.232041
SG_019615,0,0.014043,0.067045,0.048204
SG_019616,0,0.780621,0.274575,0.182537
SG_019617,0,0.152821,0.092375,0.104229
SG_019618,0,0.329021,0.1114,0.145373
SG_019619,0,0.328893,0.121265,0.115117
SG_019622,0,0.215936,0.093332,0.138384
SG_019623,0,0.656614,0.148742,0.343162
SG_019626,0,0.571229,0.156088,0.184147
SG_019628,1,0.864886,0.330513,0.198494
SG_019629,0,0.495029,0.138628,0.170281
SG_019630,1,0.586186,0.175219,0.160453
SG_019631,0,0.50395,0.150034,0.150503
SG_019632,0,0.317629,0.111163,0.139692
SG_019633,0,0.821643,0.252804,0.251209
SG_019634,0,0.929714,0.318329,0.299293
SG_019636,0,0.653736,0.180357,0.202166
SG_019637,0,0.955457,0.339487,0.313585
SG_019640,0,0.343457,0.120169,0.127236
SG_019641,0,0.549429,0.163756,0.154702
SG_019643,1,0.476286,0.140417,0.153395
SG_019644,0,0.791171,0.219033,0.28185
SG_019646,0,0.726671,0.199198,0.238229
SG_019649,0,0.960343,0.372502,0.282698
SG_019651,0,0.819071,0.28043,0.207426
SG_019653,0,0.178879,0.095865,0.108614
SG_019655,0,0.963221,0.355617,0.308358
SG_019656,0,0.385479,0.130018,0.125082
SG_019658,0,0.677507,0.205084,0.183175
SG_019659,0,0.629043,0.198796,0.15665
SG_019663,0,0.279593,0.099359,0.154968
SG_019664,0,0.5495,0.153425,0.174207
SG_019668,1,0.936493,0.325237,0.299013
SG_019669,0,0.2727,0.10437,0.13445
SG_019670,0,0.100514,0.089408,0.071145
SG_019671,0,0.371164,0.127865,0.122499
SG_019672,1,0.058879,0.073866,0.090607
SG_019673,0,0.132379,0.087863,0.104132
SG_019674,0,0.175093,0.104827,0.052036
SG_019675,0,0.0654,0.0798,0.078035
SG_019677,0,0.732664,0.198799,0.245566
SG_019678,0,0.3448,0.129936,0.100257
SG_019681,0,0.00695,0.061166,0.046801
SG_019682,1,0.365743,0.106488,0.186244
SG_019684,0,0.678086,0.21593,0.169594
SG_019685,0,0.657714,0.172902,0.221097
SG_019686,1,0.285779,0.110523,0.12385
SG_019687,0,0.479636,0.143631,0.148733
SG_019688,0,0.097571,0.084511,0.090222
SG_019692,0,0.857371,0.276609,0.256001
SG_019693,1,0.663043,0.188817,0.196499
SG_019694,1,0.712321,0.212716,0.198789
SG_019696,0,0.654546,0.196558,0.177798
SG_019697,1,0.540829,0.162888,0.150322
SG_019699,0,0.368564,0.119983,0.141589
SG_019700,0,0.396136,0.127572,0.137197
SG_019701,0,0.857257,0.294076,0.228833
SG_019702,0,0.542521,0.158129,0.160243
SG_019703,1,0.641136,0.187812,0.181044
SG_019704,0,0.680807,0.197584,0.195726
SG_019705,0,0.36335,0.112418,0.163273
SG_019706,0,0.7409,0.226402,0.204668
SG_019707,0,0.878629,0.304509,0.239848
SG_019708,1,0.460643,0.136695,0.152658
SG_019709,0,0.649057,0.191507,0.182179
SG_019712,0,0.168493,0.092886,0.112674
SG_019713,0,0.814329,0.238932,0.267461
SG_019714,0,0.741764,0.209879,0.232763
SG_019715,0,0.908864,0.317194,0.262551
SG_019717,0,0.496593,0.158619,0.132496
SG_019718,0,0.552886,0.172434,0.143871
SG_019719,1,0.571793,0.157386,0.181715
SG_019720,0,0.063793,0.07601,0.089417
SG_019721,0,0.591464,0.168984,0.174153
SG_019722,0,0.978786,0.389654,0.311465
SG_019723,0,0.072671,0.08499,0.056732
SG_019725,0,0.086179,0.082847,0.085712
SG_019726,0,0.082593,0.080271,0.092514
SG_019730,1,0.246607,0.097336,0.14294
SG_019731,0,0.265164,0.097634,0.152444
SG_019732,0,0.063543,0.080815,0.071507
SG_019734,1,0.842193,0.250224,0.290947
SG_019735,0,0.759636,0.240114,0.20271
SG_019736,0,0.938929,0.325278,0.304217
SG_019737,0,0.302086,0.115956,0.115594
SG_019739,0,0.6826,0.197935,0.19655
SG_019741,0,0.244493,0.100415,0.131978
SG_019742,0,0.706729,0.190819,0.236303
SG_019743,0,0.8562,0.271824,0.265325
SG_019744,0,0.653836,0.18774,0.190479
SG_019745,0,0.578629,0.166053,0.170541
SG_019748,0,0.530657,0.146043,0.177694
SG_019749,0,0.479636,0.15043,0.136538
SG_019751,0,0.080686,0.086028,0.063319
SG_019752,1,0.353279,0.110234,0.164275
SG_019753,0,0.243343,0.106493,0.110471
SG_019754,0,0.261429,0.111965,0.104293
SG_019757,0,0.855871,0.284916,0.240361
SG_019758,0,0.180079,0.0943,0.114347
SG_019759,0,0.15065,0.0967,0.084792
SG_019760,0,0.107207,0.092648,0.056172
SG_019762,0,0.146457,0.084524,0.122392
SG_019763,0,0.62625,0.173941,0.190656
SG_019765,0,0.180736,0.08681,0.135462
SG_019768,0,0.492786,0.135199,0.177896
SG_019770,0,0.934257,0.335999,0.273236
SG_019771,0,0.938907,0.335687,0.282903
SG_019772,0,0.269036,0.111783,0.109831
SG_019773,0,0.908121,0.317285,0.261148
SG_019774,0,0.137782,0.099267,0.03388
SG_019775,0,0.055521,0.076274,0.080847
SG_019776,1,0.974036,0.360091,0.346804
SG_019777,0,0.360193,0.122362,0.130509
SG_019778,0,0.264079,0.101326,0.139479
SG_019780,1,0.3076,0.110885,0.135082
SG_019781,0,0.6552,0.210437,0.160319
SG_019785,1,0.719,0.223059,0.190825
SG_019786,0,0.61215,0.169705,0.187074
SG_019787,1,0.378914,0.116867,0.15667
SG_019788,0,0.837736,0.287031,0.216809
SG_019789,0,0.823886,0.252955,0.254018
SG_019790,0,0.857107,0.271123,0.267713
SG_019794,0,0.76555,0.228243,0.226214
SG_019795,1,0.427286,0.155616,0.095101
SG_019796,1,0.583271,0.180054,0.151433
SG_019798,0,0.706879,0.202317,0.210856
SG_019799,0,0.623129,0.193861,0.160837
SG_019803,1,0.548443,0.152299,0.175704
SG_019805,0,0.657386,0.187986,0.192977
SG_019806,0,0.9757,0.362684,0.346312
SG_019808,0,0.835886,0.260473,0.256317
SG_019810,0,0.710686,0.218933,0.189356
SG_019813,1,0.551729,0.15254,0.177619
SG_019814,0,0.685907,0.205968,0.187939
SG_019815,0,0.049021,0.079585,0.054113
SG_019816,0,0.748414,0.217044,0.226699
SG_019817,0,0.3641,0.123539,0.129172
SG_019818,0,0.408071,0.136811,0.123039
SG_019820,0,0.769071,0.225821,0.234425
SG_019821,0,0.960371,0.368142,0.287525
SG_019822,0,0.105014,0.074182,0.120569
SG_019823,0,0.963914,0.392618,0.276975
SG_019824,0,0.034986,0.070892,0.07378
SG_019825,1,0.870121,0.280682,0.268044
SG_019826,0,0.291121,0.105277,0.142088
SG_019827,0,0.089571,0.076497,0.106385
SG_019829,1,0.518407,0.156812,0.147354
SG_019831,0,0.32605,0.102103,0.175532
SG_019833,0,0.692664,0.207502,0.190942
SG_019834,0,0.510293,0.151625,0.151438
SG_019836,1,0.740679,0.205137,0.242355
SG_019837,0,0.5762,0.177815,0.150247
SG_019840,0,0.032936,0.076486,0.038145
SG_019841,0,0.765021,0.229018,0.223757
SG_019843,0,0.602214,0.176391,0.169155
SG_019844,0,0.108107,0.084734,0.097507
SG_019845,0,0.434836,0.13949,0.13204
SG_019847,0,0.124529,0.089524,0.093839
SG_019848,1,0.696036,0.193832,0.217542
SG_019850,0,0.857157,0.258365,0.299158
SG_019855,0,0.04035,0.074163,0.071063
SG_019856,1,0.747536,0.25397,0.17874
SG_019860,0,0.169343,0.101484,0.074799
SG_019861,1,0.759279,0.237645,0.205277
SG_019862,0,0.235907,0.104211,0.114009
SG_019863,0,0.105793,0.092104,0.058235
SG_019866,1,0.140957,0.092003,0.097043
SG_019867,0,0.907486,0.332265,0.240652
SG_019870,1,0.784686,0.247903,0.216031
SG_019871,0,0.267621,0.113153,0.104116
SG_019872,0,0.461271,0.128468,0.175197
SG_019874,0,0.852321,0.300307,0.215449
SG_019875,1,0.308907,0.125285,0.088016
SG_019876,0,0.763671,0.216265,0.246477
SG_019877,0,0.58035,0.158873,0.184888
SG_019879,1,0.896786,0.286595,0.306065
SG_019880,0,0.726386,0.214547,0.209068
SG_019881,0,0.979407,0.39102,0.312699
SG_019882,0,0.147107,0.099119,0.062851
SG_019884,0,0.911543,0.293138,0.330434
SG_019885,0,0.122836,0.094314,0.067327
SG_019886,0,0.654264,0.204169,0.167254
SG_019889,0,0.889021,0.309753,0.245549
SG_019890,1,0.385343,0.137207,0.107987
SG_019891,0,0.411786,0.128509,0.143341
SG_019892,0,0.062314,0.072228,0.096463
SG_019893,0,0.014814,0.068385,0.045047
SG_019894,1,0.914914,0.314495,0.276455
SG_019896,0,0.974307,0.347733,0.575754
SG_019897,0,0.206857,0.099796,0.111987
SG_019898,1,0.737929,0.217372,0.214932
SG_019899,0,0.419371,0.123576,0.161518
SG_019901,0,0.188293,0.091605,0.127534
SG_019902,0,0.555107,0.153871,0.176891
SG_019904,0,0.289779,0.109337,0.129669
SG_019905,0,0.189879,0.085742,0.143207
SG_019907,0,0.602743,0.173103,0.175053
SG_019908,0,0.386621,0.118334,0.156826
SG_019911,1,0.63505,0.198631,0.161336
SG_019912,1,0.724186,0.203793,0.225994
SG_019915,0,0.390971,0.122112,0.147989
SG_019916,0,0.082057,0.078915,0.095724
SG_019917,0,0.535864,0.158369,0.155198
SG_019918,0,0.099457,0.090544,0.060208
SG_019919,0,0.403429,0.129884,0.135488
SG_019920,0,0.525264,0.144973,0.176012
SG_019922,0,0.539507,0.172265,0.137042
SG_019924,0,0.589568,0.169529,0.171648
SG_019925,0,0.123871,0.088534,0.096141
SG_019926,1,0.574621,0.161221,0.175743
SG_019927,0,0.623657,0.176695,0.184123
SG_019929,0,0.344579,0.137723,0.073326
SG_019931,0,0.242086,0.102896,0.121995
SG_019932,0,0.883736,0.295373,0.260107
SG_019934,0,0.481729,0.141852,0.153434
SG_019935,0,0.79225,0.259006,0.208323
SG_019936,0,0.408464,0.12692,0.145119
SG_019937,0,0.27355,0.111576,0.113501
SG_019938,0,0.0703,0.08099,0.077546
SG_019940,0,0.2901,0.104324,0.143993
SG_019942,0,0.743207,0.228119,0.20465
SG_019943,0,0.831364,0.264977,0.241744
SG_019946,0,0.703586,0.207655,0.199644
SG_019948,0,0.5277,0.164025,0.141235
SG_019951,1,0.807407,0.287998,0.189247
SG_019952,0,0.015093,0.063376,0.06144
SG_019953,0,0.418443,0.124302,0.158586
SG_019956,0,0.199879,0.097478,0.11574
SG_019957,1,0.393557,0.137138,0.113607
SG_019958,0,0.54445,0.137214,0.214107
SG_019959,0,0.373793,0.131719,0.114375
SG_019962,0,0.258514,0.093169,0.164319
SG_019963,0,0.396414,0.135254,0.119315
SG_019964,0,0.8363,0.277744,0.227648
SG_019965,0,0.477707,0.14246,0.14943
SG_019967,0,0.5704,0.167857,0.161711
SG_019969,0,0.428571,0.124239,0.165442
SG_019971,0,0.077443,0.087096,0.04401
SG_019972,0,0.860557,0.258866,0.305177
SG_019975,0,0.206464,0.086704,0.14986
SG_019977,0,0.79005,0.264148,0.200659
SG_019979,0,0.9053,0.3111,0.267325
SG_019982,0,0.604886,0.199847,0.141401
SG_019986,0,0.210643,0.099203,0.116124
SG_019987,0,0.958979,0.353818,0.300813
SG_019988,0,0.191821,0.107,0.063205
SG_019990,0,0.4396,0.139901,0.133708
SG_019991,1,0.158207,0.101676,0.054344
SG_019992,0,0.504307,0.160193,0.134056
SG_019993,0,0.527093,0.141146,0.186506
SG_019995,0,0.103836,0.084438,0.095269
SG_019996,0,0.5079,0.146529,0.160985
SG_019997,1,0.634264,0.198942,0.160274
