signal_id,ehtimollik
SG_000001,0.290183
SG_000007,0.378983
SG_000009,0.119367
SG_000010,0.414017
SG_000011,0.601417
SG_000018,0.806017
SG_000024,0.76395
SG_000026,0.606933
SG_000032,0.534683
SG_000033,0.866983
SG_000034,0.175983
SG_000036,0.5662
SG_000039,0.113233
SG_000048,0.221967
SG_000049,0.451683
SG_000050,0.875133
SG_000053,0.2521
SG_000054,0.585517
SG_000055,0.565467
SG_000058,0.652833
SG_000059,0.164683
SG_000061,0.487117
SG_000062,0.92365
SG_000072,0.22205
SG_000073,0.495267
SG_000075,0.27385
SG_000080,0.749167
SG_000081,0.452967
SG_000083,0.0528
SG_000086,0.2712
SG_000087,0.568567
SG_000092,0.660367
SG_000099,0.582083
SG_000100,0.423883
SG_000105,0.424917
SG_000106,0.7745
SG_000107,0.04805
SG_000118,0.723233
SG_000120,0.236267
SG_000125,0.579817
SG_000129,0.41305
SG_000137,0.195183
SG_000146,0.172283
SG_000147,0.948167
SG_000149,0.537733
SG_000153,0.816067
SG_000161,0.111667
SG_000163,0.577917
SG_000165,0.896417
SG_000173,0.06885
SG_000178,0.2947
SG_000179,0.05785
SG_000187,0.988983
SG_000192,0.109467
SG_000193,0.34055
SG_000195,0.573417
SG_000196,0.6417
SG_000201,0.124267
SG_000203,0.3924
SG_000205,0.839967
SG_000207,0.907183
SG_000211,0.704433
SG_000214,0.112217
SG_000217,0.110767
SG_000218,0.995
SG_000219,0.81905
SG_000227,0.237017
SG_000229,0.038833
SG_000232,0.7471
SG_000240,0.021267
SG_000242,0.9831
SG_000244,0.253817
SG_000246,0.432467
SG_000250,0.23905
SG_000253,0.555833
SG_000262,0.469567
SG_000269,0.600433
SG_000270,0.48915
SG_000271,0.928133
SG_000284,0.83575
SG_000286,0.646917
SG_000287,0.437067
SG_000290,0.821617
SG_000291,0.689117
SG_000301,0.430683
SG_000302,0.86545
SG_000304,0.064517
SG_000306,0.704817
SG_000309,0.197933
SG_000314,0.39355
SG_000319,0.91535
SG_000320,0.247367
SG_000321,0.176133
SG_000325,0.876483
SG_000328,0.0816
SG_000329,0.0318
SG_000333,0.287817
SG_000334,0.373383
SG_000335,0.79015
SG_000339,0.11665
SG_000341,0.150467
SG_000345,0.817283
SG_000347,0.292533
SG_000349,0.594217
SG_000350,0.392633
SG_000351,0.018217
SG_000357,0.1451
SG_000360,0.706133
SG_000366,0.939233
SG_000368,0.53005
SG_000370,0.4072
SG_000378,0.465767
SG_000386,0.630967
SG_000394,0.534383
SG_000395,0.3089
SG_000397,0.91495
SG_000398,0.1972
SG_000401,0.438067
SG_000402,0.197917
SG_000414,0.911817
SG_000415,0.735033
SG_000419,0.9099
SG_000420,0.525417
SG_000422,0.956517
SG_000425,0.627233
SG_000430,0.044617
SG_000431,0.043067
SG_000435,0.065867
SG_000436,0.391
SG_000440,0.890833
SG_000444,0.018233
SG_000450,0.28815
SG_000452,0.290867
SG_000454,0.754417
SG_000460,0.095967
SG_000462,0.1471
SG_000471,0.6715
SG_000474,0.8524
SG_000475,0.7649
SG_000476,0.787983
SG_000480,0.605633
SG_000482,0.836983
SG_000484,0.854267
SG_000487,0.473883
SG_000488,0.641783
SG_000494,0.74415
SG_000496,0.325067
SG_000497,0.1556
SG_000498,0.292383
SG_000501,0.844233
SG_000506,0.941833
SG_000511,0.461783
SG_000513,0.524683
SG_000524,0.0812
SG_000526,0.818433
SG_000527,0.069733
SG_000530,0.32635
SG_000535,0.29855
SG_000536,0.17695
SG_000551,0.631633
SG_000561,0.945783
SG_000563,0.9378
SG_000567,0.898817
SG_000572,0.838017
SG_000580,0.664567
SG_000583,0.291033
SG_000585,0.9048
SG_000588,0.536117
SG_000591,0.766717
SG_000593,0.275017
SG_000594,0.992917
SG_000598,0.306383
SG_000603,0.760533
SG_000610,0.124867
SG_000614,0.519167
SG_000615,0.454183
SG_000616,0.0989
SG_000617,0.019233
SG_000619,0.445717
SG_000621,0.725733
SG_000629,0.8676
SG_000633,0.455917
SG_000634,0.829617
SG_000638,0.192933
SG_000640,0.4826
SG_000643,0.862867
SG_000646,0.742417
SG_000648,0.028883
SG_000657,0.066417
SG_000662,0.523983
SG_000665,0.1864
SG_000666,0.701733
SG_000672,0.14315
SG_000674,0.082117
SG_000677,0.133817
SG_000678,0.857867
SG_000679,0.239817
SG_000691,0.535283
SG_000692,0.0571
SG_000693,0.953383
SG_000695,0.8063
SG_000696,0.15635
SG_000698,0.1394
SG_000706,0.473583
SG_000709,0.404183
SG_000713,0.4048
SG_000716,0.426867
SG_000717,0.106517
SG_000719,0.724517
SG_000722,0.818817
SG_000727,0.458817
SG_000734,0.212133
SG_000737,0.273467
SG_000739,0.197933
SG_000742,0.8448
SG_000743,0.853133
SG_000750,0.119967
SG_000751,0.689133
SG_000759,0.863267
SG_000762,0.609017
SG_000764,0.558167
SG_000768,0.183317
SG_000769,0.273467
SG_000770,0.714733
SG_000788,0.848667
SG_000790,0.171817
SG_000797,0.622317
SG_000798,0.321883
SG_000799,0.4014
SG_000802,0.5345
SG_000803,0.934467
SG_000809,0.8565
SG_000811,0.582533
SG_000812,0.746517
SG_000816,0.79025
SG_000817,0.343183
SG_000820,0.065417
SG_000821,0.08205
SG_000826,0.4034
SG_000840,0.618383
SG_000849,0.515783
SG_000851,0.131133
SG_000856,0.348667
SG_000857,0.96115
SG_000864,0.02515
SG_000865,0.0897
SG_000875,0.41115
SG_000883,0.43255
SG_000888,0.728967
SG_000889,0.370383
SG_000890,0.727533
SG_000891,0.25585
SG_000903,0.29675
SG_000907,0.950633
SG_000909,0.039983
SG_000910,0.683383
SG_000911,0.858983
SG_000912,0.460567
SG_000913,0.6602
SG_000917,0.908817
SG_000920,0.657967
SG_000928,0.029033
SG_000934,0.148783
SG_000935,0.833683
SG_000938,0.518617
SG_000940,0.062483
SG_000943,0.6306
SG_000945,0.4031
SG_000946,0.705417
SG_000948,0.1648
SG_000950,0.51695
SG_000954,0.59515
SG_000959,0.640817
SG_000963,0.895467
SG_000965,0.18105
SG_000968,0.901017
SG_000970,0.844633
SG_000973,0.119183
SG_000975,0.334867
SG_000977,0.028883
SG_000980,0.84085
SG_000981,0.293083
SG_000985,0.506333
SG_000987,0.944517
SG_000988,0.4751
SG_000990,0.776133
SG_000991,0.87505
SG_001002,0.6964
SG_001004,0.9012
SG_001009,0.2497
SG_001010,0.130817
SG_001014,0.36105
SG_001023,0.893517
SG_001027,0.0808
SG_001028,0.924583
SG_001030,0.357133
SG_001031,0.1632
SG_001032,0.505083
SG_001042,0.499933
SG_001048,0.3408
SG_001049,0.04415
SG_001052,0.196267
SG_001058,0.409233
SG_001060,0.457517
SG_001066,0.9338
SG_001067,0.414017
SG_001070,0.5895
SG_001071,0.40085
SG_001075,0.01275
SG_001076,0.796333
SG_001078,0.090733
SG_001081,0.60845
SG_001085,0.710767
SG_001086,0.1451
SG_001100,0.325783
SG_001101,0.056883
SG_001102,0.51225
SG_001106,0.360617
SG_001107,0.005233
SG_001108,0.500917
SG_001109,0.425683
SG_001111,0.853233
SG_001117,0.853767
SG_001121,0.6793
SG_001123,0.7816
SG_001125,0.673917
SG_001126,0.9099
SG_001128,0.561233
SG_001133,0.2593
SG_001135,0.887967
SG_001143,0.987633
SG_001153,0.07665
SG_001155,0.785517
SG_001157,0.772083
SG_001159,0.752867
SG_001161,0.90515
SG_001163,0.754133
SG_001167,0.981783
SG_001180,0.055217
SG_001181,0.907483
SG_001182,0.696033
SG_001184,0.542383
SG_001188,0.046533
SG_001190,0.80455
SG_001192,0.428683
SG_001196,0.957483
SG_001201,0.543917
SG_001202,0.32675
SG_001203,0.595883
SG_001205,0.087517
SG_001208,0.866467
SG_001210,0.8654
SG_001211,0.445967
SG_001213,0.561933
SG_001215,0.871533
SG_001217,0.58915
SG_001225,0.605383
SG_001226,0.8872
SG_001229,0.95415
SG_001230,0.396067
SG_001236,0.42175
SG_001237,0.587367
SG_001243,0.49395
SG_001245,0.498483
SG_001248,0.634233
SG_001252,0.1748
SG_001255,0.9692
SG_001257,0.88195
SG_001262,0.468017
SG_001264,0.23445
SG_001267,0.495133
SG_001279,0.034233
SG_001285,0.254133
SG_001287,0.199567
SG_001293,0.9485
SG_001296,0.591483
SG_001298,0.099583
SG_001303,0.151133
SG_001305,0.098583
SG_001306,0.935433
SG_001309,0.462733
SG_001312,0.289717
SG_001313,0.8134
SG_001314,0.462683
SG_001316,0.27425
SG_001318,0.215083
SG_001319,0.8915
SG_001321,0.895617
SG_001322,0.374033
SG_001327,0.2608
SG_001331,0.348567
SG_001335,0.341583
SG_001336,0.715683
SG_001349,0.6916
SG_001350,0.224183
SG_001352,0.262617
SG_001354,0.332267
SG_001361,0.306183
SG_001362,0.617933
SG_001364,0.23065
SG_001374,0.811067
SG_001389,0.333533
SG_001390,0.217317
SG_001395,0.955467
SG_001397,0.466433
SG_001401,0.556767
SG_001402,0.370567
SG_001405,0.101183
SG_001412,0.93825
SG_001415,0.411117
SG_001419,0.31205
SG_001421,0.452717
SG_001423,0.409267
SG_001432,0.4789
SG_001433,0.092983
SG_001441,0.619083
SG_001446,0.665533
SG_001447,0.128167
SG_001448,0.032167
SG_001453,0.101867
SG_001458,0.483017
SG_001465,0.64405
SG_001469,0.435883
SG_001470,0.5133
SG_001472,0.73205
SG_001476,0.652567
SG_001478,0.830733
SG_001480,0.87335
SG_001484,0.039567
SG_001487,0.937467
SG_001493,0.791433
SG_001494,0.607767
SG_001500,0.490183
SG_001505,0.36925
SG_001506,0.83175
SG_001510,0.357267
SG_001514,0.487067
SG_001520,0.720317
SG_001525,0.908
SG_001527,0.4165
SG_001528,0.295183
SG_001529,0.072683
SG_001531,0.717417
SG_001541,0.901933
SG_001542,0.60825
SG_001543,0.92305
SG_001545,0.43725
SG_001549,0.2358
SG_001557,0.639233
SG_001558,0.829783
SG_001561,0.1001
SG_001562,0.114083
SG_001563,0.621783
SG_001567,0.3589
SG_001568,0.177117
SG_001569,0.568217
SG_001570,0.404
SG_001571,0.692283
SG_001572,0.324433
SG_001573,0.062267
SG_001576,0.451633
SG_001584,0.035783
SG_001590,0.705367
SG_001591,0.544383
SG_001592,0.123233
SG_001595,0.31585
SG_001601,0.912833
SG_001604,0.695917
SG_001609,0.698383
SG_001610,0.717133
SG_001612,0.2027
SG_001613,0.91675
SG_001615,0.1829
SG_001623,0.611617
SG_001624,0.145967
SG_001631,0.328283
SG_001634,0.880867
SG_001636,0.79355
SG_001638,0.904017
SG_001647,0.53855
SG_001650,0.5303
SG_001653,0.785233
SG_001654,0.93875
SG_001658,0.6981
SG_001663,0.839983
SG_001667,0.397217
SG_001668,0.413783
SG_001670,0.001717
SG_001683,0.16375
SG_001686,0.555867
SG_001688,0.73345
SG_001689,0.279
SG_001698,0.973333
SG_001704,0.518533
SG_001711,0.742133
SG_001719,0.04095
SG_001720,0.175683
SG_001723,0.5007
SG_001726,0.634933
SG_001728,0.211633
SG_001731,0.3796
SG_001733,0.90895
SG_001734,0.206433
SG_001735,0.626933
SG_001737,0.943883
SG_001738,0.699717
SG_001739,0.36865
SG_001740,0.379267
SG_001744,0.35205
SG_001745,0.7386
SG_001750,0.488867
SG_001751,0.216783
SG_001761,0.793133
SG_001767,0.03405
SG_001768,0.883983
SG_001769,0.244167
SG_001776,0.889433
SG_001786,0.571817
SG_001788,0.271
SG_001789,0.823267
SG_001790,0.09045
SG_001791,0.4026
SG_001792,0.357167
SG_001793,0.506433
SG_001796,0.20895
SG_001797,0.3926
SG_001803,0.5268
SG_001804,0.2866
SG_001806,0.554467
SG_001811,0.432717
SG_001815,0.924183
SG_001819,0.2599
SG_001824,0.2558
SG_001825,0.53525
SG_001827,0.4479
SG_001830,0.77315
SG_001831,0.0831
SG_001833,0.890667
SG_001836,0.321567
SG_001844,0.830017
SG_001846,0.305233
SG_001847,0.908967
SG_001848,0.932167
SG_001849,0.923867
SG_001851,0.0703
SG_001858,0.263692
SG_001860,0.309783
SG_001862,0.671767
SG_001864,0.328183
SG_001865,0.814967
SG_001867,0.88135
SG_001872,0.2012
SG_001876,0.36085
SG_001877,0.852017
SG_001883,0.384183
SG_001884,0.352
SG_001885,0.3468
SG_001886,0.819417
SG_001888,0.049233
SG_001890,0.412183
SG_001892,0.5017
SG_001893,0.91235
SG_001894,0.764833
SG_001895,0.949467
SG_001897,0.237183
SG_001901,0.256317
SG_001903,0.681717
SG_001904,0.2772
SG_001906,0.4035
SG_001909,0.4293
SG_001912,0.219017
SG_001914,0.094717
SG_001915,0.30615
SG_001919,0.5844
SG_001924,0.404517
SG_001925,0.07955
SG_001928,0.6905
SG_001930,0.162333
SG_001932,0.580983
SG_001933,0.2769
SG_001934,0.016783
SG_001936,0.195217
SG_001947,0.154867
SG_001953,0.849067
SG_001954,0.16875
SG_001955,0.757767
SG_001963,0.5997
SG_001971,0.951533
SG_001975,0.191317
SG_001976,0.467917
SG_001977,0.767317
SG_001980,0.099483
SG_001981,0.081633
SG_001982,0.76065
SG_001990,0.507233
SG_001999,0.1998
SG_002000,0.78675
SG_002002,0.928083
SG_002004,0.790583
SG_002008,0.893583
SG_002009,0.343417
SG_002016,0.838483
SG_002021,0.51905
SG_002024,0.3934
SG_002027,0.901767
SG_002037,0.694133
SG_002038,0.390067
SG_002039,0.691717
SG_002044,0.880083
SG_002045,0.267817
SG_002048,0.32805
SG_002050,0.808667
SG_002052,0.320833
SG_002063,0.418033
SG_002067,0.883117
SG_002068,0.738833
SG_002069,0.27355
SG_002074,0.264767
SG_002075,0.448283
SG_002078,0.54805
SG_002081,0.1476
SG_002090,0.835617
SG_002097,0.8365
SG_002103,0.230917
SG_002105,0.834017
SG_002110,0.187983
SG_002122,0.649983
SG_002123,0.710267
SG_002125,0.818517
SG_002129,0.888233
SG_002131,0.7909
SG_002137,0.759183
SG_002142,0.792833
SG_002150,0.481083
SG_002151,0.73435
SG_002152,0.310483
SG_002166,0.142833
SG_002171,0.5489
SG_002172,0.31245
SG_002176,0.150117
SG_002177,0.565933
SG_002181,0.921433
SG_002184,0.445533
SG_002185,0.939683
SG_002186,0.118283
SG_002191,0.361933
SG_002192,0.699567
SG_002194,0.657983
SG_002200,0.430933
SG_002209,0.66975
SG_002213,0.251667
SG_002220,0.652567
SG_002223,0.471833
SG_002227,0.041417
SG_002228,0.552933
SG_002233,0.770133
SG_002241,0.807617
SG_002248,0.86125
SG_002251,0.974617
SG_002252,0.313417
SG_002254,0.86275
SG_002255,0.405083
SG_002260,0.91545
SG_002262,0.278033
SG_002263,0.221467
SG_002266,0.287433
SG_002270,0.4845
SG_002277,0.153133
SG_002278,0.0289
SG_002280,0.271883
SG_002281,0.701567
SG_002283,0.676767
SG_002284,0.921933
SG_002286,0.61075
SG_002288,0.502133
SG_002291,0.67025
SG_002292,0.14675
SG_002294,0.365467
SG_002296,0.52905
SG_002298,0.229717
SG_002301,0.443067
SG_002304,0.855667
SG_002311,0.216833
SG_002319,0.69815
SG_002320,0.474583
SG_002322,0.2466
SG_002324,0.61895
SG_002328,0.53425
SG_002332,0.270317
SG_002341,0.879533
SG_002346,0.344417
SG_002347,0.842517
SG_002352,0.1354
SG_002357,0.551533
SG_002361,0.362017
SG_002370,0.097483
SG_002371,0.75215
SG_002372,0.005267
SG_002373,0.16495
SG_002374,0.3214
SG_002375,0.4234
SG_002381,0.09665
SG_002385,0.10975
SG_002387,0.261733
SG_002390,0.931267
SG_002391,0.18085
SG_002392,0.398433
SG_002394,0.6645
SG_002396,0.508717
SG_002401,0.4243
SG_002402,0.2366
SG_002404,0.3289
SG_002407,0.257917
SG_002410,0.455933
SG_002419,0.698067
SG_002421,0.62965
SG_002422,0.161333
SG_002423,0.9506
SG_002429,0.15065
SG_002430,0.61335
SG_002434,0.648483
SG_002437,0.085367
SG_002442,0.288483
SG_002444,0.367833
SG_002447,0.2217
SG_002448,0.062067
SG_002450,0.939417
SG_002453,0.2826
SG_002454,0.641483
SG_002455,0.574167
SG_002456,0.759433
SG_002458,0.518867
SG_002459,0.735417
SG_002460,0.700333
SG_002462,0.082567
SG_002464,0.439017
SG_002466,0.6775
SG_002475,0.450133
SG_002477,0.343733
SG_002479,0.657017
SG_002482,0.457467
SG_002483,0.8857
SG_002486,0.61275
SG_002490,0.949633
SG_002493,0.359133
SG_002495,0.734817
SG_002498,0.18575
SG_002500,0.7327
SG_002502,0.453067
SG_002507,0.7086
SG_002509,0.220317
SG_002517,0.659883
SG_002520,0.5372
SG_002522,0.122633
SG_002526,0.21025
SG_002529,0.278983
SG_002532,0.045533
SG_002539,0.352983
SG_002541,0.062333
SG_002544,0.298233
SG_002545,0.407367
SG_002546,0.606817
SG_002548,0.8247
SG_002555,0.471233
SG_002559,0.40685
SG_002568,0.163117
SG_002572,0.787533
SG_002573,0.073617
SG_002577,0.052433
SG_002580,0.653283
SG_002583,0.532767
SG_002586,0.116017
SG_002587,0.624933
SG_002588,0.0529
SG_002594,0.023417
SG_002596,0.137267
SG_002597,0.077133
SG_002599,0.583633
SG_002600,0.821667
SG_002601,0.179933
SG_002605,0.398567
SG_002613,0.316
SG_002615,0.7515
SG_002618,0.0136
SG_002622,0.23705
SG_002627,0.480017
SG_002628,0.46205
SG_002630,0.056133
SG_002633,0.977933
SG_002638,0.208933
SG_002649,0.542417
SG_002650,0.533133
SG_002652,0.1943
SG_002653,0.201117
SG_002654,0.24245
SG_002657,0.3536
SG_002664,0.837933
SG_002665,0.06015
SG_002666,0.5
SG_002667,0.6569
SG_002672,0.7027
SG_002673,0.6013
SG_002674,0.31955
SG_002675,0.4828
SG_002680,0.848517
SG_002684,0.608633
SG_002688,0.893283
SG_002689,0.260183
SG_002691,0.36835
SG_002693,0.846533
SG_002699,0.31265
SG_002701,0.732083
SG_002705,0.763683
SG_002720,0.08025
SG_002731,0.640633
SG_002733,0.174183
SG_002735,0.65935
SG_002736,0.7706
SG_002738,0.114183
SG_002742,0.712617
SG_002746,0.30565
SG_002748,0.268867
SG_002752,0.406083
SG_002755,0.34215
SG_002757,0.193867
SG_002759,0.4647
SG_002767,0.1701
SG_002770,0.9384
SG_002773,0.949117
SG_002777,0.8061
SG_002782,0.26185
SG_002783,0.297217
SG_002785,0.24215
SG_002788,0.39695
SG_002789,0.49655
SG_002793,0.49675
SG_002796,0.153517
SG_002798,0.6734
SG_002809,0.817983
SG_002814,0.5083
SG_002820,0.1132
SG_002825,0.926017
SG_002827,0.597317
SG_002829,0.35745
SG_002832,0.920133
SG_002834,0.070233
SG_002840,0.7413
SG_002842,0.231083
SG_002843,0.328167
SG_002849,0.782417
SG_002850,0.116367
SG_002853,0.888683
SG_002875,0.82625
SG_002882,0.725417
SG_002887,0.868
SG_002891,0.355417
SG_002896,0.225283
SG_002904,0.480533
SG_002906,0.915467
SG_002907,0.379917
SG_002910,0.939233
SG_002918,0.686267
SG_002926,0.10985
SG_002930,0.433033
SG_002932,0.027883
SG_002937,0.748267
SG_002939,0.172483
SG_002943,0.360167
SG_002944,0.193983
SG_002947,0.134733
SG_002949,0.3065
SG_002950,0.0746
SG_002952,0.171833
SG_002954,0.354333
SG_002955,0.750467
SG_002958,0.791433
SG_002960,0.6672
SG_002964,0.789033
SG_002967,0.38185
SG_002972,0.954717
SG_002982,0.966767
SG_002985,0.9035
SG_002989,0.513433
SG_002999,0.430817
SG_003002,0.306167
SG_003008,0.458367
SG_003023,0.051383
SG_003024,0.3529
SG_003026,0.837783
SG_003028,0.8112
SG_003030,0.570167
SG_003031,0.2286
SG_003037,0.18975
SG_003042,0.74485
SG_003043,0.220717
SG_003044,0.9565
SG_003045,0.097983
SG_003048,0.699283
SG_003049,0.405167
SG_003051,0.169983
SG_003052,0.331117
SG_003059,0.984717
SG_003062,0.1122
SG_003065,0.076367
SG_003067,0.225583
SG_003071,0.46655
SG_003072,0.706417
SG_003073,0.430717
SG_003075,0.542533
SG_003080,0.408933
SG_003082,0.591267
SG_003084,0.8973
SG_003085,0.2076
SG_003088,0.239933
SG_003089,0.81825
SG_003096,0.260417
SG_003097,0.8811
SG_003102,0.29955
SG_003105,0.77225
SG_003107,0.062333
SG_003111,0.702917
SG_003116,0.870583
SG_003118,0.47805
SG_003125,0.0745
SG_003127,0.162683
SG_003133,0.755317
SG_003135,0.568933
SG_003137,0.615133
SG_003138,0.359733
SG_003139,0.9786
SG_003141,0.936883
SG_003144,0.8123
SG_003151,0.560733
SG_003154,0.9394
SG_003158,0.932083
SG_003160,0.251633
SG_003164,0.9079
SG_003168,0.0793
SG_003169,0.051517
SG_003174,0.180533
SG_003179,0.992167
SG_003184,0.462
SG_003186,0.03835
SG_003193,0.781133
SG_003196,0.130417
SG_003198,0.934267
SG_003201,0.86845
SG_003204,0.803517
SG_003205,0.4999
SG_003206,0.420167
SG_003211,0.570067
SG_003214,0.863267
SG_003215,0.296567
SG_003216,0.790667
SG_003217,0.296517
SG_003219,0.780217
SG_003226,0.316367
SG_003227,0.977217
SG_003230,0.723733
SG_003231,0.555083
SG_003232,0.29095
SG_003234,0.281592
SG_003239,0.215967
SG_003241,0.613783
SG_003243,0.0313
SG_003250,0.1685
SG_003253,0.784483
SG_003256,0.436717
SG_003259,0.13975
SG_003266,0.952133
SG_003272,0.957317
SG_003273,0.385867
SG_003281,0.323733
SG_003284,0.6913
SG_003288,0.035433
SG_003293,0.0929
SG_003294,0.297017
SG_003295,0.638383
SG_003296,0.19985
SG_003301,0.67675
SG_003304,0.138783
SG_003305,0.662333
SG_003307,0.4769
SG_003310,0.39965
SG_003314,0.452983
SG_003321,0.236917
SG_003325,0.189383
SG_003328,0.96295
SG_003331,0.481433
SG_003332,0.929083
SG_003333,0.4379
SG_003340,0.35735
SG_003341,0.88835
SG_003342,0.52245
SG_003349,0.2706
SG_003355,0.420667
SG_003357,0.728517
SG_003361,0.051933
SG_003370,0.845767
SG_003371,0.7047
SG_003373,0.834017
SG_003374,0.789833
SG_003379,0.26965
SG_003388,0.273333
SG_003389,0.81005
SG_003390,0.252533
SG_003391,0.740517
SG_003392,0.324667
SG_003393,0.9518
SG_003397,0.013817
SG_003398,0.186583
SG_003399,0.68305
SG_003402,0.714183
SG_003404,0.141133
SG_003407,0.168433
SG_003408,0.731183
SG_003422,0.101517
SG_003426,0.082233
SG_003430,0.4112
SG_003434,0.168683
SG_003437,0.348
SG_003439,0.231917
SG_003440,0.583467
SG_003441,0.013717
SG_003444,0.452617
SG_003447,0.7863
SG_003452,0.193917
SG_003453,0.921267
SG_003464,0.3861
SG_003469,0.159317
SG_003475,0.987633
SG_003477,0.974
SG_003479,0.60385
SG_003480,0.611983
SG_003482,0.73025
SG_003483,0.879733
SG_003485,0.25
SG_003486,0.692333
SG_003489,0.049933
SG_003491,0.182333
SG_003492,0.514483
SG_003493,0.349033
SG_003501,0.56025
SG_003505,0.911433
SG_003509,0.056033
SG_003517,0.860917
SG_003521,0.662117
SG_003526,0.0211
SG_003528,0.115467
SG_003532,0.15015
SG_003535,0.226633
SG_003538,0.415133
SG_003541,0.220733
SG_003545,0.42825
SG_003548,0.255017
SG_003549,0.115567
SG_003554,0.017
SG_003557,0.777633
SG_003566,0.275933
SG_003568,0.241083
SG_003572,0.666633
SG_003575,0.354617
SG_003578,0.410967
SG_003584,0.19765
SG_003585,0.215267
SG_003588,0.800033
SG_003589,0.610533
SG_003594,0.749867
SG_003597,0.46555
SG_003598,0.635617
SG_003601,0.779917
SG_003603,0.72515
SG_003610,0.119117
SG_003611,0.037133
SG_003613,0.183867
SG_003618,0.021
SG_003619,0.06415
SG_003620,0.837317
SG_003625,0.887483
SG_003627,0.401183
SG_003628,0.813817
SG_003629,0.13055
SG_003637,0.84765
SG_003648,0.458883
SG_003650,0.453133
SG_003666,0.430583
SG_003668,0.604683
SG_003670,0.78635
SG_003671,0.038767
SG_003689,0.261433
SG_003691,0.2876
SG_003699,0.984
SG_003702,0.34685
SG_003704,0.08455
SG_003705,0.2911
SG_003706,0.599133
SG_003708,0.073183
SG_003710,0.115083
SG_003711,0.217317
SG_003714,0.107067
SG_003715,0.154283
SG_003722,0.829733
SG_003745,0.17725
SG_003746,0.247667
SG_003751,0.38765
SG_003754,0.86955
SG_003757,0.698017
SG_003758,0.656233
SG_003765,0.37365
SG_003767,0.056067
SG_003768,0.390817
SG_003769,0.175133
SG_003777,0.54475
SG_003783,0.079417
SG_003786,0.149133
SG_003787,0.047367
SG_003788,0.080683
SG_003792,0.243917
SG_003795,0.164683
SG_003806,0.575367
SG_003807,0.70055
SG_003809,0.761483
SG_003810,0.178067
SG_003812,0.7303
SG_003820,0.747817
SG_003822,0.51125
SG_003829,0.69265
SG_003835,0.352617
SG_003843,0.975833
SG_003844,0.513483
SG_003851,0.62415
SG_003852,0.540767
SG_003856,0.176217
SG_003860,0.782417
SG_003863,0.039883
SG_003865,0.494567
SG_003868,0.3668
SG_003869,0.08125
SG_003874,0.727233
SG_003878,0.90245
SG_003880,0.610133
SG_003881,0.341833
SG_003886,0.52595
SG_003896,0.63305
SG_003904,0.938683
SG_003905,0.58325
SG_003906,0.029
SG_003907,0.150117
SG_003908,0.64305
SG_003910,0.902117
SG_003917,0.236
SG_003919,0.548333
SG_003920,0.5629
SG_003921,0.13985
SG_003922,0.848633
SG_003925,0.20295
SG_003926,0.224317
SG_003935,0.362067
SG_003937,0.70485
SG_003940,0.592417
SG_003941,0.796517
SG_003945,0.9487
SG_003951,0.9832
SG_003958,0.12685
SG_003959,0.528033
SG_003961,0.44875
SG_003966,0.51095
SG_003967,0.23195
SG_003969,0.221717
SG_003972,0.610867
SG_003977,0.8568
SG_003978,0.014533
SG_003979,0.67225
SG_003988,0.151
SG_003992,0.4292
SG_003994,0.231733
SG_003995,0.8037
SG_004001,0.4359
SG_004002,0.473767
SG_004011,0.184167
SG_004012,0.01495
SG_004016,0.862983
SG_004019,0.985767
SG_004034,0.715717
SG_004036,0.356217
SG_004041,0.6246
SG_004042,0.1686
SG_004045,0.212217
SG_004048,0.9886
SG_004049,0.129217
SG_004050,0.923783
SG_004054,0.848933
SG_004060,0.6275
SG_004063,0.450533
SG_004064,0.720933
SG_004065,0.8112
SG_004066,0.201133
SG_004071,0.133967
SG_004074,0.094933
SG_004078,0.780767
SG_004079,0.2724
SG_004080,0.430867
SG_004081,0.624917
SG_004083,0.968
SG_004087,0.18285
SG_004089,0.185867
SG_004091,0.202583
SG_004093,0.8515
SG_004094,0.621717
SG_004100,0.532733
SG_004107,0.196467
SG_004109,0.898917
SG_004110,0.597417
SG_004111,0.3434
SG_004123,0.0807
SG_004126,0.358017
SG_004127,0.00535
SG_004129,0.47245
SG_004130,0.371617
SG_004131,0.788067
SG_004136,0.217983
SG_004140,0.2292
SG_004149,0.438533
SG_004152,0.7904
SG_004155,0.76185
SG_004157,0.2358
SG_004163,0.01335
SG_004164,0.3903
SG_004168,0.450317
SG_004170,0.61805
SG_004171,0.388117
SG_004174,0.33125
SG_004175,0.062733
SG_004178,0.358483
SG_004181,0.6616
SG_004184,0.597717
SG_004186,0.472767
SG_004187,0.980217
SG_004191,0.689333
SG_004192,0.968833
SG_004197,0.483017
SG_004201,0.874333
SG_004204,0.7907
SG_004207,0.452
SG_004209,0.71955
SG_004214,0.481433
SG_004218,0.481533
SG_004220,0.442417
SG_004223,0.297383
SG_004224,0.479633
SG_004225,0.782283
SG_004228,0.622017
SG_004229,0.575283
SG_004230,0.426533
SG_004235,0.551467
SG_004238,0.4849
SG_004239,0.971217
SG_004244,0.4362
SG_004253,0.63935
SG_004256,0.628867
SG_004257,0.736217
SG_004258,0.30055
SG_004262,0.765583
SG_004263,0.351567
SG_004265,0.088417
SG_004268,0.2313
SG_004269,0.847083
SG_004271,0.11495
SG_004286,0.154617
SG_004289,0.348633
SG_004290,0.727083
SG_004291,0.9062
SG_004297,0.379367
SG_004300,0.606883
SG_004302,0.938933
SG_004305,0.28595
SG_004306,0.307867
SG_004312,0.494383
SG_004313,0.44265
SG_004315,0.718267
SG_004320,0.265683
SG_004321,0.893733
SG_004322,0.7164
SG_004325,0.721283
SG_004326,0.3178
SG_004339,0.274133
SG_004342,0.53305
SG_004347,0.593617
SG_004348,0.946933
SG_004349,0.901733
SG_004350,0.8448
SG_004357,0.126967
SG_004358,0.7664
SG_004359,0.501383
SG_004362,0.682667
SG_004365,0.329367
SG_004368,0.8135
SG_004369,0.51535
SG_004370,0.357283
SG_004378,0.735767
SG_004379,0.398033
SG_004388,0.77925
SG_004390,0.17085
SG_004391,0.124567
SG_004401,0.294033
SG_004404,0.912483
SG_004405,0.703517
SG_004406,0.386183
SG_004408,0.746433
SG_004415,0.481833
SG_004417,0.3711
SG_004419,0.095633
SG_004420,0.921783
SG_004422,0.224283
SG_004423,0.538817
SG_004426,0.198583
SG_004427,0.5136
SG_004429,0.948433
SG_004432,0.327333
SG_004439,0.9586
SG_004445,0.41695
SG_004447,0.778667
SG_004448,0.175017
SG_004451,0.6063
SG_004457,0.710683
SG_004458,0.234567
SG_004460,0.157267
SG_004461,0.94295
SG_004462,0.0153
SG_004464,0.114467
SG_004465,0.569567
SG_004469,0.187667
SG_004474,0.178783
SG_004475,0.256917
SG_004476,0.179983
SG_004477,0.8337
SG_004480,0.94865
SG_004482,0.466283
SG_004484,0.033667
SG_004486,0.509267
SG_004494,0.933433
SG_004504,0.276683
SG_004508,0.2313
SG_004509,0.4603
SG_004511,0.878717
SG_004514,0.584283
SG_004515,0.488217
SG_004518,0.515317
SG_004521,0.066917
SG_004526,0.65025
SG_004530,0.877133
SG_004534,0.924133
SG_004536,0.319217
SG_004538,0.7706
SG_004539,0.96055
SG_004541,0.620667
SG_004549,0.39675
SG_004552,0.618117
SG_004553,0.10685
SG_004556,0.227083
SG_004559,0.137133
SG_004562,0.278467
SG_004565,0.332033
SG_004568,0.15
SG_004576,0.06035
SG_004577,0.328733
SG_004593,0.772167
SG_004594,0.574033
SG_004600,0.950833
SG_004602,0.989533
SG_004608,0.574383
SG_004609,0.5634
SG_004612,0.0927
SG_004614,0.06325
SG_004617,0.721617
SG_004620,0.6162
SG_004623,0.289267
SG_004626,0.693533
SG_004631,0.493
SG_004632,0.545633
SG_004633,0.405383
SG_004635,0.278167
SG_004637,0.273
SG_004638,0.297433
SG_004641,0.80445
SG_004645,0.746917
SG_004652,0.238667
SG_004653,0.05295
SG_004655,0.833733
SG_004656,0.702883
SG_004658,0.1683
SG_004659,0.182283
SG_004662,0.65445
SG_004664,0.284533
SG_004668,0.329383
SG_004669,0.208267
SG_004672,0.867383
SG_004676,0.771633
SG_004682,0.162117
SG_004685,0.958317
SG_004689,0.2996
SG_004695,0.275867
SG_004697,0.688717
SG_004700,0.67375
SG_004701,0.9054
SG_004709,0.852417
SG_004710,0.462133
SG_004712,0.3059
SG_004716,0.167067
SG_004720,0.5953
SG_004721,0.395483
SG_004723,0.577483
SG_004731,0.788417
SG_004736,0.943233
SG_004737,0.85175
SG_004738,0.863883
SG_004739,0.803283
SG_004742,0.229067
SG_004751,0.861833
SG_004753,0.12105
SG_004755,0.907017
SG_004757,0.200533
SG_004760,0.1504
SG_004761,0.190533
SG_004762,0.7606
SG_004763,0.40435
SG_004764,0.339933
SG_004766,0.927633
SG_004769,0.396317
SG_004772,0.278517
SG_004773,0.409483
SG_004782,0.300167
SG_004784,0.590933
SG_004786,0.802567
SG_004787,0.708083
SG_004789,0.04685
SG_004797,0.332033
SG_004798,0.51835
SG_004799,0.922267
SG_004801,0.750333
SG_004804,0.694233
SG_004813,0.65055
SG_004816,0.82485
SG_004817,0.2291
SG_004818,0.712733
SG_004821,0.55415
SG_004827,0.167717
SG_004828,0.434017
SG_004829,0.524467
SG_004830,0.861433
SG_004831,0.831133
SG_004836,0.035683
SG_004840,0.321567
SG_004842,0.589583
SG_004844,0.013583
SG_004846,0.927517
SG_004853,0.63645
SG_004855,0.6619
SG_004856,0.066433
SG_004866,0.440583
SG_004867,0.1468
SG_004868,0.904117
SG_004873,0.763083
SG_004877,0.513183
SG_004881,0.09445
SG_004882,0.893867
SG_004887,0.811233
SG_004898,0.864617
SG_004900,0.33825
SG_004906,0.71145
SG_004907,0.243533
SG_004912,0.553767
SG_004913,0.118433
SG_004919,0.175467
SG_004922,0.928267
SG_004923,0.313067
SG_004925,0.810533
SG_004927,0.424067
SG_004929,0.9242
SG_004930,0.60595
SG_004939,0.820367
SG_004942,0.170517
SG_004944,0.467033
SG_004945,0.094467
SG_004959,0.7773
SG_004960,0.817183
SG_004964,0.338033
SG_004968,0.984133
SG_004969,0.725767
SG_004973,0.971733
SG_004975,0.50245
SG_004981,0.679983
SG_004985,0.647433
SG_004988,0.311383
SG_004990,0.654317
SG_004993,0.27245
SG_004997,0.13045
SG_005000,0.056717
SG_005002,0.845883
SG_005004,0.9789
SG_005011,0.26145
SG_005013,0.02635
SG_005018,0.587133
SG_005019,0.2465
SG_005020,0.266317
SG_005022,0.156467
SG_005027,0.142017
SG_005029,0.209867
SG_005030,0.067383
SG_005031,0.120633
SG_005033,0.469383
SG_005037,0.030167
SG_005041,0.242717
SG_005048,0.502567
SG_005049,0.51955
SG_005052,0.28345
SG_005057,0.714517
SG_005058,0.464817
SG_005062,0.823483
SG_005080,0.25025
SG_005085,0.34805
SG_005086,0.340467
SG_005089,0.707383
SG_005090,0.033067
SG_005091,0.871083
SG_005094,0.545183
SG_005097,0.329467
SG_005098,0.816767
SG_005100,0.92715
SG_005101,0.664517
SG_005102,0.89555
SG_005108,0.95505
SG_005110,0.859083
SG_005114,0.4793
SG_005120,0.300317
SG_005122,0.375567
SG_005123,0.3223
SG_005126,0.492917
SG_005131,0.20775
SG_005132,0.559617
SG_005134,0.426067
SG_005137,0.499083
SG_005140,0.60025
SG_005141,0.483933
SG_005142,0.84915
SG_005143,0.081883
SG_005148,0.7705
SG_005161,0.932367
SG_005168,0.5691
SG_005170,0.52555
SG_005171,0.8722
SG_005174,0.084917
SG_005175,0.16145
SG_005178,0.438733
SG_005179,0.12295
SG_005188,0.684667
SG_005190,0.436167
SG_005191,0.270017
SG_005194,0.86985
SG_005196,0.190033
SG_005199,0.273233
SG_005200,0.206733
SG_005203,0.288367
SG_005205,0.592983
SG_005213,0.082617
SG_005214,0.59045
SG_005216,0.909333
SG_005220,0.698317
SG_005224,0.4459
SG_005228,0.875617
SG_005233,0.306083
SG_005235,0.464867
SG_005240,0.163067
SG_005241,0.509
SG_005246,0.806383
SG_005247,0.343617
SG_005248,0.695
SG_005250,0.449417
SG_005251,0.61115
SG_005253,0.1314
SG_005255,0.158317
SG_005264,0.827617
SG_005268,0.2196
SG_005270,0.320767
SG_005277,0.855633
SG_005282,0.034
SG_005283,0.749683
SG_005284,0.706467
SG_005287,0.975183
SG_005289,0.965867
SG_005291,0.464733
SG_005292,0.109217
SG_005296,0.063367
SG_005302,0.31435
SG_005305,0.514283
SG_005311,0.510883
SG_005312,0.564733
SG_005313,0.2226
SG_005316,0.20475
SG_005320,0.6394
SG_005321,0.5307
SG_005322,0.836983
SG_005323,0.461367
SG_005325,0.373417
SG_005328,0.374983
SG_005329,0.32095
SG_005332,0.727733
SG_005333,0.810533
SG_005335,0.02885
SG_005340,0.740417
SG_005341,0.262233
SG_005346,0.5588
SG_005350,0.754417
SG_005351,0.09745
SG_005353,0.092417
SG_005356,0.61675
SG_005360,0.868467
SG_005362,0.6741
SG_005363,0.360467
SG_005365,0.27425
SG_005371,0.3505
SG_005372,0.006567
SG_005376,0.898167
SG_005378,0.755733
SG_005379,0.2477
SG_005380,0.757967
SG_005384,0.94425
SG_005386,0.4157
SG_005387,0.945283
SG_005397,0.961233
SG_005401,0.867483
SG_005408,0.9174
SG_005412,0.504517
SG_005414,0.58835
SG_005421,0.317367
SG_005424,0.088783
SG_005428,0.718167
SG_005432,0.145667
SG_005439,0.956383
SG_005444,0.484583
SG_005445,0.714433
SG_005446,0.211717
SG_005447,0.929133
SG_005449,0.08665
SG_005450,0.60285
SG_005451,0.469433
SG_005452,0.355533
SG_005456,0.434367
SG_005457,0.04885
SG_005459,0.007667
SG_005460,0.045483
SG_005465,0.56855
SG_005466,0.958433
SG_005470,0.64575
SG_005473,0.762533
SG_005477,0.8611
SG_005486,0.239883
SG_005489,0.644033
SG_005491,0.463167
SG_005496,0.386183
SG_005497,0.78975
SG_005499,0.975917
SG_005503,0.189183
SG_005504,0.168983
SG_005506,0.27115
SG_005510,0.434917
SG_005511,0.6709
SG_005515,0.159767
SG_005518,0.768483
SG_005519,0.947367
SG_005524,0.8155
SG_005529,0.805367
SG_005530,0.669317
SG_005531,0.382733
SG_005532,0.043567
SG_005534,0.860433
SG_005535,0.736417
SG_005541,0.875717
SG_005542,0.3086
SG_005550,0.093883
SG_005555,0.3061
SG_005557,0.197467
SG_005565,0.778533
SG_005569,0.305617
SG_005572,0.13315
SG_005575,0.31795
SG_005579,0.942067
SG_005580,0.3709
SG_005583,0.2409
SG_005591,0.936017
SG_005592,0.29565
SG_005593,0.520133
SG_005594,0.0845
SG_005599,0.599517
SG_005603,0.82235
SG_005606,0.293717
SG_005611,0.634817
SG_005615,0.800483
SG_005622,0.490917
SG_005625,0.58495
SG_005630,0.92045
SG_005634,0.353283
SG_005635,0.850833
SG_005636,0.76465
SG_005638,0.544067
SG_005640,0.174583
SG_005643,0.352733
SG_005644,0.549367
SG_005645,0.905867
SG_005650,0.31755
SG_005654,0.92415
SG_005655,0.064783
SG_005656,0.596817
SG_005661,0.946083
SG_005664,0.1292
SG_005666,0.931833
SG_005671,0.303533
SG_005681,0.149267
SG_005683,0.90365
SG_005687,0.213633
SG_005688,0.404683
SG_005691,0.375233
SG_005692,0.953367
SG_005693,0.09765
SG_005694,0.770317
SG_005696,0.3462
SG_005703,0.578367
SG_005704,0.404133
SG_005706,0.885983
SG_005707,0.483333
SG_005713,0.549117
SG_005715,0.061317
SG_005719,0.410567
SG_005722,0.0388
SG_005724,0.694
SG_005725,0.23185
SG_005726,0.196217
SG_005730,0.96525
SG_005735,0.498983
SG_005736,0.792
SG_005740,0.34735
SG_005748,0.682433
SG_005750,0.11425
SG_005753,0.809717
SG_005758,0.063817
SG_005759,0.186783
SG_005764,0.257167
SG_005765,0.004333
SG_005772,0.62625
SG_005773,0.003283
SG_005776,0.634767
SG_005778,0.746517
SG_005784,0.10475
SG_005786,0.239883
SG_005789,0.379417
SG_005794,0.53665
SG_005796,0.5364
SG_005801,0.574967
SG_005807,0.21335
SG_005809,0.600967
SG_005811,0.139583
SG_005813,0.1852
SG_005814,0.630517
SG_005817,0.361783
SG_005818,0.634667
SG_005820,0.2571
SG_005821,0.222817
SG_005824,0.48315
SG_005825,0.68765
SG_005827,0.1118
SG_005828,0.369883
SG_005830,0.497367
SG_005838,0.798217
SG_005840,0.97515
SG_005842,0.41135
SG_005846,0.774917
SG_005847,0.116167
SG_005848,0.388133
SG_005857,0.947967
SG_005861,0.149383
SG_005862,0.6867
SG_005871,0.155233
SG_005872,0.915333
SG_005873,0.155333
SG_005874,0.413017
SG_005875,0.568717
SG_005877,0.075533
SG_005880,0.32405
SG_005884,0.32065
SG_005892,0.794183
SG_005894,0.4117
SG_005898,0.6625
SG_005899,0.397833
SG_005905,0.719
SG_005909,0.535083
SG_005910,0.69045
SG_005920,0.357967
SG_005921,0.191183
SG_005922,0.199883
SG_005925,0.44355
SG_005928,0.411683
SG_005932,0.017783
SG_005934,0.640017
SG_005935,0.249117
SG_005937,0.587083
SG_005939,0.1486
SG_005943,0.516333
SG_005951,0.113617
SG_005955,0.925183
SG_005959,0.84685
SG_005966,0.76385
SG_005967,0.93275
SG_005969,0.90635
SG_005976,0.967567
SG_005977,0.8167
SG_005979,0.8007
SG_005980,0.489117
SG_005985,0.69675
SG_005986,0.79025
SG_005991,0.9221
SG_005999,0.07165
SG_006000,0.743917
SG_006004,0.926533
SG_006009,0.760883
SG_006012,0.23445
SG_006013,0.383567
SG_006022,0.391233
SG_006023,0.799483
SG_006026,0.2898
SG_006028,0.522517
SG_006029,0.43755
SG_006033,0.562517
SG_006035,0.32725
SG_006036,0.537667
SG_006038,0.45805
SG_006039,0.836867
SG_006041,0.279283
SG_006047,0.57535
SG_006049,0.435533
SG_006050,0.894517
SG_006054,0.020417
SG_006063,0.537717
SG_006067,0.738333
SG_006069,0.70065
SG_006073,0.282933
SG_006074,0.511367
SG_006075,0.109883
SG_006076,0.430817
SG_006077,0.687
SG_006079,0.63145
SG_006081,0.041667
SG_006086,0.609367
SG_006092,0.5813
SG_006095,0.384583
SG_006097,0.851467
SG_006099,0.826933
SG_006101,0.277517
SG_006112,0.726983
SG_006122,0.271167
SG_006127,0.623367
SG_006131,0.114683
SG_006133,0.387533
SG_006136,0.615583
SG_006137,0.80145
SG_006140,0.841983
SG_006143,0.543
SG_006148,0.427633
SG_006150,0.95605
SG_006151,0.726767
SG_006154,0.208067
SG_006161,0.175017
SG_006163,0.7722
SG_006169,0.7337
SG_006170,0.140317
SG_006179,0.759117
SG_006181,0.247233
SG_006184,0.097517
SG_006187,0.327367
SG_006189,0.194183
SG_006197,0.087367
SG_006202,0.1687
SG_006206,0.42375
SG_006212,0.74965
SG_006213,0.844367
SG_006218,0.193133
SG_006222,0.421483
SG_006224,0.3549
SG_006225,0.98945
SG_006226,0.7711
SG_006229,0.260483
SG_006237,0.8884
SG_006238,0.266133
SG_006240,0.061483
SG_006241,0.018
SG_006242,0.70565
SG_006244,0.734983
SG_006245,0.08785
SG_006247,0.7542
SG_006250,0.39025
SG_006251,0.351133
SG_006252,0.421867
SG_006254,0.804717
SG_006256,0.76735
SG_006260,0.064317
SG_006262,0.2121
SG_006263,0.537817
SG_006264,0.01345
SG_006266,0.747283
SG_006269,0.823833
SG_006275,0.967733
SG_006277,0.185967
SG_006283,0.310917
SG_006284,0.557
SG_006287,0.512483
SG_006288,0.131017
SG_006300,0.1474
SG_006301,0.115017
SG_006304,0.797367
SG_006306,0.70095
SG_006313,0.644283
SG_006315,0.139467
SG_006317,0.135433
SG_006320,0.242167
SG_006322,0.846983
SG_006326,0.186417
SG_006328,0.961583
SG_006331,0.123517
SG_006337,0.469783
SG_006340,0.709667
SG_006345,0.863817
SG_006348,0.0949
SG_006349,0.287617
SG_006356,0.453967
SG_006357,0.374233
SG_006358,0.339683
SG_006360,0.985467
SG_006371,0.50725
SG_006373,0.512267
SG_006380,0.886883
SG_006382,0.193683
SG_006388,0.042633
SG_006393,0.804017
SG_006394,0.089283
SG_006396,0.14105
SG_006398,0.684533
SG_006400,0.906617
SG_006403,0.1209
SG_006404,0.039517
SG_006411,0.587733
SG_006417,0.586333
SG_006418,0.915517
SG_006420,0.473333
SG_006421,0.261767
SG_006423,0.848683
SG_006424,0.688517
SG_006429,0.826033
SG_006435,0.20865
SG_006438,0.611533
SG_006439,0.984183
SG_006441,0.359667
SG_006445,0.352017
SG_006446,0.62055
SG_006448,0.56615
SG_006451,0.198817
SG_006452,0.471983
SG_006455,0.515517
SG_006463,0.979
SG_006467,0.313417
SG_006469,0.39485
SG_006470,0.622933
SG_006477,0.704867
SG_006480,0.912933
SG_006486,0.609917
SG_006487,0.417017
SG_006488,0.874667
SG_006490,0.524217
SG_006491,0.82895
SG_006493,0.886367
SG_006494,0.510317
SG_006496,0.144
SG_006497,0.647217
SG_006498,0.839683
SG_006500,0.469433
SG_006502,0.622483
SG_006503,0.3639
SG_006505,0.520333
SG_006506,0.365767
SG_006507,0.479483
SG_006512,0.383533
SG_006516,0.60555
SG_006520,0.43045
SG_006522,0.82155
SG_006528,0.997233
SG_006534,0.672533
SG_006535,0.923317
SG_006536,0.25935
SG_006537,0.53655
SG_006539,0.868367
SG_006541,0.086467
SG_006543,0.656
SG_006545,0.851233
SG_006548,0.587017
SG_006550,0.051867
SG_006551,0.034333
SG_006557,0.42825
SG_006560,0.204867
SG_006564,0.983417
SG_006566,0.514717
SG_006567,0.900383
SG_006577,0.739967
SG_006579,0.185033
SG_006581,0.08065
SG_006588,0.49365
SG_006592,0.4143
SG_006597,0.08215
SG_006601,0.2416
SG_006607,0.035033
SG_006608,0.0712
SG_006610,0.0947
SG_006615,0.827533
SG_006616,0.493283
SG_006620,0.415467
SG_006622,0.284833
SG_006623,0.5078
SG_006624,0.30175
SG_006626,0.93135
SG_006627,0.9758
SG_006633,0.271117
SG_006637,0.355333
SG_006638,0.907483
SG_006639,0.813267
SG_006644,0.596067
SG_006645,0.709517
SG_006651,0.622767
SG_006659,0.5999
SG_006664,0.2159
SG_006668,0.402783
SG_006673,0.4272
SG_006687,0.130817
SG_006688,0.432783
SG_006690,0.579733
SG_006693,0.701267
SG_006698,0.011767
SG_006700,0.548017
SG_006706,0.505483
SG_006710,0.077333
SG_006713,0.659267
SG_006716,0.40885
SG_006728,0.411617
SG_006734,0.913133
SG_006736,0.93455
SG_006744,0.584
SG_006745,0.292133
SG_006749,0.075617
SG_006758,0.218167
SG_006760,0.388983
SG_006765,0.647717
SG_006766,0.7799
SG_006769,0.654183
SG_006778,0.1632
SG_006780,0.43865
SG_006781,0.266617
SG_006786,0.632967
SG_006789,0.206633
SG_006792,0.428883
SG_006793,0.087733
SG_006800,0.854683
SG_006802,0.4904
SG_006808,0.59425
SG_006820,0.193967
SG_006833,0.380983
SG_006835,0.265367
SG_006837,0.087317
SG_006841,0.83675
SG_006847,0.270283
SG_006848,0.157883
SG_006851,0.297533
SG_006852,0.615183
SG_006860,0.009
SG_006861,0.543517
SG_006863,0.2188
SG_006866,0.52505
SG_006868,0.4825
SG_006874,0.043433
SG_006877,0.349533
SG_006879,0.23275
SG_006880,0.427567
SG_006881,0.9251
SG_006889,0.04665
SG_006890,0.82915
SG_006897,0.944683
SG_006901,0.496083
SG_006908,0.302233
SG_006910,0.3021
SG_006914,0.920483
SG_006918,0.715317
SG_006924,0.136433
SG_006925,0.914567
SG_006927,0.24755
SG_006929,0.134767
SG_006937,0.767833
SG_006938,0.466067
SG_006940,0.577117
SG_006942,0.060033
SG_006945,0.123917
SG_006949,0.522467
SG_006950,0.669367
SG_006951,0.348333
SG_006953,0.198133
SG_006954,0.842817
SG_006956,0.8726
SG_006957,0.5905
SG_006962,0.693417
SG_006963,0.35865
SG_006964,0.118033
SG_006966,0.015333
SG_006970,0.446633
SG_006971,0.699733
SG_006972,0.607383
SG_006974,0.93515
SG_006977,0.062867
SG_006978,0.211983
SG_006981,0.734217
SG_006982,0.942717
SG_006983,0.003617
SG_006984,0.071867
SG_006987,0.50305
SG_006994,0.614917
SG_006997,0.023033
SG_007002,0.55195
SG_007005,0.58805
SG_007009,0.293833
SG_007011,0.264517
SG_007017,0.0283
SG_007018,0.084633
SG_007019,0.14185
SG_007029,0.696083
SG_007030,0.160117
SG_007033,0.5488
SG_007040,0.281683
SG_007047,0.595017
SG_007054,0.01125
SG_007055,0.953883
SG_007056,0.933583
SG_007061,0.49645
SG_007062,0.17305
SG_007067,0.780667
SG_007068,0.294283
SG_007069,0.90385
SG_007073,0.033017
SG_007075,0.479433
SG_007076,0.526683
SG_007078,0.838417
SG_007080,0.7888
SG_007091,0.446883
SG_007095,0.29555
SG_007100,0.351033
SG_007104,0.46975
SG_007112,0.7162
SG_007114,0.9908
SG_007127,0.324083
SG_007130,0.05255
SG_007133,0.751917
SG_007136,0.220683
SG_007138,0.943967
SG_007139,0.261033
SG_007143,0.524933
SG_007146,0.63155
SG_007150,0.275867
SG_007155,0.283183
SG_007157,0.815183
SG_007160,0.7733
SG_007162,0.206333
SG_007163,0.8329
SG_007166,0.894683
SG_007168,0.179367
SG_007170,0.107283
SG_007179,0.274667
SG_007181,0.294483
SG_007183,0.17785
SG_007186,0.212633
SG_007202,0.137517
SG_007203,0.61255
SG_007204,0.076867
SG_007205,0.903683
SG_007210,0.7716
SG_007212,0.279133
SG_007215,0.036183
SG_007218,0.515
SG_007226,0.103633
SG_007229,0.559183
SG_007231,0.835283
SG_007234,0.419633
SG_007237,0.806883
SG_007239,0.067133
SG_007240,0.791317
SG_007249,0.8775
SG_007252,0.0114
SG_007255,0.12245
SG_007256,0.4016
SG_007257,0.895033
SG_007263,0.772967
SG_007264,0.356467
SG_007265,0.4506
SG_007268,0.526033
SG_007271,0.6788
SG_007275,0.6589
SG_007280,0.485917
SG_007281,0.763
SG_007282,0.1579
SG_007283,0.33715
SG_007287,0.511783
SG_007288,0.643483
SG_007301,0.87535
SG_007307,0.253767
SG_007310,0.623483
SG_007312,0.873583
SG_007314,0.76325
SG_007319,0.496117
SG_007326,0.061483
SG_007331,0.657383
SG_007333,0.484533
SG_007334,0.792117
SG_007338,0.29535
SG_007340,0.965833
SG_007345,0.027117
SG_007349,0.615267
SG_007356,0.174667
SG_007358,0.0693
SG_007368,0.467
SG_007370,0.336433
SG_007371,0.476067
SG_007372,0.198567
SG_007375,0.264117
SG_007378,0.569467
SG_007379,0.4188
SG_007380,0.7318
SG_007383,0.313283
SG_007384,0.928833
SG_007389,0.306983
SG_007390,0.330633
SG_007401,0.969083
SG_007403,0.6517
SG_007406,0.324167
SG_007409,0.926417
SG_007410,0.87615
SG_007413,0.773567
SG_007416,0.498733
SG_007419,0.877567
SG_007420,0.68565
SG_007423,0.736083
SG_007424,0.978333
SG_007428,0.8645
SG_007433,0.73565
SG_007434,0.018933
SG_007437,0.337133
SG_007441,0.763833
SG_007443,0.44945
SG_007450,0.035717
SG_007452,0.98545
SG_007455,0.539883
SG_007462,0.859283
SG_007464,0.961567
SG_007466,0.44885
SG_007469,0.310817
SG_007470,0.99255
SG_007472,0.11995
SG_007476,0.555117
SG_007486,0.765183
SG_007489,0.700167
SG_007490,0.136917
SG_007495,0.898517
SG_007499,0.90255
SG_007506,0.120667
SG_007508,0.055883
SG_007509,0.167583
SG_007517,0.64805
SG_007518,0.946317
SG_007522,0.985117
SG_007524,0.44065
SG_007527,0.2232
SG_007535,0.169017
SG_007540,0.636
SG_007546,0.270017
SG_007552,0.373417
SG_007553,0.817917
SG_007557,0.830717
SG_007558,0.783317
SG_007560,0.732633
SG_007568,0.017733
SG_007571,0.934917
SG_007573,0.19895
SG_007577,0.153983
SG_007578,0.3168
SG_007579,0.001017
SG_007582,0.522167
SG_007586,0.102067
SG_007587,0.873117
SG_007589,0.644733
SG_007591,0.1714
SG_007595,0.2038
SG_007597,0.738083
SG_007599,0.389867
SG_007602,0.3835
SG_007605,0.293917
SG_007609,0.073417
SG_007614,0.75225
SG_007620,0.244517
SG_007628,0.90295
SG_007630,0.370117
SG_007646,0.5957
SG_007648,0.1266
SG_007654,0.6448
SG_007655,0.792967
SG_007656,0.81115
SG_007657,0.76485
SG_007658,0.530083
SG_007659,0.720667
SG_007660,0.460717
SG_007663,0.071467
SG_007665,0.916
SG_007667,0.410867
SG_007670,0.4422
SG_007678,0.333867
SG_007679,0.8714
SG_007681,0.1605
SG_007685,0.167367
SG_007686,0.74055
SG_007687,0.18615
SG_007688,0.1835
SG_007691,0.262583
SG_007696,0.172833
SG_007698,0.3425
SG_007700,0.793617
SG_007703,0.093617
SG_007704,0.114583
SG_007706,0.760917
SG_007711,0.312317
SG_007712,0.778017
SG_007714,0.346183
SG_007717,0.258833
SG_007719,0.594267
SG_007720,0.347333
SG_007721,0.228133
SG_007728,0.576783
SG_007737,0.805767
SG_007741,0.531517
SG_007742,0.103717
SG_007744,0.407717
SG_007746,0.7458
SG_007748,0.150217
SG_007750,0.119
SG_007751,0.114733
SG_007752,0.052967
SG_007758,0.62105
SG_007760,0.243017
SG_007762,0.724967
SG_007770,0.26325
SG_007772,0.568517
SG_007776,0.1227
SG_007780,0.659983
SG_007781,0.195083
SG_007782,0.456017
SG_007787,0.70085
SG_007800,0.754917
SG_007801,0.860583
SG_007804,0.22075
SG_007805,0.832567
SG_007807,0.319633
SG_007808,0.928717
SG_007813,0.2885
SG_007815,0.313883
SG_007817,0.460717
SG_007818,0.707967
SG_007820,0.594483
SG_007822,0.3167
SG_007823,0.179567
SG_007824,0.221883
SG_007834,0.340983
SG_007836,0.303
SG_007839,0.549217
SG_007842,0.134817
SG_007844,0.168833
SG_007846,0.4457
SG_007849,0.039383
SG_007858,0.698233
SG_007864,0.973833
SG_007866,0.597783
SG_007875,0.69895
SG_007876,0.510967
SG_007880,0.4956
SG_007884,0.39625
SG_007889,0.764017
SG_007892,0.301783
SG_007897,0.534533
SG_007898,0.249617
SG_007899,0.1924
SG_007901,0.563083
SG_007908,0.9024
SG_007910,0.464767
SG_007922,0.284333
SG_007923,0.161333
SG_007926,0.976
SG_007931,0.7134
SG_007933,0.698383
SG_007939,0.682183
SG_007940,0.134017
SG_007946,0.77465
SG_007947,0.506983
SG_007948,0.406617
SG_007954,0.160867
SG_007957,0.190083
SG_007960,0.865167
SG_007964,0.222933
SG_007965,0.476783
SG_007980,0.87515
SG_007985,0.766383
SG_007992,0.187133
SG_007996,0.626983
SG_007998,0.378817
SG_007999,0.372667
SG_008014,0.564883
SG_008015,0.149217
SG_008020,0.355483
SG_008026,0.663067
SG_008033,0.18905
SG_008043,0.232333
SG_008050,0.301733
SG_008055,0.589383
SG_008056,0.825367
SG_008058,0.4494
SG_008067,0.235133
SG_008074,0.69805
SG_008076,0.668733
SG_008081,0.885917
SG_008091,0.307183
SG_008099,0.816733
SG_008100,0.253067
SG_008101,0.13205
SG_008104,0.8775
SG_008115,0.757567
SG_008117,0.29305
SG_008118,0.536117
SG_008127,0.1888
SG_008131,0.480717
SG_008133,0.406067
SG_008137,0.767183
SG_008140,0.871067
SG_008141,0.61915
SG_008145,0.226967
SG_008152,0.239933
SG_008156,0.892417
SG_008160,0.682967
SG_008164,0.770933
SG_008167,0.655767
SG_008175,0.09225
SG_008176,0.680817
SG_008183,0.89285
SG_008188,0.687917
SG_008191,0.334667
SG_008192,0.57325
SG_008193,0.286117
SG_008195,0.727783
SG_008202,0.804617
SG_008213,0.707517
SG_008217,0.77935
SG_008224,0.338783
SG_008228,0.416767
SG_008229,0.2554
SG_008237,0.17125
SG_008242,0.039133
SG_008246,0.461083
SG_008248,0.129917
SG_008249,0.8569
SG_008253,0.271617
SG_008257,0.73975
SG_008261,0.895967
SG_008264,0.517583
SG_008265,0.875383
SG_008281,0.683783
SG_008283,0.227433
SG_008287,0.13065
SG_008291,0.760717
SG_008293,0.744383
SG_008294,0.27535
SG_008296,0.285083
SG_008298,0.51925
SG_008309,0.690983
SG_008310,0.463867
SG_008312,0.488717
SG_008316,0.71335
SG_008317,0.074567
SG_008318,0.37755
SG_008327,0.4719
SG_008330,0.807817
SG_008333,0.014433
SG_008336,0.3988
SG_008345,0.39965
SG_008347,0.2135
SG_008355,0.878917
SG_008358,0.695083
SG_008359,0.908183
SG_008360,0.456167
SG_008361,0.09065
SG_008362,0.773717
SG_008365,0.254933
SG_008366,0.86025
SG_008375,0.478683
SG_008376,0.475783
SG_008382,0.0536
SG_008383,0.468133
SG_008388,0.734383
SG_008389,0.8522
SG_008392,0.554633
SG_008396,0.376517
SG_008402,0.222233
SG_008410,0.251817
SG_008413,0.911517
SG_008417,0.9082
SG_008420,0.805883
SG_008422,0.8019
SG_008435,0.708867
SG_008440,0.031517
SG_008441,0.63115
SG_008442,0.240567
SG_008443,0.167267
SG_008444,0.550717
SG_008449,0.56915
SG_008452,0.84105
SG_008457,0.6563
SG_008459,0.969367
SG_008462,0.25935
SG_008467,0.51485
SG_008468,0.295167
SG_008478,0.050233
SG_008482,0.808833
SG_008484,0.95235
SG_008485,0.722417
SG_008494,0.207983
SG_008497,0.23435
SG_008498,0.73635
SG_008500,0.9089
SG_008501,0.61725
SG_008504,0.516667
SG_008506,0.993717
SG_008512,0.680883
SG_008514,0.946717
SG_008517,0.716133
SG_008522,0.628433
SG_008527,0.31985
SG_008529,0.701817
SG_008531,0.093433
SG_008534,0.986883
SG_008535,0.248067
SG_008536,0.225983
SG_008538,0.471317
SG_008541,0.30205
SG_008542,0.464967
SG_008545,0.995983
SG_008547,0.622717
SG_008549,0.560417
SG_008550,0.038133
SG_008551,0.7346
SG_008553,0.425383
SG_008555,0.211117
SG_008557,0.85215
SG_008561,0.081483
SG_008564,0.346183
SG_008565,0.852767
SG_008568,0.587683
SG_008569,0.146433
SG_008570,0.886983
SG_008572,0.32625
SG_008574,0.985733
SG_008575,0.674517
SG_008576,0.024667
SG_008577,0.85065
SG_008580,0.267017
SG_008586,0.515633
SG_008594,0.523683
SG_008598,0.172533
SG_008600,0.697433
SG_008614,0.64345
SG_008615,0.938667
SG_008617,0.511483
SG_008624,0.54405
SG_008630,0.958167
SG_008635,0.232233
SG_008636,0.0114
SG_008639,0.779467
SG_008645,0.137867
SG_008646,0.6559
SG_008650,0.8262
SG_008653,0.803167
SG_008669,0.6535
SG_008671,0.7281
SG_008689,0.800517
SG_008691,0.682133
SG_008693,0.977583
SG_008708,0.4219
SG_008714,0.780417
SG_008726,0.202267
SG_008727,0.905367
SG_008729,0.156067
SG_008734,0.7957
SG_008735,0.395967
SG_008737,0.951467
SG_008739,0.26635
SG_008745,0.944117
SG_008749,0.07265
SG_008755,0.445333
SG_008759,0.116417
SG_008766,0.254083
SG_008769,0.463633
SG_008770,0.255917
SG_008771,0.031183
SG_008773,0.917617
SG_008774,0.57255
SG_008776,0.333367
SG_008777,0.651283
SG_008780,0.839467
SG_008782,0.680767
SG_008784,0.157817
SG_008785,0.725633
SG_008787,0.305633
SG_008789,0.81275
SG_008793,0.43005
SG_008798,0.50265
SG_008810,0.615383
SG_008816,0.822167
SG_008823,0.912817
SG_008824,0.649633
SG_008825,0.7315
SG_008828,0.8235
SG_008836,0.5791
SG_008839,0.219933
SG_008840,0.225433
SG_008841,0.129133
SG_008843,0.620217
SG_008844,0.798017
SG_008845,0.777467
SG_008849,0.55415
SG_008850,0.324933
SG_008853,0.410183
SG_008855,0.206383
SG_008859,0.372067
SG_008862,0.771417
SG_008864,0.159733
SG_008865,0.168467
SG_008866,0.05895
SG_008867,0.929983
SG_008869,0.7981
SG_008876,0.934767
SG_008881,0.540267
SG_008883,0.450533
SG_008888,0.0311
SG_008889,0.931117
SG_008895,0.91125
SG_008897,0.6345
SG_008901,0.072217
SG_008905,0.045917
SG_008907,0.2804
SG_008908,0.09765
SG_008910,0.216933
SG_008913,0.642367
SG_008914,0.047667
SG_008917,0.28005
SG_008919,0.204033
SG_008920,0.981583
SG_008925,0.656317
SG_008926,0.687917
SG_008927,0.504017
SG_008930,0.610217
SG_008932,0.2401
SG_008934,0.966533
SG_008937,0.067567
SG_008940,0.5849
SG_008943,0.1391
SG_008947,0.0342
SG_008955,0.678267
SG_008960,0.825533
SG_008962,0.007417
SG_008964,0.555483
SG_008965,0.125267
SG_008966,0.505967
SG_008971,0.14395
SG_008972,0.05035
SG_008976,0.793533
SG_008978,0.100433
SG_008983,0.4208
SG_008989,0.944067
SG_008990,0.31915
SG_008994,0.71305
SG_008996,0.675967
SG_008998,0.283417
SG_008999,0.054833
SG_009001,0.922567
SG_009005,0.16665
SG_009006,0.168383
SG_009011,0.4786
SG_009017,0.26
SG_009018,0.467417
SG_009032,0.149317
SG_009034,0.09405
SG_009043,0.915433
SG_009047,0.305917
SG_009048,0.15645
SG_009053,0.35835
SG_009055,0.164033
SG_009058,0.291933
SG_009063,0.805433
SG_009064,0.961533
SG_009065,0.814567
SG_009069,0.79045
SG_009070,0.56865
SG_009072,0.513333
SG_009075,0.50645
SG_009079,0.134633
SG_009080,0.83875
SG_009081,0.209183
SG_009083,0.238567
SG_009085,0.4129
SG_009091,0.523267
SG_009093,0.3502
SG_009100,0.022867
SG_009109,0.764167
SG_009115,0.188383
SG_009119,0.579483
SG_009120,0.866567
SG_009123,0.55625
SG_009124,0.350083
SG_009127,0.06765
SG_009128,0.056433
SG_009135,0.681917
SG_009136,0.75525
SG_009139,0.27545
SG_009146,0.968567
SG_009147,0.7337
SG_009149,0.167417
SG_009150,0.83415
SG_009152,0.942183
SG_009153,0.232233
SG_009159,0.325933
SG_009168,0.4348
SG_009169,0.9697
SG_009170,0.500867
SG_009172,0.124633
SG_009176,0.28745
SG_009179,0.526717
SG_009183,0.606383
SG_009193,0.53975
SG_009196,0.905817
SG_009199,0.470183
SG_009202,0.607617
SG_009203,0.234233
SG_009204,0.05455
SG_009206,0.2005
SG_009207,0.764617
SG_009209,0.265067
SG_009210,0.606317
SG_009214,0.806833
SG_009220,0.530867
SG_009223,0.300517
SG_009224,0.431783
SG_009225,0.315067
SG_009226,0.981967
SG_009229,0.398833
SG_009230,0.836233
SG_009236,0.59255
SG_009242,0.14155
SG_009246,0.7775
SG_009250,0.642783
SG_009253,0.7497
SG_009266,0.960467
SG_009268,0.399617
SG_009272,0.874067
SG_009273,0.10695
SG_009274,0.758233
SG_009277,0.631
SG_009278,0.5852
SG_009279,0.41635
SG_009280,0.436283
SG_009281,0.359833
SG_009289,0.839733
SG_009290,0.87965
SG_009299,0.13165
SG_009300,0.403017
SG_009305,0.035983
SG_009307,0.74515
SG_009319,0.051683
SG_009328,0.201717
SG_009333,0.088
SG_009335,0.244317
SG_009341,0.719483
SG_009347,0.44975
SG_009354,0.7767
SG_009355,0.985117
SG_009357,0.552533
SG_009362,0.519367
SG_009363,0.93425
SG_009365,0.097517
SG_009366,0.9539
SG_009367,0.4285
SG_009370,0.706467
SG_009386,0.381467
SG_009392,0.168667
SG_009398,0.312133
SG_009400,0.252167
SG_009402,0.506567
SG_009403,0.210883
SG_009404,0.3174
SG_009406,0.413817
SG_009407,0.629633
SG_009408,0.0045
SG_009409,0.043367
SG_009410,0.828117
SG_009411,0.434667
SG_009412,0.557733
SG_009413,0.488533
SG_009415,0.284233
SG_009417,0.590933
SG_009419,0.562667
SG_009425,0.835583
SG_009426,0.6302
SG_009427,0.647267
SG_009429,0.069617
SG_009434,0.661333
SG_009438,0.371617
SG_009441,0.46365
SG_009442,0.14765
SG_009444,0.72775
SG_009445,0.8794
SG_009446,0.3157
SG_009447,0.34715
SG_009449,0.330683
SG_009455,0.273083
SG_009458,0.673133
SG_009461,0.971367
SG_009462,0.9871
SG_009466,0.241183
SG_009473,0.197583
SG_009478,0.90175
SG_009479,0.344767
SG_009481,0.38875
SG_009485,0.19035
SG_009490,0.672167
SG_009496,0.161667
SG_009500,0.365883
SG_009502,0.991967
SG_009504,0.559983
SG_009505,0.412867
SG_009516,0.362517
SG_009518,0.70765
SG_009519,0.706317
SG_009528,0.143783
SG_009529,0.38985
SG_009530,0.188533
SG_009533,0.5404
SG_009537,0.022217
SG_009539,0.058483
SG_009540,0.156883
SG_009541,0.719767
SG_009544,0.18165
SG_009556,0.194267
SG_009558,0.557517
SG_009566,0.13475
SG_009567,0.66655
SG_009569,0.076717
SG_009573,0.485583
SG_009577,0.312817
SG_009581,0.341667
SG_009582,0.327033
SG_009584,0.089067
SG_009585,0.40915
SG_009589,0.488417
SG_009592,0.075333
SG_009593,0.282617
SG_009602,0.19405
SG_009614,0.199733
SG_009616,0.918733
SG_009618,0.997933
SG_009619,0.356733
SG_009620,0.555417
SG_009622,0.14415
SG_009630,0.9852
SG_009632,0.09345
SG_009639,0.207483
SG_009649,0.809783
SG_009651,0.4794
SG_009661,0.5627
SG_009670,0.163583
SG_009671,0.680517
SG_009679,0.865933
SG_009681,0.148433
SG_009683,0.430383
SG_009687,0.918517
SG_009690,0.335383
SG_009691,0.907583
SG_009694,0.53785
SG_009696,0.9959
SG_009701,0.874983
SG_009702,0.47485
SG_009707,0.526517
SG_009716,0.21505
SG_009718,0.612433
SG_009727,0.508083
SG_009736,0.616233
SG_009741,0.2963
SG_009744,0.753417
SG_009746,0.542767
SG_009747,0.682783
SG_009751,0.21835
SG_009754,0.785717
SG_009757,0.2328
SG_009759,0.968383
SG_009760,0.561383
SG_009762,0.057467
SG_009763,0.490767
SG_009766,0.436783
SG_009776,0.664983
SG_009778,0.953767
SG_009780,0.833983
SG_009782,0.914617
SG_009783,0.036833
SG_009785,0.130167
SG_009786,0.880883
SG_009791,0.3781
SG_009794,0.138583
SG_009795,0.6416
SG_009799,0.47175
SG_009800,0.90765
SG_009814,0.74835
SG_009819,0.195267
SG_009824,0.27475
SG_009825,0.78225
SG_009829,0.905783
SG_009834,0.735217
SG_009837,0.964117
SG_009838,0.497733
SG_009843,0.377667
SG_009845,0.457583
SG_009851,0.71185
SG_009855,0.881733
SG_009856,0.883683
SG_009862,0.382183
SG_009865,0.161783
SG_009867,0.703083
SG_009868,0.56315
SG_009869,0.245783
SG_009870,0.770483
SG_009875,0.1452
SG_009876,0.470967
SG_009877,0.6646
SG_009878,0.818267
SG_009880,0.695483
SG_009881,0.2493
SG_009895,0.85225
SG_009905,0.226067
SG_009909,0.238267
SG_009914,0.5977
SG_009916,0.6316
SG_009921,0.290017
SG_009923,0.729367
SG_009926,0.8392
SG_009929,0.849083
SG_009932,0.62305
SG_009933,0.294333
SG_009935,0.045533
SG_009936,0.460333
SG_009937,0.4278
SG_009941,0.619683
SG_009942,0.299567
SG_009953,0.71
SG_009956,0.196283
SG_009959,0.455167
SG_009964,0.441333
SG_009972,0.870933
SG_009977,0.528883
SG_009979,0.7514
SG_009982,0.44665
SG_009985,0.735933
SG_009987,0.125067
SG_009989,0.673467
SG_009993,0.200833
SG_009997,0.729583
SG_009999,0.390817
SG_010002,0.870417
SG_010007,0.85515
SG_010008,0.46755
SG_010009,0.1961
SG_010010,0.6687
SG_010011,0.508467
SG_010012,0.3946
SG_010014,0.241317
SG_010015,0.8487
SG_010019,0.161483
SG_010020,0.1456
SG_010021,0.05955
SG_010024,0.37465
SG_010025,0.559483
SG_010034,0.315183
SG_010037,0.365217
SG_010038,0.182383
SG_010042,0.81025
SG_010045,0.50855
SG_010047,0.445667
SG_010048,0.794083
SG_010050,0.629667
SG_010052,0.3952
SG_010058,0.285717
SG_010061,0.781133
SG_010068,0.4298
SG_010069,0.099033
SG_010074,0.181517
SG_010078,0.345983
SG_010081,0.1365
SG_010084,0.356617
SG_010085,0.516267
SG_010086,0.97955
SG_010088,0.654433
SG_010091,0.247117
SG_010092,0.859367
SG_010099,0.883417
SG_010101,0.381517
SG_010103,0.436
SG_010104,0.686317
SG_010106,0.845633
SG_010109,0.223283
SG_010115,0.19735
SG_010116,0.878483
SG_010117,0.704217
SG_010123,0.994417
SG_010130,0.058017
SG_010132,0.062833
SG_010134,0.5195
SG_010142,0.93125
SG_010144,0.064667
SG_010146,0.4638
SG_010151,0.260683
SG_010153,0.93315
SG_010155,0.804467
SG_010157,0.658567
SG_010165,0.031783
SG_010166,0.625267
SG_010169,0.088367
SG_010170,0.487067
SG_010172,0.2692
SG_010173,0.541667
SG_010174,0.590833
SG_010175,0.535667
SG_010176,0.681033
SG_010182,0.404
SG_010183,0.2707
SG_010184,0.613
SG_010187,0.440717
SG_010195,0.125983
SG_010198,0.587067
SG_010199,0.594267
SG_010200,0.0387
SG_010204,0.803883
SG_010206,0.6111
SG_010208,0.48085
SG_010209,0.0659
SG_010210,0.645967
SG_010213,0.1842
SG_010217,0.672717
SG_010226,0.801917
SG_010227,0.514283
SG_010234,0.41725
SG_010235,0.19765
SG_010238,0.9127
SG_010241,0.278617
SG_010242,0.017433
SG_010243,0.0793
SG_010246,0.809267
SG_010252,0.98085
SG_010253,0.900483
SG_010256,0.326217
SG_010257,0.581233
SG_010258,0.185883
SG_010259,0.974633
SG_010261,0.52945
SG_010263,0.327767
SG_010265,0.172783
SG_010267,0.216867
SG_010271,0.899
SG_010273,0.561617
SG_010274,0.617333
SG_010277,0.739017
SG_010284,0.127717
SG_010286,0.2996
SG_010287,0.984867
SG_010288,0.2123
SG_010293,0.41945
SG_010294,0.72365
SG_010298,0.414767
SG_010306,0.919833
SG_010313,0.51545
SG_010315,0.907217
SG_010316,0.7697
SG_010319,0.205467
SG_010320,0.863217
SG_010322,0.366433
SG_010323,0.901067
SG_010326,0.111033
SG_010328,0.576433
SG_010329,0.991217
SG_010330,0.857267
SG_010332,0.082733
SG_010336,0.733883
SG_010344,0.664183
SG_010347,0.899867
SG_010350,0.66565
SG_010352,0.976983
SG_010354,0.79105
SG_010358,0.643067
SG_010371,0.469817
SG_010373,0.620033
SG_010379,0.177633
SG_010386,0.642817
SG_010393,0.07915
SG_010394,0.408633
SG_010399,0.980933
SG_010401,0.605217
SG_010404,0.186917
SG_010406,0.599983
SG_010407,0.260983
SG_010409,0.99555
SG_010412,0.5245
SG_010418,0.093867
SG_010420,0.062183
SG_010424,0.926267
SG_010425,0.563317
SG_010428,0.982683
SG_010430,0.8132
SG_010431,0.743133
SG_010435,0.283567
SG_010442,0.976367
SG_010455,0.59585
SG_010459,0.51995
SG_010460,0.8388
SG_010461,0.672033
SG_010462,0.503867
SG_010465,0.06065
SG_010467,0.4544
SG_010469,0.758983
SG_010470,0.742
SG_010472,0.104083
SG_010475,0.791433
SG_010477,0.926383
SG_010481,0.802667
SG_010482,0.472967
SG_010483,0.362917
SG_010485,0.578167
SG_010486,0.430267
SG_010487,0.79565
SG_010490,0.33865
SG_010492,0.207717
SG_010493,0.43865
SG_010495,0.068117
SG_010498,0.332783
SG_010499,0.12685
SG_010501,0.802183
SG_010503,0.16315
SG_010505,0.166033
SG_010506,0.030117
SG_010507,0.040883
SG_010509,0.72395
SG_010510,0.31445
SG_010515,0.970433
SG_010517,0.8679
SG_010518,0.740883
SG_010531,0.648867
SG_010546,0.827517
SG_010547,0.515317
SG_010550,0.772783
SG_010552,0.17165
SG_010553,0.375267
SG_010555,0.506817
SG_010561,0.225
SG_010562,0.172533
SG_010563,0.681483
SG_010569,0.7427
SG_010571,0.352167
SG_010577,0.046983
SG_010578,0.351767
SG_010579,0.645117
SG_010582,0.459083
SG_010585,0.925983
SG_010586,0.869967
SG_010588,0.306583
SG_010589,0.14065
SG_010590,0.751317
SG_010592,0.937817
SG_010594,0.31415
SG_010598,0.832583
SG_010600,0.251517
SG_010607,0.323867
SG_010611,0.881817
SG_010615,0.81895
SG_010616,0.835767
SG_010619,0.564867
SG_010627,0.335817
SG_010634,0.063733
SG_010635,0.021683
SG_010636,0.355117
SG_010649,0.842433
SG_010651,0.362217
SG_010653,0.761267
SG_010655,0.266667
SG_010659,0.199167
SG_010662,0.936833
SG_010664,0.976817
SG_010666,0.112067
SG_010668,0.325033
SG_010670,0.567817
SG_010673,0.942967
SG_010674,0.200567
SG_010679,0.7326
SG_010684,0.854983
SG_010685,0.178183
SG_010690,0.136833
SG_010696,0.464733
SG_010700,0.560333
SG_010707,0.251783
SG_010708,0.46355
SG_010713,0.0831
SG_010717,0.48605
SG_010718,0.258817
SG_010721,0.816783
SG_010722,0.245467
SG_010726,0.936967
SG_010729,0.200583
SG_010733,0.289567
SG_010734,0.7847
SG_010737,0.427567
SG_010739,0.360183
SG_010745,0.695217
SG_010752,0.39625
SG_010753,0.829067
SG_010757,0.188217
SG_010760,0.567367
SG_010763,0.22905
SG_010769,0.720633
SG_010772,0.895283
SG_010773,0.0855
SG_010774,0.5738
SG_010781,0.280867
SG_010784,0.042783
SG_010789,0.119
SG_010791,0.7339
SG_010795,0.967267
SG_010796,0.395883
SG_010798,0.35065
SG_010801,0.298433
SG_010803,0.941983
SG_010808,0.6968
SG_010809,0.164217
SG_010810,0.9168
SG_010814,0.713667
SG_010816,0.005117
SG_010818,0.086983
SG_010824,0.858933
SG_010828,0.963717
SG_010830,0.883367
SG_010831,0.350283
SG_010837,0.7066
SG_010843,0.64565
SG_010844,0.904217
SG_010845,0.0924
SG_010846,0.2078
SG_010847,0.714583
SG_010853,0.41785
SG_010857,0.003383
SG_010860,0.327933
SG_010863,0.188533
SG_010865,0.331383
SG_010870,0.90295
SG_010871,0.470783
SG_010872,0.452867
SG_010876,0.984933
SG_010881,0.215117
SG_010882,0.59295
SG_010884,0.90485
SG_010887,0.504867
SG_010888,0.64875
SG_010889,0.876283
SG_010894,0.56575
SG_010896,0.829333
SG_010898,0.305717
SG_010902,0.5042
SG_010904,0.684533
SG_010907,0.806767
SG_010911,0.020417
SG_010922,0.88855
SG_010930,0.008433
SG_010946,0.68195
SG_010951,0.170967
SG_010956,0.822367
SG_010960,0.856333
SG_010961,0.560917
SG_010962,0.3001
SG_010969,0.5087
SG_010971,0.319367
SG_010973,0.788217
SG_010974,0.175133
SG_010977,0.16295
SG_010982,0.053183
SG_010985,0.249567
SG_010986,0.354283
SG_010987,0.721967
SG_010993,0.133567
SG_010995,0.093117
SG_010998,0.92855
SG_011003,0.073883
SG_011010,0.115783
SG_011012,0.555833
SG_011016,0.18055
SG_011017,0.507033
SG_011025,0.62765
SG_011031,0.82095
SG_011050,0.224867
SG_011052,0.771017
SG_011053,0.8013
SG_011055,0.373567
SG_011057,0.7427
SG_011060,0.197783
SG_011073,0.487217
SG_011075,0.71535
SG_011077,0.231833
SG_011088,0.178833
SG_011089,0.577617
SG_011097,0.401767
SG_011107,0.3276
SG_011110,0.1962
SG_011117,0.49045
SG_011120,0.826483
SG_011132,0.573033
SG_011133,0.044433
SG_011139,0.939783
SG_011143,0.8776
SG_011144,0.42165
SG_011147,0.737567
SG_011148,0.4037
SG_011151,0.072233
SG_011152,0.930917
SG_011154,0.540533
SG_011158,0.456367
SG_011159,0.864617
SG_011160,0.814433
SG_011161,0.67345
SG_011162,0.247483
SG_011164,0.249
SG_011169,0.41965
SG_011170,0.373217
SG_011175,0.517283
SG_011176,0.73385
SG_011177,0.44425
SG_011182,0.639133
SG_011184,0.569083
SG_011186,0.263683
SG_011190,0.119883
SG_011192,0.73865
SG_011199,0.352733
SG_011200,0.150133
SG_011201,0.215367
SG_011203,0.112633
SG_011208,0.9678
SG_011212,0.103467
SG_011214,0.544817
SG_011221,0.910033
SG_011222,0.780967
SG_011224,0.280283
SG_011226,0.897833
SG_011235,0.621983
SG_011239,0.327933
SG_011250,0.16685
SG_011257,0.550417
SG_011259,0.620817
SG_011261,0.486167
SG_011262,0.851383
SG_011266,0.720683
SG_011274,0.27595
SG_011275,0.105117
SG_011279,0.1962
SG_011280,0.4334
SG_011285,0.077833
SG_011291,0.509867
SG_011294,0.248467
SG_011298,0.5967
SG_011303,0.459283
SG_011304,0.115183
SG_011306,0.159933
SG_011307,0.667217
SG_011308,0.911833
SG_011309,0.69105
SG_011310,0.501333
SG_011312,0.944967
SG_011313,0.991417
SG_011327,0.226533
SG_011333,0.519267
SG_011335,0.6896
SG_011337,0.322517
SG_011340,0.099517
SG_011343,0.125283
SG_011345,0.07555
SG_011347,0.146383
SG_011350,0.277833
SG_011357,0.7429
SG_011360,0.381333
SG_011361,0.841717
SG_011367,0.184717
SG_011371,0.321383
SG_011376,0.30515
SG_011377,0.94615
SG_011380,0.283667
SG_011381,0.307
SG_011383,0.438583
SG_011398,0.76765
SG_011401,0.6575
SG_011413,0.540933
SG_011416,0.350667
SG_011420,0.692333
SG_011429,0.6832
SG_011432,0.121683
SG_011437,0.313917
SG_011443,0.493483
SG_011447,0.862067
SG_011450,0.520267
SG_011457,0.373267
SG_011458,0.459433
SG_011460,0.189833
SG_011464,0.072783
SG_011468,0.504783
SG_011469,0.80345
SG_011473,0.976133
SG_011475,0.7979
SG_011479,0.837933
SG_011482,0.932017
SG_011483,0.96315
SG_011492,0.7206
SG_011493,0.552933
SG_011497,0.0417
SG_011503,0.277383
SG_011504,0.527033
SG_011505,0.686567
SG_011512,0.74025
SG_011519,0.49805
SG_011526,0.57965
SG_011527,0.603167
SG_011528,0.651167
SG_011532,0.29225
SG_011541,0.68455
SG_011544,0.6524
SG_011547,0.974
SG_011548,0.90775
SG_011552,0.5777
SG_011566,0.57485
SG_011567,0.964517
SG_011569,0.98655
SG_011575,0.250267
SG_011576,0.802517
SG_011577,0.215567
SG_011581,0.45465
SG_011584,0.814433
SG_011586,0.75025
SG_011593,0.72105
SG_011597,0.566067
SG_011598,0.92755
SG_011602,0.778283
SG_011605,0.807567
SG_011607,0.194117
SG_011612,0.958133
SG_011616,0.157083
SG_011617,0.35085
SG_011620,0.948233
SG_011622,0.512917
SG_011625,0.672
SG_011626,0.481067
SG_011627,0.8851
SG_011632,0.90955
SG_011633,0.355733
SG_011635,0.879583
SG_011638,0.822483
SG_011640,0.859767
SG_011645,0.149117
SG_011649,0.755667
SG_011656,0.471017
SG_011662,0.131667
SG_011663,0.601683
SG_011666,0.5252
SG_011672,0.12245
SG_011673,0.552167
SG_011676,0.7954
SG_011678,0.62675
SG_011682,0.382983
SG_011683,0.33185
SG_011684,0.045933
SG_011691,0.551533
SG_011694,0.179033
SG_011695,0.43615
SG_011697,0.181533
SG_011699,0.229867
SG_011701,0.631233
SG_011704,0.851717
SG_011705,0.25625
SG_011708,0.3648
SG_011714,0.927117
SG_011715,0.442583
SG_011720,0.513567
SG_011721,0.052283
SG_011727,0.179783
SG_011728,0.570567
SG_011729,0.28715
SG_011731,0.150283
SG_011736,0.638167
SG_011737,0.097467
SG_011747,0.229933
SG_011749,0.914167
SG_011750,0.568817
SG_011752,0.417033
SG_011757,0.9063
SG_011764,0.47815
SG_011767,0.251733
SG_011769,0.90715
SG_011770,0.6488
SG_011772,0.654
SG_011773,0.605567
SG_011777,0.255883
SG_011779,0.123783
SG_011780,0.821267
SG_011786,0.847483
SG_011787,0.5865
SG_011789,0.0291
SG_011796,0.0753
SG_011799,0.276217
SG_011801,0.414317
SG_011802,0.928417
SG_011806,0.001533
SG_011812,0.63415
SG_011814,0.94635
SG_011815,0.954033
SG_011816,0.938667
SG_011830,0.688
SG_011833,0.162983
SG_011843,0.610467
SG_011853,0.834967
SG_011855,0.9193
SG_011858,0.157717
SG_011861,0.260567
SG_011863,0.79765
SG_011864,0.85395
SG_011868,0.727967
SG_011869,0.364617
SG_011871,0.782583
SG_011886,0.37765
SG_011889,0.273833
SG_011890,0.75905
SG_011894,0.2251
SG_011896,0.026017
SG_011898,0.430017
SG_011900,0.593733
SG_011918,0.897017
SG_011922,0.256133
SG_011925,0.533367
SG_011926,0.846133
SG_011927,0.307683
SG_011931,0.30725
SG_011933,0.309417
SG_011936,0.0911
SG_011939,0.088867
SG_011940,0.472517
SG_011953,0.553417
SG_011955,0.7139
SG_011956,0.276583
SG_011959,0.172667
SG_011961,0.841
SG_011962,0.915033
SG_011966,0.987883
SG_011969,0.171833
SG_011971,0.190417
SG_011977,0.17985
SG_011978,0.027967
SG_011983,0.495283
SG_011986,0.63515
SG_011988,0.483567
SG_011993,0.718733
SG_011995,0.652717
SG_011996,0.30695
SG_011997,0.442033
SG_012000,0.422283
SG_012013,0.445517
SG_012018,0.24935
SG_012019,0.62725
SG_012020,0.483667
SG_012022,0.439783
SG_012031,0.399433
SG_012040,0.415067
SG_012041,0.046683
SG_012048,0.098017
SG_012050,0.2199
SG_012051,0.113483
SG_012052,0.94835
SG_012064,0.745133
SG_012066,0.49045
SG_012068,0.114517
SG_012076,0.760267
SG_012077,0.621233
SG_012078,0.295583
SG_012079,0.195017
SG_012080,0.913467
SG_012081,0.21795
SG_012082,0.530017
SG_012086,0.507783
SG_012089,0.6489
SG_012097,0.1117
SG_012104,0.301133
SG_012108,0.3553
SG_012113,0.51205
SG_012119,0.87
SG_012124,0.669133
SG_012125,0.678933
SG_012141,0.775917
SG_012143,0.461917
SG_012145,0.29845
SG_012148,0.274233
SG_012150,0.509033
SG_012162,0.269817
SG_012165,0.2139
SG_012166,0.282317
SG_012167,0.629583
SG_012168,0.26715
SG_012169,0.167283
SG_012170,0.2275
SG_012175,0.153067
SG_012176,0.0858
SG_012177,0.285833
SG_012181,0.36415
SG_012186,0.912783
SG_012190,0.263467
SG_012192,0.909833
SG_012194,0.658633
SG_012195,0.326133
SG_012198,0.326283
SG_012199,0.13945
SG_012205,0.965667
SG_012206,0.247233
SG_012211,0.067
SG_012212,0.6966
SG_012213,0.453467
SG_012216,0.699817
SG_012217,0.697983
SG_012218,0.833283
SG_012220,0.267967
SG_012225,0.77835
SG_012230,0.082133
SG_012232,0.219267
SG_012234,0.368
SG_012238,0.571783
SG_012241,0.64545
SG_012243,0.140367
SG_012247,0.307583
SG_012253,0.7036
SG_012258,0.873267
SG_012260,0.7357
SG_012263,0.228417
SG_012264,0.6522
SG_012266,0.8338
SG_012270,0.129067
SG_012272,0.02755
SG_012276,0.7946
SG_012277,0.285317
SG_012278,0.609883
SG_012279,0.9313
SG_012280,0.817217
SG_012281,0.969717
SG_012283,0.93925
SG_012284,0.951867
SG_012285,0.17965
SG_012290,0.735767
SG_012293,0.434683
SG_012301,0.78195
SG_012305,0.91415
SG_012307,0.7902
SG_012308,0.418983
SG_012310,0.728617
SG_012312,0.876
SG_012313,0.594567
SG_012316,0.743883
SG_012321,0.585367
SG_012322,0.8636
SG_012326,0.674133
SG_012334,0.270433
SG_012336,0.30945
SG_012337,0.168267
SG_012339,0.942517
SG_012340,0.393433
SG_012345,0.082817
SG_012355,0.7887
SG_012362,0.64925
SG_012363,0.678667
SG_012368,0.811433
SG_012375,0.04485
SG_012378,0.042733
SG_012381,0.52245
SG_012384,0.29855
SG_012390,0.239417
SG_012393,0.406183
SG_012397,0.204817
SG_012400,0.634167
SG_012402,0.635583
SG_012410,0.328417
SG_012414,0.111467
SG_012419,0.2722
SG_012420,0.959067
SG_012422,0.55295
SG_012423,0.817883
SG_012424,0.16015
SG_012427,0.09035
SG_012432,0.45275
SG_012436,0.87515
SG_012437,0.852717
SG_012438,0.8698
SG_012444,0.579083
SG_012446,0.106517
SG_012452,0.82315
SG_012453,0.350217
SG_012456,0.42965
SG_012459,0.074633
SG_012468,0.4622
SG_012470,0.241617
SG_012480,0.37085
SG_012484,0.51205
SG_012489,0.297767
SG_012493,0.256783
SG_012495,0.57065
SG_012499,0.830633
SG_012501,0.0029
SG_012502,0.617383
SG_012504,0.8952
SG_012506,0.431183
SG_012509,0.951167
SG_012510,0.94715
SG_012513,0.602233
SG_012519,0.740917
SG_012520,0.56395
SG_012521,0.402483
SG_012525,0.436833
SG_012527,0.393567
SG_012531,0.562967
SG_012533,0.980933
SG_012538,0.240283
SG_012539,0.885833
SG_012548,0.8736
SG_012550,0.895583
SG_012552,0.40555
SG_012556,0.417967
SG_012561,0.5496
SG_012562,0.028433
SG_012563,0.706967
SG_012564,0.59315
SG_012567,0.092333
SG_012568,0.88525
SG_012571,0.834333
SG_012575,0.213767
SG_012579,0.90635
SG_012588,0.51895
SG_012591,0.08125
SG_012594,0.485633
SG_012596,0.176517
SG_012600,0.885133
SG_012601,0.301667
SG_012603,0.41785
SG_012606,0.378283
SG_012609,0.969917
SG_012610,0.192183
SG_012615,0.12095
SG_012616,0.2534
SG_012619,0.37165
SG_012623,0.538883
SG_012628,0.675983
SG_012630,0.9239
SG_012632,0.680317
SG_012636,0.788283
SG_012640,0.02685
SG_012643,0.761383
SG_012648,0.967967
SG_012651,0.342083
SG_012654,0.334717
SG_012660,0.8912
SG_012661,0.806383
SG_012663,0.251217
SG_012669,0.352517
SG_012674,0.254217
SG_012680,0.450867
SG_012684,0.686717
SG_012688,0.729417
SG_012690,0.555267
SG_012697,0.501733
SG_012699,0.3077
SG_012701,0.308383
SG_012705,0.6008
SG_012709,0.280667
SG_012710,0.9931
SG_012715,0.537583
SG_012716,0.227733
SG_012718,0.741833
SG_012723,0.0798
SG_012724,0.49605
SG_012730,0.582883
SG_012734,0.96595
SG_012736,0.893667
SG_012738,0.054983
SG_012747,0.274033
SG_012749,0.815983
SG_012750,0.00145
SG_012753,0.584017
SG_012754,0.943483
SG_012757,0.050783
SG_012763,0.6042
SG_012764,0.151333
SG_012767,0.86975
SG_012768,0.263683
SG_012773,0.033267
SG_012775,0.3202
SG_012777,0.838133
SG_012786,0.472917
SG_012787,0.858717
SG_012792,0.783617
SG_012797,0.427317
SG_012805,0.468717
SG_012808,0.27555
SG_012810,0.9179
SG_012819,0.907183
SG_012821,0.824183
SG_012822,0.635317
SG_012831,0.5222
SG_012844,0.590583
SG_012845,0.164233
SG_012848,0.1377
SG_012849,0.914783
SG_012851,0.534367
SG_012859,0.04585
SG_012861,0.56835
SG_012869,0.79695
SG_012870,0.55375
SG_012873,0.64075
SG_012874,0.517483
SG_012883,0.253183
SG_012886,0.330717
SG_012887,0.153033
SG_012888,0.179283
SG_012891,0.189567
SG_012898,0.384233
SG_012905,0.77485
SG_012910,0.85305
SG_012913,0.570717
SG_012918,0.861767
SG_012919,0.221
SG_012920,0.300967
SG_012923,0.342333
SG_012924,0.634117
SG_012926,0.95495
SG_012936,0.906233
SG_012938,0.930583
SG_012940,0.294533
SG_012945,0.34945
SG_012949,0.662217
SG_012958,0.669033
SG_012962,0.635733
SG_012967,0.273383
SG_012968,0.448067
SG_012970,0.124633
SG_012972,0.214367
SG_012978,0.779317
SG_012979,0.412133
SG_012980,0.88305
SG_012981,0.94155
SG_012983,0.664167
SG_012984,0.910033
SG_012989,0.613233
SG_012994,0.212475
SG_012997,0.317383
SG_013002,0.796833
SG_013009,0.867667
SG_013017,0.3606
SG_013023,0.723433
SG_013028,0.274767
SG_013030,0.267467
SG_013033,0.937917
SG_013042,0.837067
SG_013043,0.23225
SG_013045,0.649733
SG_013063,0.55205
SG_013064,0.14885
SG_013065,0.5543
SG_013068,0.763783
SG_013070,0.601183
SG_013071,0.4998
SG_013072,0.833917
SG_013077,0.487083
SG_013080,0.9069
SG_013082,0.781183
SG_013083,0.59235
SG_013085,0.953017
SG_013086,0.162683
SG_013093,0.170517
SG_013094,0.2149
SG_013096,0.9544
SG_013104,0.884183
SG_013108,0.1078
SG_013111,0.416867
SG_013112,0.526217
SG_013115,0.769217
SG_013117,0.531383
SG_013125,0.266517
SG_013127,0.42285
SG_013135,0.193133
SG_013138,0.73935
SG_013139,0.365567
SG_013141,0.839667
SG_013149,0.8928
SG_013150,0.79115
SG_013157,0.610633
SG_013159,0.83115
SG_013166,0.275867
SG_013172,0.618717
SG_013177,0.7978
SG_013178,0.346717
SG_013187,0.2183
SG_013196,0.641667
SG_013201,0.868267
SG_013202,0.036267
SG_013212,0.062333
SG_013219,0.680717
SG_013222,0.09415
SG_013223,0.74635
SG_013224,0.911133
SG_013233,0.154433
SG_013237,0.112017
SG_013245,0.613633
SG_013249,0.3133
SG_013250,0.488433
SG_013260,0.793383
SG_013264,0.12975
SG_013266,0.520467
SG_013267,0.8126
SG_013269,0.41585
SG_013273,0.941133
SG_013276,0.029133
SG_013280,0.707567
SG_013281,0.514283
SG_013282,0.092167
SG_013288,0.836967
SG_013292,0.66685
SG_013294,0.8351
SG_013297,0.279567
SG_013304,0.117267
SG_013311,0.425683
SG_013313,0.815
SG_013314,0.437833
SG_013315,0.314417
SG_013317,0.5671
SG_013321,0.569767
SG_013323,0.685033
SG_013327,0.359717
SG_013328,0.057333
SG_013332,0.529233
SG_013337,0.291117
SG_013338,0.2987
SG_013339,0.055467
SG_013340,0.553933
SG_013342,0.0111
SG_013344,0.079717
SG_013345,0.675283
SG_013347,0.36965
SG_013348,0.40135
SG_013356,0.875617
SG_013358,0.7345
SG_013359,0.882317
SG_013360,0.2774
SG_013361,0.176417
SG_013362,0.940483
SG_013366,0.547833
SG_013371,0.903317
SG_013372,0.390217
SG_013374,0.86845
SG_013380,0.01035
SG_013383,0.660917
SG_013384,0.379283
SG_013391,0.759633
SG_013392,0.125533
SG_013393,0.961933
SG_013396,0.940983
SG_013400,0.744983
SG_013404,0.324017
SG_013412,0.506517
SG_013413,0.872483
SG_013414,0.2031
SG_013418,0.906717
SG_013420,0.158183
SG_013421,0.577333
SG_013424,0.706083
SG_013427,0.790033
SG_013430,0.741417
SG_013435,0.7717
SG_013438,0.729867
SG_013440,0.630883
SG_013443,0.697217
SG_013444,0.445033
SG_013446,0.014933
SG_013447,0.154017
SG_013452,0.340817
SG_013454,0.927967
SG_013456,0.67235
SG_013462,0.580333
SG_013463,0.90705
SG_013464,0.693367
SG_013468,0.42805
SG_013472,0.606367
SG_013474,0.612433
SG_013477,0.421167
SG_013480,0.638283
SG_013485,0.296383
SG_013486,0.458017
SG_013487,0.657417
SG_013491,0.796517
SG_013495,0.4768
SG_013499,0.238667
SG_013504,0.9095
SG_013508,0.580517
SG_013509,0.1467
SG_013515,0.350217
SG_013523,0.25895
SG_013528,0.61285
SG_013538,0.75975
SG_013542,0.331283
SG_013543,0.471067
SG_013544,0.289983
SG_013545,0.71815
SG_013546,0.22725
SG_013548,0.954867
SG_013549,0.624717
SG_013552,0.962233
SG_013553,0.796317
SG_013554,0.393483
SG_013557,0.107583
SG_013558,0.78155
SG_013561,0.91695
SG_013563,0.834983
SG_013565,0.628767
SG_013567,0.119167
SG_013568,0.03325
SG_013571,0.881983
SG_013574,0.799383
SG_013575,0.30745
SG_013578,0.715967
SG_013579,0.72875
SG_013580,0.812283
SG_013586,0.1137
SG_013588,0.12785
SG_013591,0.511817
SG_013598,0.96945
SG_013601,0.780883
SG_013602,0.96735
SG_013604,0.591233
SG_013608,0.779367
SG_013610,0.561017
SG_013612,0.798517
SG_013613,0.2804
SG_013616,0.354983
SG_013619,0.138083
SG_013624,0.929833
SG_013626,0.919267
SG_013628,0.59365
SG_013629,0.367533
SG_013633,0.577283
SG_013635,0.398767
SG_013637,0.4973
SG_013638,0.491767
SG_013639,0.42895
SG_013641,0.46045
SG_013646,0.457817
SG_013653,0.388133
SG_013667,0.493917
SG_013668,0.74245
SG_013670,0.5622
SG_013675,0.47315
SG_013677,0.569133
SG_013678,0.680467
SG_013681,0.56185
SG_013682,0.945733
SG_013683,0.846433
SG_013684,0.513817
SG_013685,0.37585
SG_013686,0.393167
SG_013690,0.582483
SG_013695,0.299717
SG_013705,0.3663
SG_013706,0.075433
SG_013708,0.2486
SG_013711,0.1011
SG_013713,0.916867
SG_013715,0.08395
SG_013716,0.6677
SG_013726,0.558283
SG_013727,0.115217
SG_013728,0.5693
SG_013731,0.330333
SG_013733,0.01585
SG_013737,0.362083
SG_013740,0.722733
SG_013741,0.856717
SG_013744,0.069133
SG_013745,0.77045
SG_013746,0.271
SG_013747,0.517967
SG_013749,0.580167
SG_013755,0.217033
SG_013759,0.49625
SG_013765,0.4891
SG_013766,0.673133
SG_013769,0.32295
SG_013773,0.665283
SG_013785,0.382567
SG_013793,0.242833
SG_013800,0.358817
SG_013808,0.879283
SG_013815,0.439067
SG_013827,0.107117
SG_013840,0.223633
SG_013841,0.07765
SG_013842,0.599
SG_013844,0.951583
SG_013845,0.599283
SG_013849,0.4481
SG_013850,0.44055
SG_013851,0.195117
SG_013853,0.605183
SG_013854,0.182467
SG_013855,0.6862
SG_013857,0.766817
SG_013860,0.872467
SG_013862,0.80055
SG_013867,0.82325
SG_013868,0.3345
SG_013870,0.352633
SG_013883,0.08125
SG_013884,0.2341
SG_013885,0.908583
SG_013892,0.889317
SG_013896,0.128917
SG_013898,0.7546
SG_013901,0.7626
SG_013905,0.809417
SG_013906,0.52775
SG_013907,0.32475
SG_013910,0.490317
SG_013912,0.4686
SG_013914,0.84655
SG_013919,0.9245
SG_013922,0.6093
SG_013943,0.158883
SG_013944,0.756867
SG_013946,0.474367
SG_013948,0.177617
SG_013949,0.373317
SG_013953,0.273717
SG_013962,0.947617
SG_013965,0.54615
SG_013969,0.953983
SG_013974,0.353033
SG_013978,0.64985
SG_013979,0.049383
SG_013980,0.96125
SG_013986,0.276133
SG_013997,0.339233
SG_014000,0.759883
SG_014004,0.32545
SG_014009,0.495267
SG_014010,0.4279
SG_014012,0.332
SG_014014,0.60675
SG_014015,0.740883
SG_014016,0.2387
SG_014017,0.962867
SG_014018,0.28375
SG_014020,0.51865
SG_014021,0.621517
SG_014022,0.52105
SG_014023,0.292683
SG_014026,0.941233
SG_014030,0.4365
SG_014031,0.2958
SG_014036,0.29905
SG_014037,0.017517
SG_014039,0.460083
SG_014045,0.665817
SG_014046,0.48875
SG_014047,0.6083
SG_014050,0.013117
SG_014053,0.63375
SG_014058,0.9371
SG_014059,0.8241
SG_014062,0.637417
SG_014067,0.651467
SG_014072,0.03375
SG_014073,0.75865
SG_014075,0.456617
SG_014081,0.28695
SG_014085,0.476683
SG_014088,0.626867
SG_014096,0.919233
SG_014099,0.626883
SG_014102,0.692333
SG_014105,0.450483
SG_014111,0.754333
SG_014113,0.4004
SG_014116,0.307133
SG_014122,0.541067
SG_014123,0.170433
SG_014124,0.591367
SG_014130,0.804033
SG_014132,0.3491
SG_014135,0.97925
SG_014136,0.260633
SG_014139,0.8011
SG_014140,0.833567
SG_014141,0.541
SG_014146,0.634467
SG_014155,0.52435
SG_014157,0.276017
SG_014161,0.7504
SG_014162,0.60845
SG_014165,0.541783
SG_014167,0.78745
SG_014168,0.9428
SG_014172,0.05105
SG_014176,0.378467
SG_014177,0.974833
SG_014184,0.986383
SG_014186,0.4894
SG_014188,0.563517
SG_014190,0.266517
SG_014191,0.3294
SG_014192,0.166583
SG_014194,0.6087
SG_014196,0.443817
SG_014197,0.803417
SG_014205,0.598917
SG_014210,0.130683
SG_014217,0.682067
SG_014219,0.910317
SG_014223,0.94515
SG_014235,0.040717
SG_014237,0.82985
SG_014243,0.785733
SG_014248,0.791533
SG_014249,0.763017
SG_014259,0.608067
SG_014269,0.711067
SG_014270,0.614333
SG_014272,0.050267
SG_014277,0.17685
SG_014288,0.41815
SG_014290,0.094567
SG_014292,0.824167
SG_014293,0.127383
SG_014295,0.378717
SG_014299,0.277967
SG_014308,0.771617
SG_014309,0.31955
SG_014311,0.946867
SG_014314,0.856333
SG_014319,0.13495
SG_014320,0.405817
SG_014321,0.940233
SG_014328,0.685817
SG_014334,0.214183
SG_014335,0.31055
SG_014339,0.865217
SG_014342,0.025367
SG_014343,0.918433
SG_014345,0.168217
SG_014363,0.101383
SG_014368,0.528733
SG_014370,0.039983
SG_014373,0.4057
SG_014375,0.387817
SG_014380,0.8441
SG_014383,0.907467
SG_014385,0.8462
SG_014386,0.228967
SG_014387,0.171567
SG_014389,0.538667
SG_014391,0.285842
SG_014394,0.964283
SG_014398,0.83605
SG_014402,0.076817
SG_014409,0.4971
SG_014411,0.557433
SG_014415,0.651383
SG_014416,0.768267
SG_014418,0.0734
SG_014425,0.435283
SG_014426,0.838967
SG_014431,0.583683
SG_014432,0.7327
SG_014446,0.766683
SG_014447,0.207683
SG_014457,0.397283
SG_014465,0.65835
SG_014466,0.11675
SG_014469,0.271783
SG_014474,0.1779
SG_014484,0.736317
SG_014486,0.0823
SG_014488,0.187883
SG_014491,0.37995
SG_014495,0.62405
SG_014512,0.8548
SG_014514,0.4004
SG_014516,0.2536
SG_014519,0.389133
SG_014522,0.163383
SG_014529,0.59
SG_014538,0.516817
SG_014544,0.7911
SG_014551,0.238067
SG_014552,0.506017
SG_014556,0.4762
SG_014562,0.484067
SG_014565,0.074267
SG_014566,0.803617
SG_014568,0.010367
SG_014569,0.173383
SG_014570,0.939233
SG_014578,0.317083
SG_014579,0.8896
SG_014581,0.45435
SG_014582,0.31645
SG_014583,0.323833
SG_014587,0.603233
SG_014594,0.565433
SG_014596,0.7455
SG_014597,0.876167
SG_014607,0.607333
SG_014611,0.458383
SG_014616,0.360933
SG_014617,0.09715
SG_014618,0.310433
SG_014619,0.1808
SG_014621,0.829367
SG_014626,0.42335
SG_014634,0.2466
SG_014635,0.669333
SG_014636,0.11415
SG_014637,0.1638
SG_014640,0.287833
SG_014641,0.6566
SG_014645,0.318683
SG_014647,0.235767
SG_014653,0.470733
SG_014655,0.11615
SG_014656,0.871317
SG_014657,0.9625
SG_014660,0.821383
SG_014667,0.424567
SG_014672,0.6493
SG_014677,0.069033
SG_014680,0.513667
SG_014681,0.851667
SG_014687,0.737733
SG_014690,0.518083
SG_014691,0.185717
SG_014700,0.93535
SG_014701,0.5255
SG_014702,0.984067
SG_014703,0.171633
SG_014712,0.218033
SG_014713,0.215767
SG_014718,0.128817
SG_014720,0.918117
SG_014723,0.220183
SG_014729,0.95995
SG_014731,0.370283
SG_014733,0.972133
SG_014735,0.787733
SG_014742,0.018233
SG_014746,0.058917
SG_014748,0.11495
SG_014749,0.495117
SG_014753,0.396517
SG_014754,0.078817
SG_014757,0.536483
SG_014771,0.269817
SG_014774,0.550683
SG_014777,0.6722
SG_014778,0.952417
SG_014780,0.26485
SG_014787,0.964767
SG_014800,0.579133
SG_014801,0.96125
SG_014802,0.062033
SG_014803,0.372567
SG_014808,0.034667
SG_014812,0.229617
SG_014813,0.294583
SG_014815,0.57765
SG_014824,0.120933
SG_014825,0.497783
SG_014827,0.391017
SG_014830,0.26705
SG_014834,0.308517
SG_014839,0.677067
SG_014844,0.924033
SG_014865,0.902183
SG_014866,0.037383
SG_014867,0.8323
SG_014871,0.825333
SG_014874,0.12605
SG_014875,0.527067
SG_014879,0.259117
SG_014880,0.006783
SG_014882,0.080783
SG_014885,0.88005
SG_014887,0.890833
SG_014894,0.47475
SG_014895,0.068533
SG_014898,0.407183
SG_014900,0.39755
SG_014906,0.897967
SG_014909,0.139083
SG_014914,0.585183
SG_014919,0.243767
SG_014921,0.2767
SG_014939,0.998317
SG_014940,0.359533
SG_014945,0.703483
SG_014946,0.045783
SG_014951,0.727767
SG_014953,0.85625
SG_014955,0.86575
SG_014959,0.405817
SG_014961,0.564183
SG_014964,0.609317
SG_014965,0.1206
SG_014966,0.506283
SG_014969,0.793517
SG_014972,0.640867
SG_014976,0.9508
SG_014979,0.18655
SG_014980,0.819467
SG_014984,0.699333
SG_014990,0.02835
SG_014998,0.2277
SG_014999,0.208717
SG_015001,0.703917
SG_015002,0.582217
SG_015014,0.143817
SG_015015,0.179233
SG_015021,0.4286
SG_015026,0.3501
SG_015031,0.85985
SG_015036,0.11275
SG_015039,0.126283
SG_015042,0.508683
SG_015044,0.11145
SG_015046,0.62925
SG_015047,0.755033
SG_015050,0.344933
SG_015054,0.757267
SG_015066,0.530267
SG_015068,0.853267
SG_015071,0.17485
SG_015075,0.3046
SG_015076,0.19275
SG_015081,0.8548
SG_015082,0.288017
SG_015085,0.220567
SG_015093,0.833683
SG_015095,0.188633
SG_015099,0.454417
SG_015102,0.650533
SG_015103,0.851983
SG_015111,0.4412
SG_015112,0.565117
SG_015118,0.131567
SG_015125,0.670867
SG_015126,0.190317
SG_015127,0.992167
SG_015129,0.368917
SG_015134,0.2424
SG_015135,0.641967
SG_015137,0.370733
SG_015138,0.9841
SG_015144,0.743067
SG_015146,0.4623
SG_015152,0.483083
SG_015155,0.301617
SG_015158,0.692017
SG_015159,0.615867
SG_015161,0.5671
SG_015165,0.926967
SG_015167,0.726267
SG_015169,0.713867
SG_015176,0.766933
SG_015180,0.386
SG_015183,0.47785
SG_015189,0.386817
SG_015190,0.2264
SG_015192,0.833367
SG_015195,0.731833
SG_015197,0.518717
SG_015201,0.748017
SG_015202,0.3089
SG_015214,0.0779
SG_015215,0.74915
SG_015217,0.227783
SG_015222,0.526333
SG_015224,0.073217
SG_015235,0.564233
SG_015239,0.147317
SG_015246,0.14925
SG_015251,0.422417
SG_015252,0.826633
SG_015256,0.710283
SG_015257,0.379967
SG_015261,0.5718
SG_015262,0.441733
SG_015263,0.973167
SG_015269,0.555933
SG_015270,0.19845
SG_015272,0.360083
SG_015276,0.880367
SG_015277,0.40595
SG_015278,0.2032
SG_015279,0.492383
SG_015280,0.9614
SG_015283,0.566733
SG_015284,0.968283
SG_015289,0.88595
SG_015290,0.152483
SG_015294,0.48695
SG_015296,0.13805
SG_015297,0.967517
SG_015302,0.330367
SG_015304,0.8373
SG_015308,0.568817
SG_015309,0.441033
SG_015312,0.61375
SG_015317,0.926033
SG_015322,0.278267
SG_015323,0.5848
SG_015326,0.778333
SG_015329,0.035733
SG_015337,0.12285
SG_015339,0.51345
SG_015340,0.401117
SG_015341,0.954117
SG_015346,0.400317
SG_015348,0.701583
SG_015349,0.641267
SG_015351,0.9199
SG_015355,0.4002
SG_015356,0.872167
SG_015360,0.340567
SG_015361,0.572933
SG_015362,0.9876
SG_015363,0.565567
SG_015369,0.603667
SG_015372,0.613317
SG_015375,0.056517
SG_015381,0.290783
SG_015382,0.05795
SG_015383,0.221917
SG_015384,0.961383
SG_015388,0.684567
SG_015395,0.128267
SG_015397,0.145683
SG_015399,0.771733
SG_015400,0.902867
SG_015401,0.48285
SG_015402,0.610483
SG_015403,0.472933
SG_015406,0.6815
SG_015412,0.621033
SG_015421,0.763
SG_015424,0.249633
SG_015425,0.452
SG_015428,0.591717
SG_015430,0.5966
SG_015431,0.263633
SG_015439,0.269883
SG_015440,0.015933
SG_015446,0.781883
SG_015447,0.524117
SG_015448,0.576033
SG_015452,0.318583
SG_015454,0.984583
SG_015458,0.89595
SG_015462,0.265517
SG_015463,0.635917
SG_015464,0.66745
SG_015466,0.39175
SG_015467,0.774633
SG_015470,0.2819
SG_015473,0.4689
SG_015479,0.334367
SG_015481,0.736933
SG_015483,0.728383
SG_015492,0.583617
SG_015495,0.104783
SG_015498,0.887667
SG_015503,0.4274
SG_015507,0.67315
SG_015512,0.215083
SG_015514,0.493467
SG_015517,0.876117
SG_015520,0.778633
SG_015524,0.260817
SG_015526,0.18415
SG_015527,0.466817
SG_015535,0.4232
SG_015537,0.61705
SG_015538,0.7033
SG_015540,0.854417
SG_015542,0.055033
SG_015543,0.95095
SG_015544,0.650983
SG_015546,0.83715
SG_015547,0.560417
SG_015550,0.522267
SG_015556,0.178683
SG_015558,0.87015
SG_015559,0.73905
SG_015560,0.696483
SG_015562,0.165883
SG_015565,0.175833
SG_015568,0.8497
SG_015572,0.211017
SG_015576,0.0185
SG_015578,0.122333
SG_015580,0.834533
SG_015582,0.1979
SG_015584,0.431933
SG_015585,0.374083
SG_015586,0.04375
SG_015587,0.247867
SG_015589,0.600233
SG_015590,0.6452
SG_015591,0.590933
SG_015593,0.77045
SG_015597,0.742883
SG_015598,0.817033
SG_015600,0.986317
SG_015606,0.696883
SG_015613,0.65965
SG_015615,0.8565
SG_015617,0.235
SG_015619,0.560783
SG_015623,0.460883
SG_015627,0.606067
SG_015637,0.104817
SG_015641,0.51865
SG_015644,0.648117
SG_015649,0.237817
SG_015654,0.798867
SG_015655,0.960967
SG_015656,0.2138
SG_015659,0.454617
SG_015662,0.859567
SG_015664,0.2118
SG_015671,0.834333
SG_015675,0.25035
SG_015678,0.6954
SG_015680,0.594167
SG_015681,0.107017
SG_015682,0.93675
SG_015684,0.186567
SG_015693,0.789433
SG_015708,0.9951
SG_015715,0.188983
SG_015716,0.405217
SG_015718,0.043717
SG_015721,0.588533
SG_015724,0.7104
SG_015726,0.85645
SG_015729,0.596733
SG_015730,0.8215
SG_015735,0.22835
SG_015738,0.631617
SG_015743,0.337933
SG_015744,0.376517
SG_015746,0.0582
SG_015756,0.10135
SG_015762,0.845133
SG_015763,0.798767
SG_015766,0.713283
SG_015769,0.585967
SG_015770,0.30145
SG_015772,0.532983
SG_015773,0.8293
SG_015780,0.07855
SG_015790,0.434583
SG_015797,0.0776
SG_015806,0.309433
SG_015810,0.93835
SG_015815,0.40355
SG_015817,0.8107
SG_015818,0.896483
SG_015819,0.7669
SG_015820,0.592483
SG_015827,0.664883
SG_015828,0.25495
SG_015829,0.428917
SG_015832,0.113033
SG_015833,0.5026
SG_015834,0.327967
SG_015838,0.61535
SG_015840,0.12495
SG_015842,0.642583
SG_015845,0.305033
SG_015849,0.326767
SG_015857,0.593533
SG_015859,0.003767
SG_015860,0.793533
SG_015867,0.403233
SG_015873,0.5661
SG_015878,0.453933
SG_015879,0.36855
SG_015880,0.722433
SG_015881,0.042567
SG_015884,0.296267
SG_015885,0.26555
SG_015891,0.7729
SG_015893,0.349283
SG_015898,0.504233
SG_015900,0.867233
SG_015901,0.405533
SG_015907,0.481767
SG_015908,0.571367
SG_015910,0.889917
SG_015914,0.908433
SG_015917,0.882033
SG_015921,0.964333
SG_015922,0.5348
SG_015928,0.7708
SG_015939,0.23065
SG_015940,0.098983
SG_015942,0.887683
SG_015943,0.96645
SG_015947,0.531283
SG_015950,0.617767
SG_015951,0.583433
SG_015955,0.2415
SG_015964,0.874817
SG_015965,0.0492
SG_015972,0.653333
SG_015973,0.164983
SG_015975,0.365633
SG_015977,0.487933
SG_015978,0.76005
SG_015979,0.959183
SG_015980,0.3762
SG_015981,0.751733
SG_015985,0.929267
SG_015988,0.221817
SG_015989,0.859367
SG_015990,0.822667
SG_015998,0.8058
SG_015999,0.0881
SG_016002,0.694867
SG_016003,0.308417
SG_016004,0.550217
SG_016008,0.994733
SG_016010,0.66745
SG_016013,0.66805
SG_016015,0.246667
SG_016020,0.161217
SG_016021,0.6848
SG_016022,0.30315
SG_016027,0.6544
SG_016028,0.3771
SG_016029,0.033167
SG_016030,0.976233
SG_016045,0.431217
SG_016048,0.830333
SG_016049,0.156617
SG_016054,0.99
SG_016056,0.586883
SG_016060,0.318283
SG_016065,0.031733
SG_016081,0.356233
SG_016085,0.169967
SG_016089,0.146033
SG_016091,0.88695
SG_016092,0.799167
SG_016101,0.713333
SG_016102,0.906
SG_016103,0.4142
SG_016108,0.382833
SG_016109,0.4742
SG_016111,0.9113
SG_016113,0.302017
SG_016114,0.29525
SG_016115,0.231117
SG_016116,0.6113
SG_016119,0.216367
SG_016124,0.469117
SG_016127,0.32555
SG_016132,0.727317
SG_016133,0.37105
SG_016134,0.420233
SG_016138,0.191683
SG_016140,0.86275
SG_016146,0.950167
SG_016147,0.51795
SG_016156,0.906367
SG_016158,0.27915
SG_016159,0.24315
SG_016160,0.094717
SG_016161,0.338917
SG_016163,0.893383
SG_016164,0.694767
SG_016165,0.895133
SG_016166,0.105017
SG_016171,0.933217
SG_016172,0.737683
SG_016174,0.17705
SG_016176,0.657533
SG_016179,0.93265
SG_016181,0.682233
SG_016183,0.1252
SG_016185,0.649667
SG_016186,0.122
SG_016187,0.300183
SG_016188,0.809933
SG_016190,0.034083
SG_016194,0.4702
SG_016195,0.34415
SG_016196,0.9669
SG_016197,0.588917
SG_016211,0.1451
SG_016214,0.812067
SG_016215,0.300717
SG_016219,0.716567
SG_016221,0.740233
SG_016222,0.71605
SG_016224,0.629767
SG_016225,0.909483
SG_016233,0.1843
SG_016234,0.458217
SG_016235,0.175183
SG_016238,0.125983
SG_016242,0.914683
SG_016244,0.059733
SG_016245,0.0319
SG_016246,0.648983
SG_016249,0.231933
SG_016251,0.977683
SG_016252,0.837733
SG_016259,0.335683
SG_016262,0.384433
SG_016263,0.175
SG_016268,0.339133
SG_016270,0.573333
SG_016272,0.805183
SG_016273,0.937583
SG_016275,0.9892
SG_016278,0.703483
SG_016282,0.698033
SG_016285,0.0525
SG_016289,0.757
SG_016292,0.09055
SG_016297,0.279467
SG_016299,0.579733
SG_016310,0.5281
SG_016315,0.786817
SG_016316,0.128917
SG_016318,0.15625
SG_016324,0.422767
SG_016326,0.3258
SG_016327,0.964683
SG_016330,0.314567
SG_016331,0.69485
SG_016332,0.1966
SG_016333,0.855783
SG_016334,0.4135
SG_016337,0.206067
SG_016341,0.58365
SG_016343,0.193417
SG_016345,0.718183
SG_016346,0.12345
SG_016349,0.400583
SG_016351,0.46965
SG_016352,0.030467
SG_016354,0.620517
SG_016363,0.5843
SG_016372,0.370633
SG_016375,0.694717
SG_016382,0.559167
SG_016384,0.709417
SG_016386,0.120033
SG_016389,0.496033
SG_016392,0.54765
SG_016393,0.293317
SG_016394,0.493033
SG_016401,0.305433
SG_016402,0.26245
SG_016405,0.828783
SG_016414,0.444567
SG_016421,0.03505
SG_016424,0.5728
SG_016425,0.339067
SG_016429,0.084833
SG_016431,0.535867
SG_016432,0.673333
SG_016435,0.95485
SG_016436,0.8319
SG_016443,0.3215
SG_016445,0.37905
SG_016450,0.928033
SG_016452,0.327467
SG_016456,0.8625
SG_016462,0.097867
SG_016463,0.119533
SG_016474,0.71995
SG_016482,0.324217
SG_016488,0.265617
SG_016502,0.02615
SG_016503,0.7391
SG_016507,0.937317
SG_016508,0.3921
SG_016511,0.222617
SG_016512,0.69055
SG_016517,0.239217
SG_016518,0.9673
SG_016520,0.2978
SG_016522,0.764283
SG_016524,0.708967
SG_016526,0.663317
SG_016528,0.84445
SG_016529,0.581267
SG_016532,0.905867
SG_016535,0.16565
SG_016537,0.088917
SG_016539,0.192033
SG_016542,0.2339
SG_016545,0.331417
SG_016547,0.244433
SG_016548,0.17755
SG_016554,0.481667
SG_016562,0.773133
SG_016563,0.234733
SG_016566,0.556133
SG_016567,0.723117
SG_016580,0.2691
SG_016581,0.27025
SG_016585,0.992883
SG_016600,0.6867
SG_016603,0.811067
SG_016604,0.318517
SG_016606,0.73925
SG_016609,0.435517
SG_016612,0.483433
SG_016613,0.5704
SG_016614,0.562833
SG_016623,0.437183
SG_016625,0.750383
SG_016632,0.94395
SG_016634,0.36845
SG_016637,0.7686
SG_016641,0.345
SG_016646,0.271533
SG_016647,0.430633
SG_016660,0.109717
SG_016662,0.73265
SG_016670,0.8529
SG_016671,0.2697
SG_016673,0.1109
SG_016675,0.371
SG_016685,0.362067
SG_016689,0.777667
SG_016690,0.526383
SG_016691,0.157
SG_016692,0.3123
SG_016696,0.9419
SG_016698,0.60675
SG_016699,0.71255
SG_016703,0.349317
SG_016704,0.833567
SG_016705,0.9383
SG_016708,0.729867
SG_016710,0.064
SG_016711,0.844833
SG_016714,0.64945
SG_016716,0.03135
SG_016719,0.7498
SG_016720,0.359633
SG_016721,0.019183
SG_016723,0.09325
SG_016732,0.759967
SG_016733,0.777283
SG_016736,0.147333
SG_016737,0.044133
SG_016738,0.59975
SG_016741,0.920183
SG_016745,0.5294
SG_016746,0.12365
SG_016752,0.6087
SG_016754,0.277683
SG_016758,0.342283
SG_016763,0.626783
SG_016765,0.6629
SG_016769,0.092917
SG_016776,0.838417
SG_016778,0.80145
SG_016779,0.551367
SG_016780,0.8169
SG_016783,0.646467
SG_016785,0.271767
SG_016786,0.590633
SG_016792,0.798933
SG_016793,0.10255
SG_016794,0.918217
SG_016805,0.295233
SG_016807,0.512933
SG_016810,0.25355
SG_016813,0.629783
SG_016818,0.731333
SG_016819,0.256217
SG_016823,0.908517
SG_016827,0.3328
SG_016828,0.721917
SG_016832,0.853983
SG_016834,0.879717
SG_016837,0.674933
SG_016840,0.146533
SG_016843,0.942967
SG_016847,0.193183
SG_016849,0.17825
SG_016851,0.46695
SG_016857,0.433067
SG_016858,0.9264
SG_016859,0.924183
SG_016861,0.709767
SG_016863,0.4674
SG_016874,0.848283
SG_016877,0.431583
SG_016881,0.856
SG_016885,0.303983
SG_016887,0.7246
SG_016888,0.535883
SG_016891,0.737683
SG_016893,0.12075
SG_016895,0.646517
SG_016900,0.1972
SG_016902,0.483167
SG_016904,0.055
SG_016909,0.613367
SG_016911,0.7576
SG_016924,0.003617
SG_016925,0.334967
SG_016928,0.6281
SG_016937,0.614667
SG_016939,0.846883
SG_016941,0.79355
SG_016944,0.82565
SG_016946,0.6102
SG_016951,0.795367
SG_016961,0.979217
SG_016963,0.678417
SG_016967,0.5
SG_016968,0.751133
SG_016971,0.49105
SG_016973,0.195067
SG_016974,0.302083
SG_016975,0.720617
SG_016976,0.4414
SG_016986,0.2318
SG_016989,0.944517
SG_016990,0.949
SG_017003,0.368967
SG_017005,0.41335
SG_017006,0.115617
SG_017016,0.2586
SG_017018,0.716733
SG_017021,0.765217
SG_017026,0.593617
SG_017028,0.62195
SG_017040,0.686267
SG_017043,0.078367
SG_017044,0.648967
SG_017046,0.427617
SG_017048,0.14825
SG_017049,0.2731
SG_017050,0.027083
SG_017055,0.554367
SG_017056,0.207783
SG_017062,0.113817
SG_017067,0.490533
SG_017070,0.090533
SG_017071,0.9138
SG_017076,0.491133
SG_017077,0.56055
SG_017079,0.058917
SG_017080,0.387933
SG_017085,0.59495
SG_017098,0.511233
SG_017103,0.2416
SG_017110,0.7083
SG_017111,0.945733
SG_017114,0.118233
SG_017116,0.51735
SG_017123,0.031983
SG_017124,0.735667
SG_017126,0.143117
SG_017127,0.332167
SG_017130,0.479483
SG_017139,0.775183
SG_017144,0.6955
SG_017145,0.426533
SG_017146,0.96035
SG_017154,0.4516
SG_017158,0.518183
SG_017170,0.343683
SG_017171,0.5384
SG_017172,0.02165
SG_017182,0.01075
SG_017187,0.02895
SG_017190,0.9797
SG_017192,0.199167
SG_017193,0.400067
SG_017195,0.855733
SG_017202,0.642667
SG_017206,0.150917
SG_017208,0.5121
SG_017213,0.5553
SG_017218,0.28745
SG_017220,0.497033
SG_017223,0.332317
SG_017224,0.723417
SG_017225,0.708583
SG_017227,0.38955
SG_017228,0.909433
SG_017230,0.431217
SG_017232,0.5569
SG_017235,0.497183
SG_017239,0.6715
SG_017241,0.656517
SG_017245,0.374817
SG_017250,0.671367
SG_017254,0.33315
SG_017255,0.60115
SG_017266,0.320633
SG_017269,0.24535
SG_017272,0.5686
SG_017276,0.48575
SG_017279,0.304733
SG_017281,0.035767
SG_017287,0.641683
SG_017288,0.803233
SG_017292,0.728233
SG_017294,0.687633
SG_017296,0.029367
SG_017303,0.400367
SG_017304,0.773
SG_017309,0.926183
SG_017311,0.499167
SG_017316,0.0486
SG_017317,0.693067
SG_017318,0.901967
SG_017323,0.408683
SG_017328,0.82705
SG_017338,0.47615
SG_017339,0.6009
SG_017347,0.644517
SG_017348,0.491883
SG_017349,0.10445
SG_017350,0.294367
SG_017354,0.36165
SG_017358,0.84125
SG_017360,0.029217
SG_017361,0.766533
SG_017364,0.833333
SG_017368,0.81755
SG_017373,0.7896
SG_017376,0.744767
SG_017383,0.871867
SG_017385,0.792783
SG_017391,0.84155
SG_017399,0.660067
SG_017402,0.00585
SG_017405,0.195783
SG_017406,0.343883
SG_017416,0.393783
SG_017419,0.858067
SG_017421,0.303817
SG_017423,0.620483
SG_017425,0.885367
SG_017428,0.316583
SG_017431,0.713683
SG_017432,0.9754
SG_017438,0.961733
SG_017439,0.039933
SG_017445,0.235617
SG_017448,0.173067
SG_017452,0.787533
SG_017454,0.467617
SG_017457,0.233167
SG_017458,0.695733
SG_017464,0.809933
SG_017465,0.093217
SG_017466,0.859717
SG_017467,0.871217
SG_017475,0.349783
SG_017479,0.446317
SG_017480,0.1304
SG_017481,0.58175
SG_017482,0.17745
SG_017484,0.323583
SG_017486,0.34345
SG_017501,0.198267
SG_017504,0.385667
SG_017507,0.295283
SG_017509,0.111683
SG_017513,0.353717
SG_017514,0.609283
SG_017516,0.23665
SG_017518,0.518967
SG_017521,0.907967
SG_017526,0.111567
SG_017529,0.338717
SG_017532,0.365683
SG_017535,0.387133
SG_017537,0.28055
SG_017538,0.493283
SG_017542,0.1983
SG_017545,0.99245
SG_017549,0.9171
SG_017557,0.17625
SG_017559,0.8816
SG_017560,0.179633
SG_017562,0.609867
SG_017563,0.878983
SG_017565,0.189483
SG_017572,0.145183
SG_017575,0.89105
SG_017577,0.531133
SG_017578,0.505
SG_017579,0.853633
SG_017580,0.125283
SG_017581,0.923483
SG_017589,0.8092
SG_017590,0.5627
SG_017594,0.803767
SG_017597,0.633183
SG_017604,0.4086
SG_017605,0.89505
SG_017606,0.845183
SG_017607,0.636733
SG_017611,0.754583
SG_017615,0.152283
SG_017616,0.25135
SG_017617,0.443483
SG_017621,0.30325
SG_017622,0.299667
SG_017629,0.405433
SG_017630,0.117567
SG_017634,0.431467
SG_017639,0.22855
SG_017642,0.345067
SG_017646,0.913617
SG_017657,0.978267
SG_017658,0.62495
SG_017667,0.039367
SG_017673,0.73635
SG_017674,0.258383
SG_017677,0.428217
SG_017679,0.22375
SG_017683,0.71845
SG_017687,0.114933
SG_017689,0.971833
SG_017691,0.462783
SG_017693,0.83155
SG_017696,0.653833
SG_017697,0.346083
SG_017702,0.155867
SG_017703,0.973783
SG_017709,0.041033
SG_017714,0.077717
SG_017715,0.63975
SG_017718,0.838483
SG_017719,0.447733
SG_017728,0.779667
SG_017729,0.482083
SG_017739,0.483817
SG_017743,0.0408
SG_017745,0.03315
SG_017746,0.12175
SG_017749,0.7579
SG_017750,0.6926
SG_017754,0.106667
SG_017757,0.922017
SG_017760,0.873367
SG_017774,0.933317
SG_017775,0.24125
SG_017776,0.057683
SG_017777,0.94825
SG_017778,0.567233
SG_017781,0.849683
SG_017782,0.815367
SG_017789,0.389833
SG_017795,0.5776
SG_017798,0.593083
SG_017811,0.3614
SG_017817,0.787633
SG_017819,0.816783
SG_017822,0.902283
SG_017827,0.27515
SG_017830,0.898283
SG_017832,0.55375
SG_017834,0.69935
SG_017838,0.85695
SG_017840,0.878067
SG_017847,0.617033
SG_017851,0.732867
SG_017855,0.957667
SG_017862,0.006033
SG_017865,0.500867
SG_017866,0.2546
SG_017867,0.611183
SG_017878,0.8113
SG_017879,0.346933
SG_017880,0.265833
SG_017881,0.033783
SG_017882,0.700083
SG_017886,0.3653
SG_017888,0.2228
SG_017889,0.37245
SG_017895,0.713233
SG_017900,0.6504
SG_017902,0.620783
SG_017907,0.873267
SG_017909,0.755183
SG_017910,0.249583
SG_017913,0.6703
SG_017914,0.805333
SG_017917,0.3805
SG_017918,0.816017
SG_017919,0.3178
SG_017920,0.687317
SG_017936,0.17085
SG_017938,0.698767
SG_017945,0.718917
SG_017947,0.217617
SG_017949,0.6696
SG_017956,0.84055
SG_017958,0.91125
SG_017960,0.423717
SG_017965,0.300667
SG_017971,0.936233
SG_017973,0.64345
SG_017978,0.513367
SG_017981,0.184133
SG_017985,0.92205
SG_017987,0.9838
SG_017991,0.706033
SG_017992,0.65315
SG_018002,0.288033
SG_018003,0.983117
SG_018005,0.875017
SG_018014,0.29745
SG_018015,0.3456
SG_018016,0.82535
SG_018017,0.93215
SG_018024,0.02545
SG_018028,0.876467
SG_018032,0.456183
SG_018033,0.311467
SG_018037,0.450133
SG_018040,0.5621
SG_018042,0.592783
SG_018046,0.248933
SG_018050,0.992667
SG_018055,0.904267
SG_018056,0.765383
SG_018061,0.233683
SG_018063,0.983367
SG_018064,0.809917
SG_018067,0.440817
SG_018072,0.486767
SG_018073,0.768567
SG_018074,0.762467
SG_018076,0.93455
SG_018080,0.248617
SG_018084,0.379533
SG_018088,0.7216
SG_018090,0.726417
SG_018092,0.703067
SG_018094,0.9682
SG_018096,0.272017
SG_018100,0.656583
SG_018109,0.3542
SG_018111,0.013667
SG_018120,0.837867
SG_018124,0.921783
SG_018125,0.3972
SG_018130,0.833517
SG_018132,0.597267
SG_018134,0.093283
SG_018140,0.492933
SG_018144,0.021617
SG_018146,0.581617
SG_018150,0.516667
SG_018154,0.747267
SG_018155,0.2733
SG_018160,0.102517
SG_018165,0.290483
SG_018166,0.50495
SG_018170,0.5546
SG_018174,0.390167
SG_018175,0.128333
SG_018178,0.883283
SG_018181,0.688867
SG_018186,0.797217
SG_018188,0.157367
SG_018195,0.066383
SG_018198,0.878083
SG_018201,0.01245
SG_018206,0.927467
SG_018208,0.417833
SG_018214,0.897167
SG_018215,0.809167
SG_018216,0.811533
SG_018221,0.809567
SG_018224,0.492183
SG_018228,0.385067
SG_018229,0.379217
SG_018238,0.28205
SG_018241,0.532333
SG_018246,0.42905
SG_018247,0.196
SG_018252,0.867333
SG_018253,0.4917
SG_018259,0.7657
SG_018261,0.133183
SG_018263,0.92355
SG_018266,0.08875
SG_018269,0.6562
SG_018270,0.10845
SG_018276,0.258617
SG_018278,0.3048
SG_018281,0.222467
SG_018282,0.617533
SG_018284,0.74925
SG_018286,0.1188
SG_018287,0.4163
SG_018294,0.114217
SG_018297,0.9569
SG_018303,0.645883
SG_018305,0.848433
SG_018307,0.034867
SG_018312,0.832583
SG_018316,0.8458
SG_018321,0.038433
SG_018322,0.611483
SG_018325,0.292983
SG_018327,0.022467
SG_018330,0.541833
SG_018334,0.886083
SG_018336,0.3723
SG_018338,0.844183
SG_018341,0.388067
SG_018342,0.679267
SG_018347,0.170217
SG_018348,0.729517
SG_018351,0.680817
SG_018360,0.841267
SG_018361,0.073417
SG_018364,0.860683
SG_018366,0.862483
SG_018368,0.921283
SG_018372,0.501083
SG_018379,0.195767
SG_018381,0.182417
SG_018386,0.126683
SG_018387,0.668283
SG_018388,0.5897
SG_018394,0.951517
SG_018407,0.754517
SG_018410,0.5775
SG_018411,0.357933
SG_018417,0.189533
SG_018418,0.335017
SG_018420,0.439767
SG_018422,0.714833
SG_018424,0.5186
SG_018426,0.150017
SG_018427,0.52145
SG_018430,0.14155
SG_018433,0.86695
SG_018434,0.521883
SG_018436,0.728867
SG_018441,0.383983
SG_018442,0.713017
SG_018445,0.92
SG_018448,0.641
SG_018452,0.005667
SG_018455,0.440567
SG_018458,0.468133
SG_018462,0.6213
SG_018468,0.448667
SG_018469,0.552167
SG_018470,0.608833
SG_018471,0.409533
SG_018472,0.221467
SG_018474,0.019367
SG_018476,0.558967
SG_018481,0.840267
SG_018485,0.248983
SG_018487,0.705667
SG_018490,0.112383
SG_018491,0.584483
SG_018493,0.316883
SG_018494,0.459617
SG_018497,0.245917
SG_018501,0.306833
SG_018503,0.00745
SG_018505,0.14025
SG_018506,0.273533
SG_018510,0.743833
SG_018511,0.236667
SG_018514,0.475933
SG_018519,0.610233
SG_018520,0.128317
SG_018524,0.233567
SG_018525,0.0706
SG_018526,0.103117
SG_018529,0.587833
SG_018531,0.274183
SG_018534,0.806667
SG_018536,0.284283
SG_018537,0.53975
SG_018543,0.825383
SG_018544,0.614867
SG_018547,0.648633
SG_018548,0.454917
SG_018549,0.635383
SG_018553,0.3433
SG_018555,0.789333
SG_018558,0.64025
SG_018566,0.1857
SG_018568,0.740033
SG_018569,0.10135
SG_018573,0.173733
SG_018576,0.367433
SG_018579,0.0126
SG_018587,0.52295
SG_018591,0.315183
SG_018594,0.448983
SG_018601,0.7664
SG_018603,0.512
SG_018608,0.370383
SG_018611,0.60165
SG_018612,0.612617
SG_018615,0.23525
SG_018617,0.21535
SG_018621,0.880933
SG_018623,0.442333
SG_018624,0.641567
SG_018631,0.18305
SG_018636,0.60665
SG_018637,0.258733
SG_018639,0.790733
SG_018644,0.4883
SG_018645,0.90085
SG_018647,0.76635
SG_018650,0.252733
SG_018651,0.012317
SG_018662,0.82745
SG_018663,0.292583
SG_018664,0.728367
SG_018665,0.46515
SG_018670,0.941283
SG_018676,0.4944
SG_018677,0.049717
SG_018678,0.776667
SG_018680,0.346767
SG_018685,0.569317
SG_018686,0.891183
SG_018687,0.544817
SG_018688,0.457417
SG_018689,0.048183
SG_018693,0.184467
SG_018694,0.291467
SG_018697,0.547967
SG_018703,0.5027
SG_018705,0.762833
SG_018709,0.011817
SG_018710,0.9594
SG_018711,0.810367
SG_018717,0.3072
SG_018721,0.708883
SG_018722,0.5038
SG_018731,0.577367
SG_018733,0.672283
SG_018738,0.656917
SG_018744,0.918067
SG_018745,0.354467
SG_018748,0.192217
SG_018756,0.6796
SG_018758,0.584467
SG_018761,0.18395
SG_018765,0.69685
SG_018766,0.920667
SG_018767,0.239067
SG_018768,0.393633
SG_018770,0.104217
SG_018779,0.131733
SG_018787,0.467883
SG_018788,0.413033
SG_018789,0.773167
SG_018791,0.8971
SG_018792,0.396517
SG_018793,0.184917
SG_018798,0.90595
SG_018799,0.462783
SG_018800,0.5375
SG_018803,0.042783
SG_018806,0.969467
SG_018809,0.278433
SG_018811,0.301883
SG_018817,0.079883
SG_018818,0.294933
SG_018821,0.163567
SG_018822,0.153767
SG_018823,0.279083
SG_018826,0.675183
SG_018831,0.518983
SG_018834,0.421217
SG_018837,0.775133
SG_018838,0.932667
SG_018842,0.67785
SG_018843,0.787617
SG_018847,0.6172
SG_018850,0.3489
SG_018852,0.733967
SG_018853,0.255517
SG_018859,0.914383
SG_018861,0.4894
SG_018875,0.929967
SG_018883,0.108833
SG_018885,0.442517
SG_018889,0.2722
SG_018890,0.945633
SG_018894,0.636017
SG_018895,0.979317
SG_018899,0.1849
SG_018901,0.891833
SG_018902,0.650233
SG_018904,0.81215
SG_018905,0.601517
SG_018906,0.83305
SG_018907,0.549933
SG_018908,0.544967
SG_018915,0.341517
SG_018918,0.2978
SG_018920,0.76005
SG_018924,0.88695
SG_018928,0.54765
SG_018940,0.350183
SG_018941,0.396917
SG_018942,0.57915
SG_018965,0.55395
SG_018966,0.46775
SG_018968,0.132533
SG_018970,0.586417
SG_018972,0.1589
SG_018978,0.479583
SG_018981,0.0125
SG_018984,0.416733
SG_018990,0.294867
SG_019006,0.663283
SG_019012,0.49175
SG_019014,0.277
SG_019015,0.971567
SG_019016,0.737633
SG_019018,0.879467
SG_019019,0.171767
SG_019023,0.856667
SG_019028,0.94095
SG_019030,0.426533
SG_019036,0.612833
SG_019038,0.31945
SG_019039,0.9882
SG_019041,0.657417
SG_019042,0.259217
SG_019044,0.859667
SG_019051,0.267517
SG_019053,0.504717
SG_019054,0.40645
SG_019058,0.741667
SG_019069,0.085783
SG_019071,0.131533
SG_019082,0.767417
SG_019083,0.583417
SG_019084,0.51215
SG_019087,0.16605
SG_019092,0.01795
SG_019098,0.66585
SG_019102,0.996333
SG_019105,0.758533
SG_019106,0.3008
SG_019109,0.136783
SG_019115,0.34875
SG_019117,0.577833
SG_019119,0.38525
SG_019120,0.68635
SG_019131,0.191583
SG_019142,0.7426
SG_019146,0.514967
SG_019147,0.655733
SG_019149,0.106867
SG_019150,0.1185
SG_019162,0.6109
SG_019167,0.356717
SG_019169,0.16795
SG_019171,0.10225
SG_019176,0.88935
SG_019184,0.242433
SG_019187,0.534883
SG_019190,0.075967
SG_019197,0.461767
SG_019198,0.266367
SG_019201,0.137417
SG_019203,0.898467
SG_019204,0.483167
SG_019208,0.482483
SG_019209,0.254417
SG_019211,0.0264
SG_019212,0.911517
SG_019217,0.536517
SG_019221,0.042167
SG_019222,0.83315
SG_019223,0.111233
SG_019225,0.61555
SG_019237,0.670983
SG_019244,0.7204
SG_019245,0.620517
SG_019246,0.20135
SG_019247,0.588317
SG_019248,0.2365
SG_019249,0.488283
SG_019251,0.569717
SG_019253,0.1607
SG_019254,0.42195
SG_019255,0.20505
SG_019259,0.035633
SG_019265,0.477367
SG_019266,0.23015
SG_019267,0.817367
SG_019270,0.14215
SG_019271,0.0886
SG_019272,0.718583
SG_019273,0.276867
SG_019274,0.0129
SG_019275,0.3605
SG_019276,0.0368
SG_019282,0.36125
SG_019286,0.735467
SG_019289,0.539833
SG_019295,0.934617
SG_019296,0.879633
SG_019298,0.174767
SG_019300,0.3654
SG_019302,0.80795
SG_019311,0.84315
SG_019314,0.393283
SG_019315,0.3881
SG_019316,0.542983
SG_019321,0.082867
SG_019325,0.879
SG_019326,0.922933
SG_019328,0.295633
SG_019330,0.3367
SG_019333,0.365517
SG_019336,0.521483
SG_019339,0.41195
SG_019346,0.666533
SG_019352,0.629917
SG_019358,0.818133
SG_019362,0.996
SG_019368,0.163533
SG_019371,0.4717
SG_019373,0.8004
SG_019374,0.734117
SG_019375,0.1669
SG_019376,0.941233
SG_019386,0.350117
SG_019388,0.649933
SG_019394,0.89775
SG_019398,0.4387
SG_019408,0.696283
SG_019411,0.317033
SG_019419,0.940183
SG_019421,0.8557
SG_019425,0.422
SG_019427,0.37555
SG_019428,0.5614
SG_019431,0.04725
SG_019432,0.359417
SG_019433,0.279383
SG_019436,0.662467
SG_019437,0.824483
SG_019440,0.389883
SG_019442,0.473517
SG_019446,0.454333
SG_019447,0.233733
SG_019449,0.31535
SG_019452,0.407217
SG_019455,0.6156
SG_019456,0.220533
SG_019458,0.731367
SG_019466,0.277483
SG_019468,0.972933
SG_019470,0.893267
SG_019471,0.699367
SG_019473,0.170833
SG_019478,0.332917
SG_019485,0.91805
SG_019488,0.573217
SG_019489,0.629733
SG_019491,0.521267
SG_019496,0.737533
SG_019498,0.578583
SG_019510,0.933667
SG_019516,0.434283
SG_019519,0.122467
SG_019523,0.285467
SG_019527,0.568417
SG_019530,0.4918
SG_019532,0.719283
SG_019534,0.065017
SG_019540,0.701767
SG_019541,0.1929
SG_019543,0.3545
SG_019553,0.258583
SG_019558,0.609733
SG_019562,0.381517
SG_019563,0.37005
SG_019564,0.768617
SG_019567,0.631983
SG_019570,0.941567
SG_019577,0.179933
SG_019583,0.9518
SG_019585,0.9067
SG_019587,0.824567
SG_019588,0.036417
SG_019591,0.02225
SG_019593,0.292883
SG_019598,0.165767
SG_019599,0.464383
SG_019602,0.946617
SG_019609,0.48835
SG_019620,0.414683
SG_019621,0.1976
SG_019624,0.911633
SG_019625,0.587067
SG_019627,0.028083
SG_019635,0.020867
SG_019638,0.122067
SG_019639,0.184
SG_019642,0.8994
SG_019645,0.113917
SG_019647,0.914583
SG_019648,0.2053
SG_019650,0.070867
SG_019652,0.283967
SG_019654,0.60485
SG_019657,0.734483
SG_019660,0.168583
SG_019661,0.232317
SG_019662,0.510967
SG_019665,0.413817
SG_019666,0.758967
SG_019667,0.264917
SG_019676,0.84785
SG_019679,0.9547
SG_019680,0.935183
SG_019683,0.416183
SG_019689,0.404617
SG_019690,0.275783
SG_019691,0.38825
SG_019695,0.3682
SG_019698,0.101867
SG_019710,0.103383
SG_019711,0.840333
SG_019716,0.26955
SG_019724,0.447133
SG_019727,0.877817
SG_019728,0.447883
SG_019729,0.186467
SG_019733,0.96475
SG_019738,0.6394
SG_019740,0.1485
SG_019746,0.7286
SG_019747,0.93665
SG_019750,0.163417
SG_019755,0.691717
SG_019756,0.694917
SG_019761,0.091383
SG_019764,0.31375
SG_019766,0.400567
SG_019767,0.135933
SG_019769,0.63755
SG_019779,0.03155
SG_019782,0.071333
SG_019783,0.7941
SG_019784,0.12215
SG_019791,0.200033
SG_019792,0.662617
SG_019793,0.9262
SG_019797,0.045483
SG_019800,0.710533
SG_019801,0.566517
SG_019802,0.39175
SG_019804,0.3481
SG_019807,0.844867
SG_019809,0.726233
SG_019811,0.458183
SG_019812,0.494117
SG_019819,0.3865
SG_019828,0.380017
SG_019830,0.55075
SG_019832,0.445533
SG_019835,0.3659
SG_019838,0.191867
SG_019839,0.144983
SG_019842,0.91625
SG_019846,0.576833
SG_019849,0.001367
SG_019851,0.913483
SG_019852,0.151967
SG_019853,0.4945
SG_019854,0.678217
SG_019857,0.7611
SG_019858,0.90005
SG_019859,0.625567
SG_019864,0.6571
SG_019865,0.414817
SG_019868,0.30185
SG_019869,0.857533
SG_019873,0.428317
SG_019878,0.384533
SG_019883,0.915617
SG_019887,0.41225
SG_019888,0.100017
SG_019895,0.316933
SG_019900,0.046267
SG_019903,0.251283
SG_019906,0.622183
SG_019909,0.64895
SG_019910,0.367917
SG_019913,0.994667
SG_019914,0.270733
SG_019921,0.337817
SG_019923,0.796583
SG_019928,0.852733
SG_019930,0.80765
SG_019933,0.43725
SG_019939,0.1571
SG_019941,0.868883
SG_019944,0.314983
SG_019945,0.3913
SG_019947,0.1363
SG_019949,0.849133
SG_019950,0.603483
SG_019954,0.41675
SG_019955,0.873017
SG_019960,0.1876
SG_019961,0.762033
SG_019966,0.691433
SG_019968,0.8632
SG_019970,0.226667
SG_019973,0.040267
SG_019974,0.287983
SG_019976,0.622117
SG_019978,0.243133
SG_019980,0.193833
SG_019981,0.362417
SG_019983,0.783867
SG_019984,0.919367
SG_019985,0.526517
SG_019989,0.564117
SG_019994,0.5236
SG_019998,0.08875
SG_019999,0.8465
SG_020000,0.55765
